[tac] Building UI...

> @paperclipai/ui@0.0.1 build /Users/james/Dev/theagent-company/ui
> tsc -b && vite build

vite v6.4.1 building for production...
transforming...
✓ 4791 modules transformed.
rendering chunks...
computing gzip size...
dist/index.html                                           3.63 kB │ gzip:   1.16 kB
dist/assets/index-CRX0XPkM.css                          224.01 kB │ gzip:  35.69 kB
dist/assets/clone-By4Mf-Dy.js                             0.10 kB │ gzip:   0.11 kB
dist/assets/channel-wZG9CvA-.js                           0.11 kB │ gzip:   0.13 kB
dist/assets/init-Gi6I4Gst.js                              0.15 kB │ gzip:   0.13 kB
dist/assets/chunk-QZHKN3VN-C40tIgKG.js                    0.19 kB │ gzip:   0.16 kB
dist/assets/chunk-55IACEB6-BflGvu37.js                    0.24 kB │ gzip:   0.21 kB
dist/assets/chunk-4BX2VUAB-UACkyXXV.js                    0.30 kB │ gzip:   0.20 kB
dist/assets/diff-DbItnlRl.js                              0.31 kB │ gzip:   0.24 kB
dist/assets/chunk-FMBD7UC4-DSrmjrz5.js                    0.37 kB │ gzip:   0.27 kB
dist/assets/chunk-QN33PNHL-DD5YBgM4.js                    0.53 kB │ gzip:   0.37 kB
dist/assets/stateDiagram-v2-4FDKWEC3-CIHP0wE5.js          0.57 kB │ gzip:   0.36 kB
dist/assets/classDiagram-2ON5EDUG-DVKqHbFs.js             0.61 kB │ gzip:   0.37 kB
dist/assets/classDiagram-v2-WZHVMYZB-DVKqHbFs.js          0.61 kB │ gzip:   0.37 kB
dist/assets/brainfuck-C4LP7Hcl.js                         0.61 kB │ gzip:   0.33 kB
dist/assets/properties-C78fOPTZ.js                        0.67 kB │ gzip:   0.34 kB
dist/assets/cmake-BQqOBYOt.js                             0.78 kB │ gzip:   0.46 kB
dist/assets/asciiarmor-Df11BRmG.js                        0.79 kB │ gzip:   0.40 kB
dist/assets/http-DBlCnlav.js                              0.85 kB │ gzip:   0.42 kB
dist/assets/protobuf-ChK-085T.js                          0.86 kB │ gzip:   0.52 kB
dist/assets/solr-DehyRSwq.js                              0.87 kB │ gzip:   0.45 kB
dist/assets/infoDiagram-HS3SLOUP-CvhLwXgY.js              0.87 kB │ gzip:   0.53 kB
dist/assets/troff-wAsdV37c.js                             0.96 kB │ gzip:   0.44 kB
dist/assets/spreadsheet-BCZA_wO0.js                       1.14 kB │ gzip:   0.54 kB
dist/assets/toml-Bm5Em-hy.js                              1.14 kB │ gzip:   0.54 kB
dist/assets/ordinal-Cboi1Yqb.js                           1.19 kB │ gzip:   0.57 kB
dist/assets/mbox-CNhZ1qSd.js                              1.40 kB │ gzip:   0.65 kB
dist/assets/chunk-TZMSLE5B-CmwBE0AD.js                    1.44 kB │ gzip:   0.63 kB
dist/assets/sieve-C3Gn_uJK.js                             1.62 kB │ gzip:   0.77 kB
dist/assets/rpm-CTu-6PCP.js                               1.62 kB │ gzip:   0.82 kB
dist/assets/factor-kuTfRLto.js                            1.67 kB │ gzip:   0.61 kB
dist/assets/z80-Hz9HOZM7.js                               1.75 kB │ gzip:   0.81 kB
dist/assets/eiffel-CnydiIhH.js                            1.81 kB │ gzip:   0.91 kB
dist/assets/elm-vLlmbW-K.js                               1.89 kB │ gzip:   0.81 kB
dist/assets/mathematica-DTrFuWx2.js                       1.92 kB │ gzip:   0.81 kB
dist/assets/dockerfile-BKs6k2Af.js                        1.95 kB │ gzip:   0.67 kB
dist/assets/turtle-B1tBg_DP.js                            1.98 kB │ gzip:   0.90 kB
dist/assets/ebnf-CDyGwa7X.js                              1.99 kB │ gzip:   0.80 kB
dist/assets/smalltalk-CnHTOXQT.js                         2.01 kB │ gzip:   0.85 kB
dist/assets/dtd-DF_7sFjM.js                               2.06 kB │ gzip:   0.87 kB
dist/assets/mumps-BT43cFF4.js                             2.07 kB │ gzip:   0.98 kB
dist/assets/fcl-Kvtd6kyn.js                               2.08 kB │ gzip:   0.95 kB
dist/assets/ntriples-BfvgReVJ.js                          2.10 kB │ gzip:   0.74 kB
dist/assets/yacas-BJ4BC0dw.js                             2.15 kB │ gzip:   1.09 kB
dist/assets/simple-mode-GW_nhZxv.js                       2.28 kB │ gzip:   1.09 kB
dist/assets/apl-B4CMkyY2.js                               2.30 kB │ gzip:   1.20 kB
dist/assets/pascal--L3eBynH.js                            2.30 kB │ gzip:   1.19 kB
dist/assets/octave-Ck1zUtKM.js                            2.31 kB │ gzip:   1.09 kB
dist/assets/commonlisp-DBKNyK5s.js                        2.32 kB │ gzip:   1.09 kB
dist/assets/tcl-DVfN8rqt.js                               2.36 kB │ gzip:   1.22 kB
dist/assets/webidl-ZXfAyPTL.js                            2.52 kB │ gzip:   1.24 kB
dist/assets/pig-CevX1Tat.js                               2.53 kB │ gzip:   1.35 kB
dist/assets/puppet-DMA9R1ak.js                            2.54 kB │ gzip:   1.19 kB
dist/assets/forth-Ffai-XNe.js                             2.54 kB │ gzip:   1.31 kB
dist/assets/shell-CjFT_Tl9.js                             2.57 kB │ gzip:   1.20 kB
dist/assets/_basePickBy-C-iEoPla.js                       2.59 kB │ gzip:   1.29 kB
dist/assets/index-B3aRocCe.js                             2.59 kB │ gzip:   1.55 kB
dist/assets/velocity-D8B20fx6.js                          2.67 kB │ gzip:   1.11 kB
dist/assets/tiddlywiki-DO-Gjzrf.js                        2.78 kB │ gzip:   1.06 kB
dist/assets/modelica-Dc1JOy9r.js                          2.79 kB │ gzip:   1.28 kB
dist/assets/index-DlIc7f9N.js                             2.81 kB │ gzip:   1.54 kB
dist/assets/oz-BzwKVEFT.js                                2.90 kB │ gzip:   1.28 kB
dist/assets/r-B6wPVr8A.js                                 2.94 kB │ gzip:   1.36 kB
dist/assets/stex-C3f8Ysf7.js                              3.12 kB │ gzip:   1.20 kB
dist/assets/tiki-DGYXhP31.js                              3.25 kB │ gzip:   1.26 kB
dist/assets/vhdl-lSbBsy5d.js                              3.35 kB │ gzip:   1.51 kB
dist/assets/lua-BgMRiT3U.js                               3.40 kB │ gzip:   1.42 kB
dist/assets/arc-DkKKUlPv.js                               3.42 kB │ gzip:   1.45 kB
dist/assets/mscgen-BA5vi2Kp.js                            3.51 kB │ gzip:   0.97 kB
dist/assets/sparql-DkYu6x3z.js                            3.55 kB │ gzip:   1.61 kB
dist/assets/cypher-C_CwsFkJ.js                            3.56 kB │ gzip:   1.52 kB
dist/assets/index-KNBzeu1X.js                             3.58 kB │ gzip:   1.77 kB
dist/assets/d-pRatUO7H.js                                 3.72 kB │ gzip:   1.67 kB
dist/assets/coffeescript-S37ZYGWr.js                      3.87 kB │ gzip:   1.67 kB
dist/assets/vb-CmGdzxic.js                                3.90 kB │ gzip:   1.78 kB
dist/assets/swift-BzpIVaGY.js                             3.96 kB │ gzip:   1.78 kB
dist/assets/asn1-EdZsLKOL.js                              3.98 kB │ gzip:   1.92 kB
dist/assets/q-pXgVlZs6.js                                 4.03 kB │ gzip:   1.66 kB
dist/assets/ttcn-cfg-B9xdYoR4.js                          4.05 kB │ gzip:   1.69 kB
dist/assets/dylan-DwRh75JA.js                             4.05 kB │ gzip:   1.64 kB
dist/assets/livescript-BwQOo05w.js                        4.09 kB │ gzip:   1.62 kB
dist/assets/groovy-D9Dt4D0W.js                            4.14 kB │ gzip:   1.76 kB
dist/assets/haskell-Cw1EW3IL.js                           4.17 kB │ gzip:   1.86 kB
dist/assets/asterisk-B-8jnY81.js                          4.48 kB │ gzip:   1.78 kB
dist/assets/diagram-S2PKOQOG-B0kxebus.js                  4.52 kB │ gzip:   1.96 kB
dist/assets/gas-Bneqetm1.js                               4.57 kB │ gzip:   1.28 kB
dist/assets/fortran-DYz_wnZ1.js                           4.65 kB │ gzip:   2.00 kB
dist/assets/defaultLocale-DX6XiGOO.js                     4.69 kB │ gzip:   2.17 kB
dist/assets/mllike-CXdrOF99.js                            4.79 kB │ gzip:   1.54 kB
dist/assets/ttcn-CfJYG6tj.js                              4.80 kB │ gzip:   2.10 kB
dist/assets/ecl-Cabwm37j.js                               5.13 kB │ gzip:   2.29 kB
dist/assets/crystal-SjHAIU92.js                           5.13 kB │ gzip:   2.05 kB
dist/assets/ruby-B2Rjki9n.js                              5.16 kB │ gzip:   2.13 kB
dist/assets/index-BE68PGSU.js                             5.24 kB │ gzip:   2.44 kB
dist/assets/julia-DuME0IfC.js                             5.39 kB │ gzip:   2.12 kB
dist/assets/pieDiagram-ADFJNKIX-Br_gQ3sX.js               5.44 kB │ gzip:   2.41 kB
dist/assets/linear-BC7l3Wa6.js                            5.66 kB │ gzip:   2.31 kB
dist/assets/vbscript-BuJXcnF6.js                          5.82 kB │ gzip:   2.55 kB
dist/assets/mirc-CjQqDB4T.js                              5.92 kB │ gzip:   2.66 kB
dist/assets/graph-DldXMEhn.js                             5.92 kB │ gzip:   1.88 kB
dist/assets/cobol-CWcv1MsR.js                             6.20 kB │ gzip:   2.91 kB
dist/assets/diagram-QEK2KX5R-edLlUzca.js                  6.23 kB │ gzip:   2.61 kB
dist/assets/scheme-C41bIUwD.js                            6.37 kB │ gzip:   2.39 kB
dist/assets/python-BuPzkPfP.js                            6.48 kB │ gzip:   2.71 kB
dist/assets/xquery-DzFWVndE.js                            6.62 kB │ gzip:   2.56 kB
dist/assets/pug-DeIclll2.js                               6.67 kB │ gzip:   1.95 kB
dist/assets/textile-CnDTJFAw.js                           6.80 kB │ gzip:   2.43 kB
dist/assets/nsis-LdVXkNf5.js                              6.81 kB │ gzip:   2.96 kB
dist/assets/nginx-DdIZxoE0.js                             7.34 kB │ gzip:   2.73 kB
dist/assets/powershell-CFHJl5sT.js                        7.77 kB │ gzip:   3.30 kB
dist/assets/haxe-H-WmDvRZ.js                              7.89 kB │ gzip:   2.92 kB
dist/assets/erlang-BNw1qcRV.js                            8.10 kB │ gzip:   2.86 kB
dist/assets/verilog-C6RDOZhf.js                           8.24 kB │ gzip:   3.47 kB
dist/assets/sas-B4kiWyti.js                               9.33 kB │ gzip:   4.07 kB
dist/assets/perl-CdXCOZ3F.js                              9.75 kB │ gzip:   3.40 kB
dist/assets/gherkin-heZmZLOM.js                          10.16 kB │ gzip:   4.96 kB
dist/assets/stateDiagram-FKZM4ZOC-By8GZNHi.js            10.56 kB │ gzip:   3.71 kB
dist/assets/clojure-BMjYHr_A.js                          10.82 kB │ gzip:   3.96 kB
dist/assets/dagre-6UL2VRFP-CHr-6CQ9.js                   11.44 kB │ gzip:   4.28 kB
dist/assets/idl-BEugSyMb.js                              11.63 kB │ gzip:   4.54 kB
dist/assets/_baseUniq-CCF5VHeX.js                        11.90 kB │ gzip:   4.63 kB
dist/assets/index-C8ez8wDl.js                            12.87 kB │ gzip:   5.57 kB
dist/assets/index-Cm34QrG9.js                            14.97 kB │ gzip:   5.97 kB
dist/assets/diagram-PSM6KHXK-DEBxbcTW.js                 16.16 kB │ gzip:   5.78 kB
dist/assets/index-DPtZGn3V.js                            16.49 kB │ gzip:   7.31 kB
dist/assets/javascript-iXu5QeM3.js                       17.08 kB │ gzip:   5.72 kB
dist/assets/index-B_gdL_sc.js                            19.86 kB │ gzip:   9.14 kB
dist/assets/kanban-definition-3W4ZIXB7-D29VNF0b.js       20.78 kB │ gzip:   7.27 kB
dist/assets/index-BJGPBvtY.js                            21.09 kB │ gzip:   9.20 kB
dist/assets/mindmap-definition-VGOIOE7T-CYLLcWcI.js      21.21 kB │ gzip:   7.35 kB
dist/assets/clike-B9uivgTg.js                            22.30 kB │ gzip:   7.79 kB
dist/assets/sankeyDiagram-TZEHDZUN-BGvHsc3V.js           22.41 kB │ gzip:   8.20 kB
dist/assets/index-C-7k1RuN.js                            23.24 kB │ gzip:  10.09 kB
dist/assets/journeyDiagram-XKPGCS4Q-BguSKdap.js          23.72 kB │ gzip:   8.35 kB
dist/assets/timeline-definition-IT6M3QCI-D6rFCn8M.js     23.89 kB │ gzip:   8.31 kB
dist/assets/gitGraphDiagram-V2S2FVAM-DXmsXFxH.js         24.90 kB │ gzip:   7.66 kB
dist/assets/erDiagram-Q2GNP2WA-BhwWv_WM.js               25.52 kB │ gzip:   8.85 kB
dist/assets/stylus-B533Al4x.js                           25.80 kB │ gzip:   8.62 kB
dist/assets/index-1NuAxFIR.js                            26.03 kB │ gzip:  11.45 kB
dist/assets/index-CQEHK4dH.js                            26.39 kB │ gzip:   8.82 kB
dist/assets/css-BnMrqG3P.js                              27.13 kB │ gzip:   8.49 kB
dist/assets/layout-Boo0Jfjk.js                           27.39 kB │ gzip:   9.72 kB
dist/assets/index-Ci1DBG5E.js                            28.86 kB │ gzip:  11.46 kB
dist/assets/requirementDiagram-UZGBJVZJ-ZEJ1LAfL.js      30.44 kB │ gzip:   9.45 kB
dist/assets/index-MAS_GK6F.js                            30.97 kB │ gzip:  12.42 kB
dist/assets/index-BXuk4OsR.js                            32.50 kB │ gzip:  13.05 kB
dist/assets/quadrantDiagram-AYHSOK5B-BXaXjECN.js         34.50 kB │ gzip:  10.07 kB
dist/assets/chunk-DI55MBZ5-T0r9b0R-.js                   36.80 kB │ gzip:  11.85 kB
dist/assets/sql-D0XecflT.js                              37.05 kB │ gzip:  10.91 kB
dist/assets/xychartDiagram-PRI3JC2R-DaSFdHf-.js          40.39 kB │ gzip:  11.43 kB
dist/assets/index-DWH59qh6.js                            40.91 kB │ gzip:  16.24 kB
dist/assets/index-3TGFcfjq.js                            44.33 kB │ gzip:  15.39 kB
dist/assets/vendor-tanstack-BQnYIJK1.js                  44.72 kB │ gzip:  13.35 kB
dist/assets/index-BI_kLss6.js                            45.28 kB │ gzip:  18.73 kB
dist/assets/chunk-B4BG7PRW-DpvCXPgI.js                   45.41 kB │ gzip:  14.55 kB
dist/assets/vendor-dnd-D9flXMQ8.js                       50.12 kB │ gzip:  16.60 kB
dist/assets/vendor-i18n-DW_h4qpM.js                      57.07 kB │ gzip:  18.41 kB
dist/assets/flowDiagram-NV44I4VS-KJbOxrtC.js             61.29 kB │ gzip:  19.39 kB
dist/assets/ganttDiagram-JELNMOA3-C-3bVvQ8.js            68.48 kB │ gzip:  22.95 kB
dist/assets/c4Diagram-YG6GDRKO-BC9DRS7Z.js               70.34 kB │ gzip:  19.62 kB
dist/assets/index-Cj9fLK28.js                            70.98 kB │ gzip:  25.16 kB
dist/assets/blockDiagram-VD42YOAC-CIW0N5-u.js            73.33 kB │ gzip:  20.75 kB
dist/assets/cose-bilkent-S5V4N54A-Gm0IHOfk.js            81.89 kB │ gzip:  22.47 kB
dist/assets/index-D9tnTq2H.js                            86.81 kB │ gzip:  33.63 kB
dist/assets/index-CdUbFHv9.js                            98.03 kB │ gzip:  28.03 kB
dist/assets/sequenceDiagram-WL72ISMW-DdTpU9wA.js         98.31 kB │ gzip:  26.86 kB
dist/assets/index-CeXidF4m.js                           100.73 kB │ gzip:  32.62 kB
dist/assets/vendor-radix-Crnr0C0f.js                    118.34 kB │ gzip:  36.18 kB
dist/assets/architectureDiagram-VXUJARFQ-CHlVDllU.js    149.14 kB │ gzip:  42.00 kB
dist/assets/katex-O9d3_IXG.js                           258.51 kB │ gzip:  76.54 kB
dist/assets/cytoscape.esm-BQaXIfA_.js                   442.44 kB │ gzip: 141.29 kB
dist/assets/treemap-GDKQZRPO-KvsCbPI6.js                454.87 kB │ gzip: 107.69 kB
dist/assets/vendor-react-CJhteRp4.js                    477.93 kB │ gzip: 152.31 kB
dist/assets/mermaid.core-BiiFtJ3O.js                    498.96 kB │ gzip: 139.36 kB
dist/assets/index-DsNncD5_.js                         2,160.35 kB │ gzip: 598.97 kB
✓ built in 8.68s
[tac] Starting server...

> @paperclipai/server@0.3.1 dev:watch /Users/james/Dev/theagent-company/server
> cross-env PAPERCLIP_MIGRATION_PROMPT=never PAPERCLIP_MIGRATION_AUTO_APPLY=true tsx watch --ignore ../ui/node_modules --ignore ../ui/.vite --ignore ../ui/dist src/index.ts

[11:29:38] [32mINFO[39m: [36mUsing embedded PostgreSQL because no DATABASE_URL set (dataDir=/Users/james/.paperclip/instances/default/db, port=54329)[39m
[11:29:38] [32mINFO[39m: [36mEmbedded PostgreSQL cluster already exists (/Users/james/.paperclip/instances/default/db/PG_VERSION); skipping init[39m

[36m██████╗  █████╗ ██████╗ ███████╗██████╗  ██████╗██╗     ██╗██████╗ [0m
[36m██╔══██╗██╔══██╗██╔══██╗██╔════╝██╔══██╗██╔════╝██║     ██║██╔══██╗[0m
[36m██████╔╝███████║██████╔╝█████╗  ██████╔╝██║     ██║     ██║██████╔╝[0m
[36m██╔═══╝ ██╔══██║██╔═══╝ ██╔══╝  ██╔══██╗██║     ██║     ██║██╔═══╝ [0m
[36m██║     ██║  ██║██║     ███████╗██║  ██║╚██████╗███████╗██║██║     [0m
[36m╚═╝     ╚═╝  ╚═╝╚═╝     ╚══════╝╚═╝  ╚═╝ ╚═════╝╚══════╝╚═╝╚═╝     [0m
[34m  ───────────────────────────────────────────────────────[0m
[2mMode            [0m [32membedded-postgres[0m  |  [35mstatic-ui[0m
[2mDeploy          [0m authenticated (private)
[2mAuth            [0m [32mready[0m
[2mServer          [0m 3100
[2mAPI             [0m http://localhost:3100/api [2m(health: http://localhost:3100/api/health)[0m
[2mUI              [0m http://localhost:3100
[2mDatabase        [0m /Users/james/.paperclip/instances/default/db [2m(pg:54329)[0m
[2mMigrations      [0m already applied
[2mAgent JWT       [0m [32mset[0m
[2mHeartbeat       [0m enabled [2m(30000ms)[0m
[2mDB Backup       [0m enabled [2m(every 60m, keep 30d)[0m
[2mBackup Dir      [0m /Users/james/.paperclip/instances/default/data/backups
[2mConfig          [0m /Users/james/.paperclip/instances/default/config.json
[34m  ───────────────────────────────────────────────────────[0m

[11:29:38] [32mINFO[39m: [36mEmbedded PostgreSQL ready[39m
[11:29:38] [32mINFO[39m: [36mAuthenticated mode auth origin configuration[39m [90m{"authBaseUrlMode":"auto","authPublicBaseUrl":null,"trustedOrigins":["https://zifeis-mac-mini.tailf9f88d.ts.net","http://zifeis-mac-mini.tailf9f88d.ts.net"],"trustedOriginsSource":{"derived":2,"env":0}}[39m
[11:29:38] [32mINFO[39m: [36mplugin job coordinator started — listening to lifecycle events[39m [90m{"service":"plugin-job-coordinator"}[39m
[11:29:38] [32mINFO[39m: [36mplugin job scheduler started[39m [90m{"service":"plugin-job-scheduler","tickIntervalMs":30000,"maxConcurrentJobs":10}[39m
[11:29:38] [32mINFO[39m: [36minitializing plugin tool dispatcher[39m [90m{"service":"plugin-tool-dispatcher"}[39m
[11:29:38] [32mINFO[39m: [36mplugin-loader: loading all ready plugins[39m [90m{"service":"plugin-loader"}[39m
[11:29:38] [32mINFO[39m: [36mAutomatic database backups enabled[39m [90m{"intervalMinutes":60,"retentionDays":30,"backupDir":"/Users/james/.paperclip/instances/default/data/backups"}[39m
[11:29:38] [32mINFO[39m: [36mServer listening on 0.0.0.0:3100[39m
[11:29:38] [32mINFO[39m: [36mloaded tools from ready plugins[39m [90m{"service":"plugin-tool-dispatcher","readyPlugins":0,"registeredTools":0}[39m
[11:29:38] [32mINFO[39m: [36mplugin tool dispatcher initialized[39m [90m{"service":"plugin-tool-dispatcher","totalTools":0}[39m
[11:29:38] [32mINFO[39m: [36mplugin-loader: no ready plugins to load[39m [90m{"service":"plugin-loader"}[39m
[11:29:38] [33mWARN[39m: [36mreaped orphaned heartbeat runs[39m [90m{"reapedCount":1,"runIds":["58b045b9-682f-4fe1-adf7-1dcbd5ab2b65"]}[39m
[11:29:39] [32mINFO[39m: [36mGET /heartbeat-runs/58b045b9-682f-4fe1-adf7-1dcbd5ab2b65/log?offset=21758&limitBytes=256000 200[39m
[11:29:39] [32mINFO[39m: [36mGET /heartbeat-runs/032bb982-ef73-4656-aa77-36e0ba353a42/log?offset=24080&limitBytes=256000 200[39m
[11:29:39] [32mINFO[39m: [36mGET /heartbeat-runs/cf32563d-2372-4a10-813c-ca65a320db03/log?offset=22887&limitBytes=256000 200[39m
[11:29:39] [32mINFO[39m: [36mGET /heartbeat-runs/f0bd646b-4bba-4cda-86c4-506d8a0ee9b6/log?offset=24082&limitBytes=256000 200[39m
[11:29:41] [32mINFO[39m: [36mGET /heartbeat-runs/032bb982-ef73-4656-aa77-36e0ba353a42/log?offset=24080&limitBytes=256000 304[39m
[11:29:41] [32mINFO[39m: [36mGET /heartbeat-runs/58b045b9-682f-4fe1-adf7-1dcbd5ab2b65/log?offset=21758&limitBytes=256000 304[39m
[11:29:41] [32mINFO[39m: [36mGET /heartbeat-runs/cf32563d-2372-4a10-813c-ca65a320db03/log?offset=22887&limitBytes=256000 304[39m
[11:29:41] [32mINFO[39m: [36mGET /heartbeat-runs/f0bd646b-4bba-4cda-86c4-506d8a0ee9b6/log?offset=24082&limitBytes=256000 304[39m
[11:29:43] [32mINFO[39m: [36mGET /heartbeat-runs/58b045b9-682f-4fe1-adf7-1dcbd5ab2b65/log?offset=21758&limitBytes=256000 304[39m
[11:29:43] [32mINFO[39m: [36mGET /heartbeat-runs/cf32563d-2372-4a10-813c-ca65a320db03/log?offset=22887&limitBytes=256000 304[39m
[11:29:43] [32mINFO[39m: [36mGET /heartbeat-runs/f0bd646b-4bba-4cda-86c4-506d8a0ee9b6/log?offset=24082&limitBytes=256000 304[39m
[11:29:43] [32mINFO[39m: [36mGET /heartbeat-runs/032bb982-ef73-4656-aa77-36e0ba353a42/log?offset=24080&limitBytes=256000 304[39m
[11:29:45] [32mINFO[39m: [36mGET /heartbeat-runs/cf32563d-2372-4a10-813c-ca65a320db03/log?offset=22887&limitBytes=256000 304[39m
[11:29:45] [32mINFO[39m: [36mGET /heartbeat-runs/58b045b9-682f-4fe1-adf7-1dcbd5ab2b65/log?offset=21758&limitBytes=256000 304[39m
[11:29:45] [32mINFO[39m: [36mGET /heartbeat-runs/f0bd646b-4bba-4cda-86c4-506d8a0ee9b6/log?offset=24082&limitBytes=256000 304[39m
[11:29:45] [32mINFO[39m: [36mGET /heartbeat-runs/032bb982-ef73-4656-aa77-36e0ba353a42/log?offset=24080&limitBytes=256000 304[39m
[11:29:47] [32mINFO[39m: [36mGET / 200[39m
[11:29:47] [32mINFO[39m: [36mGET /heartbeat-runs/032bb982-ef73-4656-aa77-36e0ba353a42/log?offset=24080&limitBytes=256000 304[39m
[11:29:47] [32mINFO[39m: [36mGET /heartbeat-runs/cf32563d-2372-4a10-813c-ca65a320db03/log?offset=22887&limitBytes=256000 304[39m
[11:29:47] [32mINFO[39m: [36mGET /heartbeat-runs/58b045b9-682f-4fe1-adf7-1dcbd5ab2b65/log?offset=21758&limitBytes=256000 304[39m
[11:29:47] [32mINFO[39m: [36mGET /heartbeat-runs/f0bd646b-4bba-4cda-86c4-506d8a0ee9b6/log?offset=24082&limitBytes=256000 304[39m
[11:29:49] [32mINFO[39m: [36mGET /heartbeat-runs/58b045b9-682f-4fe1-adf7-1dcbd5ab2b65/log?offset=21758&limitBytes=256000 304[39m
[11:29:49] [32mINFO[39m: [36mGET /heartbeat-runs/032bb982-ef73-4656-aa77-36e0ba353a42/log?offset=24080&limitBytes=256000 304[39m
[11:29:49] [32mINFO[39m: [36mGET /heartbeat-runs/cf32563d-2372-4a10-813c-ca65a320db03/log?offset=22887&limitBytes=256000 304[39m
[11:29:49] [32mINFO[39m: [36mGET /heartbeat-runs/f0bd646b-4bba-4cda-86c4-506d8a0ee9b6/log?offset=24082&limitBytes=256000 304[39m
[11:29:51] [32mINFO[39m: [36mGET /heartbeat-runs/58b045b9-682f-4fe1-adf7-1dcbd5ab2b65/log?offset=21758&limitBytes=256000 304[39m
[11:29:51] [32mINFO[39m: [36mGET /heartbeat-runs/cf32563d-2372-4a10-813c-ca65a320db03/log?offset=22887&limitBytes=256000 304[39m
[11:29:51] [32mINFO[39m: [36mGET /heartbeat-runs/f0bd646b-4bba-4cda-86c4-506d8a0ee9b6/log?offset=24082&limitBytes=256000 304[39m
[11:29:51] [32mINFO[39m: [36mGET /heartbeat-runs/032bb982-ef73-4656-aa77-36e0ba353a42/log?offset=24080&limitBytes=256000 304[39m
[11:29:53] [32mINFO[39m: [36mGET /heartbeat-runs/58b045b9-682f-4fe1-adf7-1dcbd5ab2b65/log?offset=21758&limitBytes=256000 304[39m
[11:29:53] [32mINFO[39m: [36mGET /heartbeat-runs/cf32563d-2372-4a10-813c-ca65a320db03/log?offset=22887&limitBytes=256000 304[39m
[11:29:53] [32mINFO[39m: [36mGET /heartbeat-runs/f0bd646b-4bba-4cda-86c4-506d8a0ee9b6/log?offset=24082&limitBytes=256000 304[39m
[11:29:53] [32mINFO[39m: [36mGET /heartbeat-runs/032bb982-ef73-4656-aa77-36e0ba353a42/log?offset=24080&limitBytes=256000 304[39m
[11:29:55] [32mINFO[39m: [36mGET /heartbeat-runs/032bb982-ef73-4656-aa77-36e0ba353a42/log?offset=24080&limitBytes=256000 304[39m
[11:29:55] [32mINFO[39m: [36mGET /heartbeat-runs/cf32563d-2372-4a10-813c-ca65a320db03/log?offset=22887&limitBytes=256000 304[39m
[11:29:55] [32mINFO[39m: [36mGET /heartbeat-runs/58b045b9-682f-4fe1-adf7-1dcbd5ab2b65/log?offset=21758&limitBytes=256000 304[39m
[11:29:55] [32mINFO[39m: [36mGET /heartbeat-runs/f0bd646b-4bba-4cda-86c4-506d8a0ee9b6/log?offset=24082&limitBytes=256000 304[39m
[11:29:57] [32mINFO[39m: [36mGET /heartbeat-runs/58b045b9-682f-4fe1-adf7-1dcbd5ab2b65/log?offset=21758&limitBytes=256000 304[39m
[11:29:57] [32mINFO[39m: [36mGET /heartbeat-runs/032bb982-ef73-4656-aa77-36e0ba353a42/log?offset=24080&limitBytes=256000 304[39m
[11:29:57] [32mINFO[39m: [36mGET /heartbeat-runs/cf32563d-2372-4a10-813c-ca65a320db03/log?offset=22887&limitBytes=256000 304[39m
[11:29:57] [32mINFO[39m: [36mGET /heartbeat-runs/f0bd646b-4bba-4cda-86c4-506d8a0ee9b6/log?offset=24082&limitBytes=256000 304[39m
[11:29:59] [32mINFO[39m: [36mGET /heartbeat-runs/58b045b9-682f-4fe1-adf7-1dcbd5ab2b65/log?offset=21758&limitBytes=256000 304[39m
[11:29:59] [32mINFO[39m: [36mGET /heartbeat-runs/cf32563d-2372-4a10-813c-ca65a320db03/log?offset=22887&limitBytes=256000 304[39m
[11:29:59] [32mINFO[39m: [36mGET /heartbeat-runs/032bb982-ef73-4656-aa77-36e0ba353a42/log?offset=24080&limitBytes=256000 304[39m
[11:29:59] [32mINFO[39m: [36mGET /heartbeat-runs/f0bd646b-4bba-4cda-86c4-506d8a0ee9b6/log?offset=24082&limitBytes=256000 304[39m
[11:30:01] [32mINFO[39m: [36mGET /heartbeat-runs/f0bd646b-4bba-4cda-86c4-506d8a0ee9b6/log?offset=24082&limitBytes=256000 304[39m
[11:30:01] [32mINFO[39m: [36mGET /heartbeat-runs/58b045b9-682f-4fe1-adf7-1dcbd5ab2b65/log?offset=21758&limitBytes=256000 304[39m
[11:30:01] [32mINFO[39m: [36mGET /heartbeat-runs/cf32563d-2372-4a10-813c-ca65a320db03/log?offset=22887&limitBytes=256000 304[39m
[11:30:01] [32mINFO[39m: [36mGET /heartbeat-runs/032bb982-ef73-4656-aa77-36e0ba353a42/log?offset=24080&limitBytes=256000 304[39m
[11:30:03] [32mINFO[39m: [36mGET /heartbeat-runs/58b045b9-682f-4fe1-adf7-1dcbd5ab2b65/log?offset=21758&limitBytes=256000 304[39m
[11:30:03] [32mINFO[39m: [36mGET /heartbeat-runs/032bb982-ef73-4656-aa77-36e0ba353a42/log?offset=24080&limitBytes=256000 304[39m
[11:30:03] [32mINFO[39m: [36mGET /heartbeat-runs/cf32563d-2372-4a10-813c-ca65a320db03/log?offset=22887&limitBytes=256000 304[39m
[11:30:03] [32mINFO[39m: [36mGET /heartbeat-runs/f0bd646b-4bba-4cda-86c4-506d8a0ee9b6/log?offset=24082&limitBytes=256000 304[39m
[11:30:05] [32mINFO[39m: [36mGET /heartbeat-runs/f0bd646b-4bba-4cda-86c4-506d8a0ee9b6/log?offset=24082&limitBytes=256000 304[39m
[11:30:05] [32mINFO[39m: [36mGET /heartbeat-runs/032bb982-ef73-4656-aa77-36e0ba353a42/log?offset=24080&limitBytes=256000 304[39m
[11:30:05] [32mINFO[39m: [36mGET /heartbeat-runs/58b045b9-682f-4fe1-adf7-1dcbd5ab2b65/log?offset=21758&limitBytes=256000 304[39m
[11:30:05] [32mINFO[39m: [36mGET /heartbeat-runs/cf32563d-2372-4a10-813c-ca65a320db03/log?offset=22887&limitBytes=256000 304[39m
[11:30:07] [32mINFO[39m: [36mGET /heartbeat-runs/cf32563d-2372-4a10-813c-ca65a320db03/log?offset=22887&limitBytes=256000 304[39m
[11:30:07] [32mINFO[39m: [36mGET /heartbeat-runs/58b045b9-682f-4fe1-adf7-1dcbd5ab2b65/log?offset=21758&limitBytes=256000 304[39m
[11:30:07] [32mINFO[39m: [36mGET /heartbeat-runs/f0bd646b-4bba-4cda-86c4-506d8a0ee9b6/log?offset=24082&limitBytes=256000 304[39m
[11:30:07] [32mINFO[39m: [36mGET /heartbeat-runs/032bb982-ef73-4656-aa77-36e0ba353a42/log?offset=24080&limitBytes=256000 304[39m
[11:30:09] [32mINFO[39m: [36mGET /heartbeat-runs/cf32563d-2372-4a10-813c-ca65a320db03/log?offset=22887&limitBytes=256000 304[39m
[11:30:09] [32mINFO[39m: [36mGET /heartbeat-runs/58b045b9-682f-4fe1-adf7-1dcbd5ab2b65/log?offset=21758&limitBytes=256000 304[39m
[11:30:09] [32mINFO[39m: [36mGET /heartbeat-runs/032bb982-ef73-4656-aa77-36e0ba353a42/log?offset=24080&limitBytes=256000 304[39m
[11:30:09] [32mINFO[39m: [36mGET /heartbeat-runs/f0bd646b-4bba-4cda-86c4-506d8a0ee9b6/log?offset=24082&limitBytes=256000 304[39m
[11:30:11] [32mINFO[39m: [36mGET /heartbeat-runs/032bb982-ef73-4656-aa77-36e0ba353a42/log?offset=24080&limitBytes=256000 304[39m
[11:30:11] [32mINFO[39m: [36mGET /heartbeat-runs/58b045b9-682f-4fe1-adf7-1dcbd5ab2b65/log?offset=21758&limitBytes=256000 304[39m
[11:30:11] [32mINFO[39m: [36mGET /heartbeat-runs/f0bd646b-4bba-4cda-86c4-506d8a0ee9b6/log?offset=24082&limitBytes=256000 304[39m
[11:30:11] [32mINFO[39m: [36mGET /heartbeat-runs/cf32563d-2372-4a10-813c-ca65a320db03/log?offset=22887&limitBytes=256000 304[39m
[11:30:13] [32mINFO[39m: [36mGET /heartbeat-runs/032bb982-ef73-4656-aa77-36e0ba353a42/log?offset=24080&limitBytes=256000 304[39m
[11:30:13] [32mINFO[39m: [36mGET /heartbeat-runs/58b045b9-682f-4fe1-adf7-1dcbd5ab2b65/log?offset=21758&limitBytes=256000 304[39m
[11:30:13] [32mINFO[39m: [36mGET /heartbeat-runs/f0bd646b-4bba-4cda-86c4-506d8a0ee9b6/log?offset=24082&limitBytes=256000 304[39m
[11:30:13] [32mINFO[39m: [36mGET /heartbeat-runs/cf32563d-2372-4a10-813c-ca65a320db03/log?offset=22887&limitBytes=256000 304[39m
[11:30:15] [32mINFO[39m: [36mGET /heartbeat-runs/58b045b9-682f-4fe1-adf7-1dcbd5ab2b65/log?offset=21758&limitBytes=256000 304[39m
[11:30:15] [32mINFO[39m: [36mGET /heartbeat-runs/cf32563d-2372-4a10-813c-ca65a320db03/log?offset=22887&limitBytes=256000 304[39m
[11:30:15] [32mINFO[39m: [36mGET /heartbeat-runs/032bb982-ef73-4656-aa77-36e0ba353a42/log?offset=24080&limitBytes=256000 304[39m
[11:30:15] [32mINFO[39m: [36mGET /heartbeat-runs/f0bd646b-4bba-4cda-86c4-506d8a0ee9b6/log?offset=24082&limitBytes=256000 304[39m
[11:30:17] [32mINFO[39m: [36mGET /heartbeat-runs/58b045b9-682f-4fe1-adf7-1dcbd5ab2b65/log?offset=21758&limitBytes=256000 304[39m
[11:30:17] [32mINFO[39m: [36mGET /heartbeat-runs/032bb982-ef73-4656-aa77-36e0ba353a42/log?offset=24080&limitBytes=256000 304[39m
[11:30:17] [32mINFO[39m: [36mGET /heartbeat-runs/f0bd646b-4bba-4cda-86c4-506d8a0ee9b6/log?offset=24082&limitBytes=256000 304[39m
[11:30:17] [32mINFO[39m: [36mGET /heartbeat-runs/cf32563d-2372-4a10-813c-ca65a320db03/log?offset=22887&limitBytes=256000 304[39m
[11:30:19] [32mINFO[39m: [36mGET /heartbeat-runs/58b045b9-682f-4fe1-adf7-1dcbd5ab2b65/log?offset=21758&limitBytes=256000 304[39m
[11:30:19] [32mINFO[39m: [36mGET /heartbeat-runs/f0bd646b-4bba-4cda-86c4-506d8a0ee9b6/log?offset=24082&limitBytes=256000 304[39m
[11:30:19] [32mINFO[39m: [36mGET /heartbeat-runs/032bb982-ef73-4656-aa77-36e0ba353a42/log?offset=24080&limitBytes=256000 304[39m
[11:30:19] [32mINFO[39m: [36mGET /heartbeat-runs/cf32563d-2372-4a10-813c-ca65a320db03/log?offset=22887&limitBytes=256000 304[39m
[11:30:21] [32mINFO[39m: [36mGET /heartbeat-runs/032bb982-ef73-4656-aa77-36e0ba353a42/log?offset=24080&limitBytes=256000 304[39m
[11:30:21] [32mINFO[39m: [36mGET /heartbeat-runs/f0bd646b-4bba-4cda-86c4-506d8a0ee9b6/log?offset=24082&limitBytes=256000 304[39m
[11:30:21] [32mINFO[39m: [36mGET /heartbeat-runs/58b045b9-682f-4fe1-adf7-1dcbd5ab2b65/log?offset=21758&limitBytes=256000 304[39m
[11:30:21] [32mINFO[39m: [36mGET /heartbeat-runs/cf32563d-2372-4a10-813c-ca65a320db03/log?offset=22887&limitBytes=256000 304[39m
[11:30:23] [32mINFO[39m: [36mGET /heartbeat-runs/cf32563d-2372-4a10-813c-ca65a320db03/log?offset=22887&limitBytes=256000 304[39m
[11:30:23] [32mINFO[39m: [36mGET /heartbeat-runs/58b045b9-682f-4fe1-adf7-1dcbd5ab2b65/log?offset=21758&limitBytes=256000 304[39m
[11:30:23] [32mINFO[39m: [36mGET /heartbeat-runs/f0bd646b-4bba-4cda-86c4-506d8a0ee9b6/log?offset=24082&limitBytes=256000 304[39m
[11:30:23] [32mINFO[39m: [36mGET /heartbeat-runs/032bb982-ef73-4656-aa77-36e0ba353a42/log?offset=24080&limitBytes=256000 304[39m
[11:30:25] [32mINFO[39m: [36mGET /heartbeat-runs/58b045b9-682f-4fe1-adf7-1dcbd5ab2b65/log?offset=21758&limitBytes=256000 304[39m
[11:30:25] [32mINFO[39m: [36mGET /heartbeat-runs/032bb982-ef73-4656-aa77-36e0ba353a42/log?offset=24080&limitBytes=256000 304[39m
[11:30:25] [32mINFO[39m: [36mGET /heartbeat-runs/cf32563d-2372-4a10-813c-ca65a320db03/log?offset=22887&limitBytes=256000 304[39m
[11:30:25] [32mINFO[39m: [36mGET /heartbeat-runs/f0bd646b-4bba-4cda-86c4-506d8a0ee9b6/log?offset=24082&limitBytes=256000 304[39m
[11:30:27] [32mINFO[39m: [36mGET /heartbeat-runs/cf32563d-2372-4a10-813c-ca65a320db03/log?offset=22887&limitBytes=256000 304[39m
[11:30:27] [32mINFO[39m: [36mGET /heartbeat-runs/58b045b9-682f-4fe1-adf7-1dcbd5ab2b65/log?offset=21758&limitBytes=256000 304[39m
[11:30:27] [32mINFO[39m: [36mGET /heartbeat-runs/032bb982-ef73-4656-aa77-36e0ba353a42/log?offset=24080&limitBytes=256000 304[39m
[11:30:27] [32mINFO[39m: [36mGET /heartbeat-runs/f0bd646b-4bba-4cda-86c4-506d8a0ee9b6/log?offset=24082&limitBytes=256000 304[39m
[11:31:13] [32mINFO[39m: [36mGET /heartbeat-runs/58b045b9-682f-4fe1-adf7-1dcbd5ab2b65/log?offset=21758&limitBytes=256000 304[39m
[11:31:13] [32mINFO[39m: [36mGET /heartbeat-runs/032bb982-ef73-4656-aa77-36e0ba353a42/log?offset=24080&limitBytes=256000 304[39m
[11:31:13] [32mINFO[39m: [36mGET /heartbeat-runs/f0bd646b-4bba-4cda-86c4-506d8a0ee9b6/log?offset=24082&limitBytes=256000 304[39m
[11:31:13] [32mINFO[39m: [36mGET /heartbeat-runs/cf32563d-2372-4a10-813c-ca65a320db03/log?offset=22887&limitBytes=256000 304[39m
[11:32:13] [32mINFO[39m: [36mGET /heartbeat-runs/58b045b9-682f-4fe1-adf7-1dcbd5ab2b65/log?offset=21758&limitBytes=256000 304[39m
[11:32:13] [32mINFO[39m: [36mGET /heartbeat-runs/032bb982-ef73-4656-aa77-36e0ba353a42/log?offset=24080&limitBytes=256000 304[39m
[11:32:13] [32mINFO[39m: [36mGET /heartbeat-runs/cf32563d-2372-4a10-813c-ca65a320db03/log?offset=22887&limitBytes=256000 304[39m
[11:32:13] [32mINFO[39m: [36mGET /heartbeat-runs/f0bd646b-4bba-4cda-86c4-506d8a0ee9b6/log?offset=24082&limitBytes=256000 304[39m
[11:33:13] [32mINFO[39m: [36mGET /heartbeat-runs/58b045b9-682f-4fe1-adf7-1dcbd5ab2b65/log?offset=21758&limitBytes=256000 304[39m
[11:33:13] [32mINFO[39m: [36mGET /heartbeat-runs/032bb982-ef73-4656-aa77-36e0ba353a42/log?offset=24080&limitBytes=256000 304[39m
[11:33:13] [32mINFO[39m: [36mGET /heartbeat-runs/cf32563d-2372-4a10-813c-ca65a320db03/log?offset=22887&limitBytes=256000 304[39m
[11:33:13] [32mINFO[39m: [36mGET /heartbeat-runs/f0bd646b-4bba-4cda-86c4-506d8a0ee9b6/log?offset=24082&limitBytes=256000 304[39m
[11:34:13] [32mINFO[39m: [36mGET /heartbeat-runs/032bb982-ef73-4656-aa77-36e0ba353a42/log?offset=24080&limitBytes=256000 304[39m
[11:34:13] [32mINFO[39m: [36mGET /heartbeat-runs/58b045b9-682f-4fe1-adf7-1dcbd5ab2b65/log?offset=21758&limitBytes=256000 304[39m
[11:34:13] [32mINFO[39m: [36mGET /heartbeat-runs/cf32563d-2372-4a10-813c-ca65a320db03/log?offset=22887&limitBytes=256000 304[39m
[11:34:13] [32mINFO[39m: [36mGET /heartbeat-runs/f0bd646b-4bba-4cda-86c4-506d8a0ee9b6/log?offset=24082&limitBytes=256000 304[39m
[11:34:52] [32mINFO[39m: [36mGET /api/auth/get-session 304[39m
[11:34:52] [32mINFO[39m: [36mGET / 304[39m
[11:34:52] [32mINFO[39m: [36mGET /plugins/ui-contributions 304[39m
[11:34:52] [32mINFO[39m: [36mGET /companies/b9e2b5c9-9f24-49ca-bf0e-be3a6832453d/live-runs 200[39m
[11:34:52] [32mINFO[39m: [36mGET /heartbeat-runs/032bb982-ef73-4656-aa77-36e0ba353a42/log?offset=24080&limitBytes=256000 304[39m
[11:34:52] [32mINFO[39m: [36mGET /heartbeat-runs/cf32563d-2372-4a10-813c-ca65a320db03/log?offset=22887&limitBytes=256000 304[39m
[11:34:52] [32mINFO[39m: [36mGET /heartbeat-runs/f0bd646b-4bba-4cda-86c4-506d8a0ee9b6/log?offset=24082&limitBytes=256000 304[39m
[11:34:52] [32mINFO[39m: [36mGET /heartbeat-runs/58b045b9-682f-4fe1-adf7-1dcbd5ab2b65/log?offset=21758&limitBytes=256000 304[39m
[11:34:52] [32mINFO[39m: [36mGET /companies/b9e2b5c9-9f24-49ca-bf0e-be3a6832453d/join-requests?status=pending_approval 304[39m
[11:34:52] [32mINFO[39m: [36mGET /companies/b9e2b5c9-9f24-49ca-bf0e-be3a6832453d/live-runs?minCount=4 200[39m
[11:34:52] [32mINFO[39m: [36mGET /companies/b9e2b5c9-9f24-49ca-bf0e-be3a6832453d/approvals 304[39m
[11:34:52] [32mINFO[39m: [36mGET /heartbeat-runs/032bb982-ef73-4656-aa77-36e0ba353a42/log?offset=24080&limitBytes=256000 304[39m
[11:34:52] [32mINFO[39m: [36mGET /heartbeat-runs/cf32563d-2372-4a10-813c-ca65a320db03/log?offset=22887&limitBytes=256000 304[39m
[11:34:52] [32mINFO[39m: [36mGET /heartbeat-runs/f0bd646b-4bba-4cda-86c4-506d8a0ee9b6/log?offset=24082&limitBytes=256000 304[39m
[11:34:52] [32mINFO[39m: [36mGET /heartbeat-runs/58b045b9-682f-4fe1-adf7-1dcbd5ab2b65/log?offset=21758&limitBytes=256000 304[39m
[11:34:52] [32mINFO[39m: [36mGET /companies/b9e2b5c9-9f24-49ca-bf0e-be3a6832453d/activity 304[39m
[11:34:52] [32mINFO[39m: [36mGET /companies/b9e2b5c9-9f24-49ca-bf0e-be3a6832453d/issues 304[39m
[11:34:52] [32mINFO[39m: [36mGET / 304[39m
[11:34:52] [32mINFO[39m: [36mGET /companies/b9e2b5c9-9f24-49ca-bf0e-be3a6832453d/agents 200[39m
[11:34:52] [32mINFO[39m: [36mGET /companies/b9e2b5c9-9f24-49ca-bf0e-be3a6832453d/projects 304[39m
[11:34:52] [32mINFO[39m: [36mGET /companies/b9e2b5c9-9f24-49ca-bf0e-be3a6832453d/issues?status=backlog%2Ctodo%2Cin_progress%2Cin_review%2Cblocked%2Cdone&touchedByUserId=me 304[39m
[11:34:52] [32mINFO[39m: [36mGET /companies/b9e2b5c9-9f24-49ca-bf0e-be3a6832453d/sidebar-badges 200[39m
[11:34:52] [32mINFO[39m: [36mGET /companies/b9e2b5c9-9f24-49ca-bf0e-be3a6832453d/dashboard 200[39m
[11:34:52] [32mINFO[39m: [36mGET /companies/b9e2b5c9-9f24-49ca-bf0e-be3a6832453d/heartbeat-runs 200[39m
[11:34:53] [32mINFO[39m: [36mGET /ORR/dashboard 200[39m
[11:34:53] [32mINFO[39m: [36mGET /assets/vendor-tanstack-BQnYIJK1.js 200[39m
[11:34:53] [32mINFO[39m: [36mGET /assets/vendor-radix-Crnr0C0f.js 200[39m
[11:34:53] [32mINFO[39m: [36mGET /assets/vendor-dnd-D9flXMQ8.js 200[39m
[11:34:53] [32mINFO[39m: [36mGET /assets/vendor-i18n-DW_h4qpM.js 200[39m
[11:34:53] [32mINFO[39m: [36mGET /assets/index-CRX0XPkM.css 200[39m
[11:34:53] [32mINFO[39m: [36mGET /assets/vendor-react-CJhteRp4.js 200[39m
[11:34:53] [32mINFO[39m: [36mGET /assets/index-DsNncD5_.js 200[39m
[11:34:53] [32mINFO[39m: [36mGET / 200[39m
[11:34:53] [32mINFO[39m: [36mGET /api/auth/get-session 200[39m
[11:34:53] [32mINFO[39m: [36mGET /favicon.svg 200[39m
[11:34:53] [32mINFO[39m: [36mGET / 200[39m
[11:34:53] [32mINFO[39m: [36mGET /plugins/ui-contributions 304[39m
[11:34:53] [32mINFO[39m: [36mGET /companies/b9e2b5c9-9f24-49ca-bf0e-be3a6832453d/approvals 304[39m
[11:34:53] [32mINFO[39m: [36mGET /companies/b9e2b5c9-9f24-49ca-bf0e-be3a6832453d/heartbeat-runs 304[39m
[11:34:53] [32mINFO[39m: [36mGET /companies/b9e2b5c9-9f24-49ca-bf0e-be3a6832453d/activity 304[39m
[11:34:53] [32mINFO[39m: [36mGET /companies/b9e2b5c9-9f24-49ca-bf0e-be3a6832453d/agents 304[39m
[11:34:53] [32mINFO[39m: [36mGET /companies/b9e2b5c9-9f24-49ca-bf0e-be3a6832453d/live-runs 304[39m
[11:34:53] [32mINFO[39m: [36mGET /companies/b9e2b5c9-9f24-49ca-bf0e-be3a6832453d/projects 304[39m
[11:34:53] [32mINFO[39m: [36mGET /companies/b9e2b5c9-9f24-49ca-bf0e-be3a6832453d/issues 304[39m
[11:34:53] [32mINFO[39m: [36mGET /companies/b9e2b5c9-9f24-49ca-bf0e-be3a6832453d/join-requests?status=pending_approval 304[39m
[11:34:53] [32mINFO[39m: [36mGET /companies/b9e2b5c9-9f24-49ca-bf0e-be3a6832453d/issues?status=backlog%2Ctodo%2Cin_progress%2Cin_review%2Cblocked%2Cdone&touchedByUserId=me 304[39m
[11:34:53] [32mINFO[39m: [36mGET /companies/b9e2b5c9-9f24-49ca-bf0e-be3a6832453d/dashboard 304[39m
[11:34:53] [32mINFO[39m: [36mGET /companies/b9e2b5c9-9f24-49ca-bf0e-be3a6832453d/sidebar-badges 304[39m
[11:34:53] [32mINFO[39m: [36mGET /companies/b9e2b5c9-9f24-49ca-bf0e-be3a6832453d/live-runs?minCount=4 304[39m
[11:34:53] [32mINFO[39m: [36mGET /heartbeat-runs/cf32563d-2372-4a10-813c-ca65a320db03/log?offset=0&limitBytes=256000 304[39m
[11:34:53] [32mINFO[39m: [36mGET /heartbeat-runs/f0bd646b-4bba-4cda-86c4-506d8a0ee9b6/log?offset=0&limitBytes=256000 304[39m
[11:34:53] [32mINFO[39m: [36mGET /heartbeat-runs/58b045b9-682f-4fe1-adf7-1dcbd5ab2b65/log?offset=0&limitBytes=256000 200[39m
[11:34:53] [32mINFO[39m: [36mGET /heartbeat-runs/032bb982-ef73-4656-aa77-36e0ba353a42/log?offset=0&limitBytes=256000 304[39m
[11:34:54] [32mINFO[39m: [36mGET /ORR/dashboard 200[39m
[11:34:55] [32mINFO[39m: [36mGET /assets/vendor-i18n-DW_h4qpM.js 200[39m
[11:34:55] [32mINFO[39m: [36mGET /assets/vendor-tanstack-BQnYIJK1.js 200[39m
[11:34:55] [32mINFO[39m: [36mGET /assets/vendor-dnd-D9flXMQ8.js 200[39m
[11:34:55] [32mINFO[39m: [36mGET /assets/vendor-radix-Crnr0C0f.js 200[39m
[11:34:55] [32mINFO[39m: [36mGET /assets/vendor-react-CJhteRp4.js 200[39m
[11:34:55] [32mINFO[39m: [36mGET /assets/index-CRX0XPkM.css 200[39m
[11:34:55] [32mINFO[39m: [36mGET /assets/index-DsNncD5_.js 200[39m
[11:34:55] [32mINFO[39m: [36mGET /api/auth/get-session 200[39m
[11:34:55] [32mINFO[39m: [36mGET / 200[39m
[11:34:55] [32mINFO[39m: [36mGET /favicon.svg 200[39m
[11:34:55] [32mINFO[39m: [36mGET / 200[39m
[11:34:55] [32mINFO[39m: [36mGET /plugins/ui-contributions 304[39m
[11:34:55] [32mINFO[39m: [36mGET /companies/b9e2b5c9-9f24-49ca-bf0e-be3a6832453d/live-runs 304[39m
[11:34:55] [32mINFO[39m: [36mGET /companies/b9e2b5c9-9f24-49ca-bf0e-be3a6832453d/approvals 304[39m
[11:34:55] [32mINFO[39m: [36mGET /companies/b9e2b5c9-9f24-49ca-bf0e-be3a6832453d/agents 304[39m
[11:34:55] [32mINFO[39m: [36mGET /companies/b9e2b5c9-9f24-49ca-bf0e-be3a6832453d/heartbeat-runs 304[39m
[11:34:55] [32mINFO[39m: [36mGET /companies/b9e2b5c9-9f24-49ca-bf0e-be3a6832453d/activity 304[39m
[11:34:55] [32mINFO[39m: [36mGET /companies/b9e2b5c9-9f24-49ca-bf0e-be3a6832453d/issues 304[39m
[11:34:55] [32mINFO[39m: [36mGET /companies/b9e2b5c9-9f24-49ca-bf0e-be3a6832453d/join-requests?status=pending_approval 304[39m
[11:34:55] [32mINFO[39m: [36mGET /companies/b9e2b5c9-9f24-49ca-bf0e-be3a6832453d/projects 304[39m
[11:34:55] [32mINFO[39m: [36mGET /companies/b9e2b5c9-9f24-49ca-bf0e-be3a6832453d/issues?status=backlog%2Ctodo%2Cin_progress%2Cin_review%2Cblocked%2Cdone&touchedByUserId=me 304[39m
[11:34:55] [32mINFO[39m: [36mGET /companies/b9e2b5c9-9f24-49ca-bf0e-be3a6832453d/dashboard 304[39m
[11:34:55] [32mINFO[39m: [36mGET /companies/b9e2b5c9-9f24-49ca-bf0e-be3a6832453d/sidebar-badges 304[39m
[11:34:55] [32mINFO[39m: [36mGET /companies/b9e2b5c9-9f24-49ca-bf0e-be3a6832453d/live-runs?minCount=4 304[39m
[11:34:55] [32mINFO[39m: [36mGET /heartbeat-runs/58b045b9-682f-4fe1-adf7-1dcbd5ab2b65/log?offset=0&limitBytes=256000 304[39m
[11:34:55] [32mINFO[39m: [36mGET /heartbeat-runs/032bb982-ef73-4656-aa77-36e0ba353a42/log?offset=0&limitBytes=256000 304[39m
[11:34:55] [32mINFO[39m: [36mGET /heartbeat-runs/cf32563d-2372-4a10-813c-ca65a320db03/log?offset=0&limitBytes=256000 304[39m
[11:34:55] [32mINFO[39m: [36mGET /heartbeat-runs/f0bd646b-4bba-4cda-86c4-506d8a0ee9b6/log?offset=0&limitBytes=256000 304[39m
[11:35:05] [32mINFO[39m: [36mGET /companies/b9e2b5c9-9f24-49ca-bf0e-be3a6832453d/live-runs 304[39m
[11:35:10] [32mINFO[39m: [36mGET /companies/b9e2b5c9-9f24-49ca-bf0e-be3a6832453d/sidebar-badges 304[39m
[11:35:15] [32mINFO[39m: [36mGET /companies/b9e2b5c9-9f24-49ca-bf0e-be3a6832453d/live-runs 304[39m
[11:35:25] [32mINFO[39m: [36mGET /companies/b9e2b5c9-9f24-49ca-bf0e-be3a6832453d/live-runs 304[39m
[11:35:25] [32mINFO[39m: [36mGET /companies/b9e2b5c9-9f24-49ca-bf0e-be3a6832453d/sidebar-badges 304[39m
[11:35:33] [32mINFO[39m: [36mGET / 200[39m
[11:35:33] [32mINFO[39m: [36mGET /assets/vendor-tanstack-BQnYIJK1.js 200[39m
[11:35:33] [32mINFO[39m: [36mGET /assets/vendor-radix-Crnr0C0f.js 200[39m
[11:35:33] [32mINFO[39m: [36mGET /assets/vendor-i18n-DW_h4qpM.js 200[39m
[11:35:33] [32mINFO[39m: [36mGET /assets/index-CRX0XPkM.css 200[39m
[11:35:33] [32mINFO[39m: [36mGET /assets/vendor-react-CJhteRp4.js 200[39m
[11:35:33] [32mINFO[39m: [36mGET /assets/index-DsNncD5_.js 200[39m
[11:35:33] [32mINFO[39m: [36mGET /assets/vendor-dnd-D9flXMQ8.js 200[39m
[11:35:33] [33mWARN[39m: [36mGET /api/auth/get-session 401[39m [90m{"routePath":"/api/auth/get-session"}[39m
[11:35:33] [32mINFO[39m: [36mGET / 200[39m
[11:35:33] [33mWARN[39m: [36mGET /api/companies 403[39m [90m{"routePath":"/"}[39m
[11:35:35] [32mINFO[39m: [36mGET /sw.js 200[39m
[11:35:35] [32mINFO[39m: [36mGET /companies/b9e2b5c9-9f24-49ca-bf0e-be3a6832453d/live-runs 304[39m
[11:35:40] [32mINFO[39m: [36mGET /companies/b9e2b5c9-9f24-49ca-bf0e-be3a6832453d/sidebar-badges 304[39m
[11:35:45] [32mINFO[39m: [36mGET /companies/b9e2b5c9-9f24-49ca-bf0e-be3a6832453d/live-runs 304[39m
[11:35:55] [32mINFO[39m: [36mGET /companies/b9e2b5c9-9f24-49ca-bf0e-be3a6832453d/sidebar-badges 304[39m
[11:35:55] [32mINFO[39m: [36mGET /companies/b9e2b5c9-9f24-49ca-bf0e-be3a6832453d/live-runs 304[39m
[11:36:01] [32mINFO[39m: [36mPOST /api/auth/sign-in/email 200[39m
[11:36:01] [32mINFO[39m: [36mGET /api/auth/get-session 200[39m
[11:36:01] [32mINFO[39m: [36mGET / 200[39m
[11:36:01] [32mINFO[39m: [36mGET /companies/b9e2b5c9-9f24-49ca-bf0e-be3a6832453d/live-runs 200[39m
[11:36:01] [32mINFO[39m: [36mGET /plugins/ui-contributions 200[39m
[11:36:01] [32mINFO[39m: [36mGET /companies/b9e2b5c9-9f24-49ca-bf0e-be3a6832453d/approvals 200[39m
[11:36:01] [32mINFO[39m: [36mGET /companies/b9e2b5c9-9f24-49ca-bf0e-be3a6832453d/join-requests?status=pending_approval 200[39m
[11:36:01] [32mINFO[39m: [36mGET /companies/b9e2b5c9-9f24-49ca-bf0e-be3a6832453d/projects 200[39m
[11:36:01] [32mINFO[39m: [36mGET /companies/b9e2b5c9-9f24-49ca-bf0e-be3a6832453d/heartbeat-runs 200[39m
[11:36:01] [32mINFO[39m: [36mGET /companies/b9e2b5c9-9f24-49ca-bf0e-be3a6832453d/agents 200[39m
[11:36:01] [32mINFO[39m: [36mGET /companies/b9e2b5c9-9f24-49ca-bf0e-be3a6832453d/activity 200[39m
[11:36:01] [32mINFO[39m: [36mGET /companies/b9e2b5c9-9f24-49ca-bf0e-be3a6832453d/sidebar-badges 200[39m
[11:36:01] [32mINFO[39m: [36mGET /companies/b9e2b5c9-9f24-49ca-bf0e-be3a6832453d/issues?status=backlog%2Ctodo%2Cin_progress%2Cin_review%2Cblocked%2Cdone&touchedByUserId=me 200[39m
[11:36:01] [32mINFO[39m: [36mGET /companies/b9e2b5c9-9f24-49ca-bf0e-be3a6832453d/dashboard 200[39m
[11:36:01] [32mINFO[39m: [36mGET /companies/b9e2b5c9-9f24-49ca-bf0e-be3a6832453d/issues 200[39m
[11:36:01] [32mINFO[39m: [36mGET /companies/b9e2b5c9-9f24-49ca-bf0e-be3a6832453d/live-runs?minCount=4 200[39m
[11:36:01] [32mINFO[39m: [36mGET /heartbeat-runs/cf32563d-2372-4a10-813c-ca65a320db03/log?offset=0&limitBytes=256000 200[39m
[11:36:01] [32mINFO[39m: [36mGET /heartbeat-runs/58b045b9-682f-4fe1-adf7-1dcbd5ab2b65/log?offset=0&limitBytes=256000 200[39m
[11:36:01] [32mINFO[39m: [36mGET /heartbeat-runs/032bb982-ef73-4656-aa77-36e0ba353a42/log?offset=0&limitBytes=256000 200[39m
[11:36:01] [32mINFO[39m: [36mGET /heartbeat-runs/f0bd646b-4bba-4cda-86c4-506d8a0ee9b6/log?offset=0&limitBytes=256000 200[39m
[11:36:03] [32mINFO[39m: [36mGET /heartbeat-runs/58b045b9-682f-4fe1-adf7-1dcbd5ab2b65/log?offset=21758&limitBytes=256000 200[39m
[11:36:03] [32mINFO[39m: [36mGET /heartbeat-runs/cf32563d-2372-4a10-813c-ca65a320db03/log?offset=22887&limitBytes=256000 200[39m
[11:36:03] [32mINFO[39m: [36mGET /heartbeat-runs/032bb982-ef73-4656-aa77-36e0ba353a42/log?offset=24080&limitBytes=256000 200[39m
[11:36:03] [32mINFO[39m: [36mGET /heartbeat-runs/f0bd646b-4bba-4cda-86c4-506d8a0ee9b6/log?offset=24082&limitBytes=256000 200[39m
[11:36:05] [32mINFO[39m: [36mGET /companies/b9e2b5c9-9f24-49ca-bf0e-be3a6832453d/live-runs 304[39m
[11:36:05] [32mINFO[39m: [36mGET /heartbeat-runs/f0bd646b-4bba-4cda-86c4-506d8a0ee9b6/log?offset=24082&limitBytes=256000 304[39m
[11:36:05] [32mINFO[39m: [36mGET /heartbeat-runs/58b045b9-682f-4fe1-adf7-1dcbd5ab2b65/log?offset=21758&limitBytes=256000 304[39m
[11:36:05] [32mINFO[39m: [36mGET /heartbeat-runs/032bb982-ef73-4656-aa77-36e0ba353a42/log?offset=24080&limitBytes=256000 304[39m
[11:36:05] [32mINFO[39m: [36mGET /heartbeat-runs/cf32563d-2372-4a10-813c-ca65a320db03/log?offset=22887&limitBytes=256000 304[39m
[11:36:07] [32mINFO[39m: [36mGET /ORR/dashboard 200[39m
[11:36:07] [32mINFO[39m: [36mGET /assets/index-DsNncD5_.js 304[39m
[11:36:07] [32mINFO[39m: [36mGET /assets/vendor-react-CJhteRp4.js 304[39m
[11:36:07] [32mINFO[39m: [36mGET /assets/vendor-tanstack-BQnYIJK1.js 304[39m
[11:36:07] [32mINFO[39m: [36mGET /assets/vendor-radix-Crnr0C0f.js 304[39m
[11:36:07] [32mINFO[39m: [36mGET /assets/vendor-dnd-D9flXMQ8.js 304[39m
[11:36:07] [32mINFO[39m: [36mGET /assets/vendor-i18n-DW_h4qpM.js 304[39m
[11:36:07] [32mINFO[39m: [36mGET /assets/index-CRX0XPkM.css 304[39m
[11:36:07] [32mINFO[39m: [36mGET /api/auth/get-session 304[39m
[11:36:07] [32mINFO[39m: [36mGET / 304[39m
[11:36:07] [32mINFO[39m: [36mGET /favicon.svg 200[39m
[11:36:07] [32mINFO[39m: [36mGET / 304[39m
[11:36:07] [32mINFO[39m: [36mGET /companies/b9e2b5c9-9f24-49ca-bf0e-be3a6832453d/approvals 304[39m
[11:36:07] [32mINFO[39m: [36mGET /plugins/ui-contributions 304[39m
[11:36:07] [32mINFO[39m: [36mGET /companies/b9e2b5c9-9f24-49ca-bf0e-be3a6832453d/join-requests?status=pending_approval 304[39m
[11:36:07] [32mINFO[39m: [36mGET /companies/b9e2b5c9-9f24-49ca-bf0e-be3a6832453d/heartbeat-runs 304[39m
[11:36:07] [32mINFO[39m: [36mGET /companies/b9e2b5c9-9f24-49ca-bf0e-be3a6832453d/projects 304[39m
[11:36:07] [32mINFO[39m: [36mGET /companies/b9e2b5c9-9f24-49ca-bf0e-be3a6832453d/live-runs 304[39m
[11:36:07] [32mINFO[39m: [36mGET /companies/b9e2b5c9-9f24-49ca-bf0e-be3a6832453d/dashboard 304[39m
[11:36:07] [32mINFO[39m: [36mGET /companies/b9e2b5c9-9f24-49ca-bf0e-be3a6832453d/activity 304[39m
[11:36:07] [32mINFO[39m: [36mGET /companies/b9e2b5c9-9f24-49ca-bf0e-be3a6832453d/agents 304[39m
[11:36:07] [32mINFO[39m: [36mGET /companies/b9e2b5c9-9f24-49ca-bf0e-be3a6832453d/issues?status=backlog%2Ctodo%2Cin_progress%2Cin_review%2Cblocked%2Cdone&touchedByUserId=me 304[39m
[11:36:07] [32mINFO[39m: [36mGET /companies/b9e2b5c9-9f24-49ca-bf0e-be3a6832453d/issues 304[39m
[11:36:07] [32mINFO[39m: [36mGET /companies/b9e2b5c9-9f24-49ca-bf0e-be3a6832453d/live-runs?minCount=4 304[39m
[11:36:07] [32mINFO[39m: [36mGET /companies/b9e2b5c9-9f24-49ca-bf0e-be3a6832453d/sidebar-badges 304[39m
[11:36:07] [32mINFO[39m: [36mGET /heartbeat-runs/58b045b9-682f-4fe1-adf7-1dcbd5ab2b65/log?offset=0&limitBytes=256000 304[39m
[11:36:07] [32mINFO[39m: [36mGET /heartbeat-runs/032bb982-ef73-4656-aa77-36e0ba353a42/log?offset=0&limitBytes=256000 304[39m
[11:36:07] [32mINFO[39m: [36mGET /heartbeat-runs/cf32563d-2372-4a10-813c-ca65a320db03/log?offset=0&limitBytes=256000 304[39m
[11:36:07] [32mINFO[39m: [36mGET /heartbeat-runs/f0bd646b-4bba-4cda-86c4-506d8a0ee9b6/log?offset=0&limitBytes=256000 304[39m
[11:36:08] [32mINFO[39m: [36mGET /sw.js 304[39m
[11:36:09] [32mINFO[39m: [36mGET /heartbeat-runs/cf32563d-2372-4a10-813c-ca65a320db03/log?offset=22887&limitBytes=256000 304[39m
[11:36:09] [32mINFO[39m: [36mGET /heartbeat-runs/58b045b9-682f-4fe1-adf7-1dcbd5ab2b65/log?offset=21758&limitBytes=256000 304[39m
[11:36:09] [32mINFO[39m: [36mGET /heartbeat-runs/f0bd646b-4bba-4cda-86c4-506d8a0ee9b6/log?offset=24082&limitBytes=256000 304[39m
[11:36:09] [32mINFO[39m: [36mGET /heartbeat-runs/032bb982-ef73-4656-aa77-36e0ba353a42/log?offset=24080&limitBytes=256000 304[39m
[11:36:10] [32mINFO[39m: [36mGET /companies/b9e2b5c9-9f24-49ca-bf0e-be3a6832453d/sidebar-badges 304[39m
[11:36:11] [32mINFO[39m: [36mGET /heartbeat-runs/58b045b9-682f-4fe1-adf7-1dcbd5ab2b65/log?offset=21758&limitBytes=256000 304[39m
[11:36:11] [32mINFO[39m: [36mGET /heartbeat-runs/032bb982-ef73-4656-aa77-36e0ba353a42/log?offset=24080&limitBytes=256000 304[39m
[11:36:11] [32mINFO[39m: [36mGET /heartbeat-runs/f0bd646b-4bba-4cda-86c4-506d8a0ee9b6/log?offset=24082&limitBytes=256000 304[39m
[11:36:11] [32mINFO[39m: [36mGET /heartbeat-runs/cf32563d-2372-4a10-813c-ca65a320db03/log?offset=22887&limitBytes=256000 304[39m
[11:36:13] [32mINFO[39m: [36mGET /heartbeat-runs/f0bd646b-4bba-4cda-86c4-506d8a0ee9b6/log?offset=24082&limitBytes=256000 304[39m
[11:36:13] [32mINFO[39m: [36mGET /heartbeat-runs/58b045b9-682f-4fe1-adf7-1dcbd5ab2b65/log?offset=21758&limitBytes=256000 304[39m
[11:36:13] [32mINFO[39m: [36mGET /heartbeat-runs/032bb982-ef73-4656-aa77-36e0ba353a42/log?offset=24080&limitBytes=256000 304[39m
[11:36:13] [32mINFO[39m: [36mGET /heartbeat-runs/cf32563d-2372-4a10-813c-ca65a320db03/log?offset=22887&limitBytes=256000 304[39m
[11:36:15] [32mINFO[39m: [36mGET /heartbeat-runs/58b045b9-682f-4fe1-adf7-1dcbd5ab2b65/log?offset=21758&limitBytes=256000 304[39m
[11:36:15] [32mINFO[39m: [36mGET /heartbeat-runs/cf32563d-2372-4a10-813c-ca65a320db03/log?offset=22887&limitBytes=256000 304[39m
[11:36:15] [32mINFO[39m: [36mGET /heartbeat-runs/f0bd646b-4bba-4cda-86c4-506d8a0ee9b6/log?offset=24082&limitBytes=256000 304[39m
[11:36:15] [32mINFO[39m: [36mGET /heartbeat-runs/032bb982-ef73-4656-aa77-36e0ba353a42/log?offset=24080&limitBytes=256000 304[39m
[11:36:15] [32mINFO[39m: [36mGET /companies/b9e2b5c9-9f24-49ca-bf0e-be3a6832453d/live-runs 304[39m
[11:36:17] [32mINFO[39m: [36mGET /companies/b9e2b5c9-9f24-49ca-bf0e-be3a6832453d/live-runs 304[39m
[11:36:17] [32mINFO[39m: [36mGET /heartbeat-runs/58b045b9-682f-4fe1-adf7-1dcbd5ab2b65/log?offset=21758&limitBytes=256000 304[39m
[11:36:17] [32mINFO[39m: [36mGET /heartbeat-runs/032bb982-ef73-4656-aa77-36e0ba353a42/log?offset=24080&limitBytes=256000 304[39m
[11:36:17] [32mINFO[39m: [36mGET /heartbeat-runs/f0bd646b-4bba-4cda-86c4-506d8a0ee9b6/log?offset=24082&limitBytes=256000 304[39m
[11:36:17] [32mINFO[39m: [36mGET /heartbeat-runs/cf32563d-2372-4a10-813c-ca65a320db03/log?offset=22887&limitBytes=256000 304[39m
[11:36:19] [32mINFO[39m: [36mGET /heartbeat-runs/58b045b9-682f-4fe1-adf7-1dcbd5ab2b65/log?offset=21758&limitBytes=256000 304[39m
[11:36:19] [32mINFO[39m: [36mGET /heartbeat-runs/f0bd646b-4bba-4cda-86c4-506d8a0ee9b6/log?offset=24082&limitBytes=256000 304[39m
[11:36:19] [32mINFO[39m: [36mGET /heartbeat-runs/cf32563d-2372-4a10-813c-ca65a320db03/log?offset=22887&limitBytes=256000 304[39m
[11:36:19] [32mINFO[39m: [36mGET /heartbeat-runs/032bb982-ef73-4656-aa77-36e0ba353a42/log?offset=24080&limitBytes=256000 304[39m
[11:36:21] [32mINFO[39m: [36mGET /heartbeat-runs/58b045b9-682f-4fe1-adf7-1dcbd5ab2b65/log?offset=21758&limitBytes=256000 304[39m
[11:36:21] [32mINFO[39m: [36mGET /heartbeat-runs/f0bd646b-4bba-4cda-86c4-506d8a0ee9b6/log?offset=24082&limitBytes=256000 304[39m
[11:36:21] [32mINFO[39m: [36mGET /heartbeat-runs/032bb982-ef73-4656-aa77-36e0ba353a42/log?offset=24080&limitBytes=256000 304[39m
[11:36:21] [32mINFO[39m: [36mGET /heartbeat-runs/cf32563d-2372-4a10-813c-ca65a320db03/log?offset=22887&limitBytes=256000 304[39m
[11:36:22] [32mINFO[39m: [36mGET /companies/b9e2b5c9-9f24-49ca-bf0e-be3a6832453d/sidebar-badges 304[39m
[11:36:23] [32mINFO[39m: [36mGET /heartbeat-runs/cf32563d-2372-4a10-813c-ca65a320db03/log?offset=22887&limitBytes=256000 304[39m
[11:36:23] [32mINFO[39m: [36mGET /heartbeat-runs/58b045b9-682f-4fe1-adf7-1dcbd5ab2b65/log?offset=21758&limitBytes=256000 304[39m
[11:36:23] [32mINFO[39m: [36mGET /heartbeat-runs/032bb982-ef73-4656-aa77-36e0ba353a42/log?offset=24080&limitBytes=256000 304[39m
[11:36:23] [32mINFO[39m: [36mGET /heartbeat-runs/f0bd646b-4bba-4cda-86c4-506d8a0ee9b6/log?offset=24082&limitBytes=256000 304[39m
[11:36:25] [32mINFO[39m: [36mGET /heartbeat-runs/58b045b9-682f-4fe1-adf7-1dcbd5ab2b65/log?offset=21758&limitBytes=256000 304[39m
[11:36:25] [32mINFO[39m: [36mGET /heartbeat-runs/032bb982-ef73-4656-aa77-36e0ba353a42/log?offset=24080&limitBytes=256000 304[39m
[11:36:25] [32mINFO[39m: [36mGET /heartbeat-runs/cf32563d-2372-4a10-813c-ca65a320db03/log?offset=22887&limitBytes=256000 304[39m
[11:36:25] [32mINFO[39m: [36mGET /heartbeat-runs/f0bd646b-4bba-4cda-86c4-506d8a0ee9b6/log?offset=24082&limitBytes=256000 304[39m
[11:36:25] [32mINFO[39m: [36mGET /companies/b9e2b5c9-9f24-49ca-bf0e-be3a6832453d/live-runs 304[39m
[11:36:25] [32mINFO[39m: [36mGET /companies/b9e2b5c9-9f24-49ca-bf0e-be3a6832453d/sidebar-badges 304[39m
[11:36:27] [32mINFO[39m: [36mGET /companies/b9e2b5c9-9f24-49ca-bf0e-be3a6832453d/live-runs 304[39m
[11:36:27] [32mINFO[39m: [36mGET /heartbeat-runs/58b045b9-682f-4fe1-adf7-1dcbd5ab2b65/log?offset=21758&limitBytes=256000 304[39m
[11:36:27] [32mINFO[39m: [36mGET /heartbeat-runs/cf32563d-2372-4a10-813c-ca65a320db03/log?offset=22887&limitBytes=256000 304[39m
[11:36:27] [32mINFO[39m: [36mGET /heartbeat-runs/032bb982-ef73-4656-aa77-36e0ba353a42/log?offset=24080&limitBytes=256000 304[39m
[11:36:27] [32mINFO[39m: [36mGET /heartbeat-runs/f0bd646b-4bba-4cda-86c4-506d8a0ee9b6/log?offset=24082&limitBytes=256000 304[39m
[11:36:29] [32mINFO[39m: [36mGET /heartbeat-runs/58b045b9-682f-4fe1-adf7-1dcbd5ab2b65/log?offset=21758&limitBytes=256000 304[39m
[11:36:29] [32mINFO[39m: [36mGET /heartbeat-runs/032bb982-ef73-4656-aa77-36e0ba353a42/log?offset=24080&limitBytes=256000 304[39m
[11:36:29] [32mINFO[39m: [36mGET /heartbeat-runs/f0bd646b-4bba-4cda-86c4-506d8a0ee9b6/log?offset=24082&limitBytes=256000 304[39m
[11:36:29] [32mINFO[39m: [36mGET /heartbeat-runs/cf32563d-2372-4a10-813c-ca65a320db03/log?offset=22887&limitBytes=256000 304[39m
[11:36:31] [32mINFO[39m: [36mGET /heartbeat-runs/032bb982-ef73-4656-aa77-36e0ba353a42/log?offset=24080&limitBytes=256000 304[39m
[11:36:31] [32mINFO[39m: [36mGET /heartbeat-runs/58b045b9-682f-4fe1-adf7-1dcbd5ab2b65/log?offset=21758&limitBytes=256000 304[39m
[11:36:31] [32mINFO[39m: [36mGET /heartbeat-runs/f0bd646b-4bba-4cda-86c4-506d8a0ee9b6/log?offset=24082&limitBytes=256000 304[39m
[11:36:31] [32mINFO[39m: [36mGET /heartbeat-runs/cf32563d-2372-4a10-813c-ca65a320db03/log?offset=22887&limitBytes=256000 304[39m
[11:36:33] [32mINFO[39m: [36mGET /heartbeat-runs/032bb982-ef73-4656-aa77-36e0ba353a42/log?offset=24080&limitBytes=256000 304[39m
[11:36:33] [32mINFO[39m: [36mGET /heartbeat-runs/58b045b9-682f-4fe1-adf7-1dcbd5ab2b65/log?offset=21758&limitBytes=256000 304[39m
[11:36:33] [32mINFO[39m: [36mGET /heartbeat-runs/f0bd646b-4bba-4cda-86c4-506d8a0ee9b6/log?offset=24082&limitBytes=256000 304[39m
[11:36:33] [32mINFO[39m: [36mGET /heartbeat-runs/cf32563d-2372-4a10-813c-ca65a320db03/log?offset=22887&limitBytes=256000 304[39m
[11:36:35] [32mINFO[39m: [36mGET /heartbeat-runs/cf32563d-2372-4a10-813c-ca65a320db03/log?offset=22887&limitBytes=256000 304[39m
[11:36:35] [32mINFO[39m: [36mGET /heartbeat-runs/032bb982-ef73-4656-aa77-36e0ba353a42/log?offset=24080&limitBytes=256000 304[39m
[11:36:35] [32mINFO[39m: [36mGET /heartbeat-runs/f0bd646b-4bba-4cda-86c4-506d8a0ee9b6/log?offset=24082&limitBytes=256000 304[39m
[11:36:35] [32mINFO[39m: [36mGET /heartbeat-runs/58b045b9-682f-4fe1-adf7-1dcbd5ab2b65/log?offset=21758&limitBytes=256000 304[39m
[11:36:35] [32mINFO[39m: [36mGET /companies/b9e2b5c9-9f24-49ca-bf0e-be3a6832453d/live-runs 304[39m
[11:36:37] [32mINFO[39m: [36mGET /heartbeat-runs/58b045b9-682f-4fe1-adf7-1dcbd5ab2b65/log?offset=21758&limitBytes=256000 304[39m
[11:36:37] [32mINFO[39m: [36mGET /heartbeat-runs/f0bd646b-4bba-4cda-86c4-506d8a0ee9b6/log?offset=24082&limitBytes=256000 304[39m
[11:36:37] [32mINFO[39m: [36mGET /heartbeat-runs/cf32563d-2372-4a10-813c-ca65a320db03/log?offset=22887&limitBytes=256000 304[39m
[11:36:37] [32mINFO[39m: [36mGET /heartbeat-runs/032bb982-ef73-4656-aa77-36e0ba353a42/log?offset=24080&limitBytes=256000 304[39m
[11:36:37] [32mINFO[39m: [36mGET /companies/b9e2b5c9-9f24-49ca-bf0e-be3a6832453d/sidebar-badges 304[39m
[11:36:37] [32mINFO[39m: [36mGET /companies/b9e2b5c9-9f24-49ca-bf0e-be3a6832453d/live-runs 304[39m
[11:36:39] [32mINFO[39m: [36mGET /heartbeat-runs/032bb982-ef73-4656-aa77-36e0ba353a42/log?offset=24080&limitBytes=256000 304[39m
[11:36:39] [32mINFO[39m: [36mGET /heartbeat-runs/58b045b9-682f-4fe1-adf7-1dcbd5ab2b65/log?offset=21758&limitBytes=256000 304[39m
[11:36:39] [32mINFO[39m: [36mGET /heartbeat-runs/cf32563d-2372-4a10-813c-ca65a320db03/log?offset=22887&limitBytes=256000 304[39m
[11:36:39] [32mINFO[39m: [36mGET /heartbeat-runs/f0bd646b-4bba-4cda-86c4-506d8a0ee9b6/log?offset=24082&limitBytes=256000 304[39m
[11:36:40] [32mINFO[39m: [36mGET /companies/b9e2b5c9-9f24-49ca-bf0e-be3a6832453d/sidebar-badges 304[39m
[11:36:41] [32mINFO[39m: [36mGET /heartbeat-runs/032bb982-ef73-4656-aa77-36e0ba353a42/log?offset=24080&limitBytes=256000 304[39m
[11:36:41] [32mINFO[39m: [36mGET /heartbeat-runs/58b045b9-682f-4fe1-adf7-1dcbd5ab2b65/log?offset=21758&limitBytes=256000 304[39m
[11:36:41] [32mINFO[39m: [36mGET /heartbeat-runs/f0bd646b-4bba-4cda-86c4-506d8a0ee9b6/log?offset=24082&limitBytes=256000 304[39m
[11:36:41] [32mINFO[39m: [36mGET /heartbeat-runs/cf32563d-2372-4a10-813c-ca65a320db03/log?offset=22887&limitBytes=256000 304[39m
[11:36:43] [32mINFO[39m: [36mGET /heartbeat-runs/58b045b9-682f-4fe1-adf7-1dcbd5ab2b65/log?offset=21758&limitBytes=256000 304[39m
[11:36:43] [32mINFO[39m: [36mGET /heartbeat-runs/cf32563d-2372-4a10-813c-ca65a320db03/log?offset=22887&limitBytes=256000 304[39m
[11:36:43] [32mINFO[39m: [36mGET /heartbeat-runs/f0bd646b-4bba-4cda-86c4-506d8a0ee9b6/log?offset=24082&limitBytes=256000 304[39m
[11:36:43] [32mINFO[39m: [36mGET /heartbeat-runs/032bb982-ef73-4656-aa77-36e0ba353a42/log?offset=24080&limitBytes=256000 304[39m
[11:36:45] [32mINFO[39m: [36mGET /heartbeat-runs/cf32563d-2372-4a10-813c-ca65a320db03/log?offset=22887&limitBytes=256000 304[39m
[11:36:45] [32mINFO[39m: [36mGET /heartbeat-runs/f0bd646b-4bba-4cda-86c4-506d8a0ee9b6/log?offset=24082&limitBytes=256000 304[39m
[11:36:45] [32mINFO[39m: [36mGET /heartbeat-runs/58b045b9-682f-4fe1-adf7-1dcbd5ab2b65/log?offset=21758&limitBytes=256000 304[39m
[11:36:45] [32mINFO[39m: [36mGET /heartbeat-runs/032bb982-ef73-4656-aa77-36e0ba353a42/log?offset=24080&limitBytes=256000 304[39m
[11:36:45] [32mINFO[39m: [36mGET /companies/b9e2b5c9-9f24-49ca-bf0e-be3a6832453d/live-runs 304[39m
[11:36:47] [32mINFO[39m: [36mGET /heartbeat-runs/58b045b9-682f-4fe1-adf7-1dcbd5ab2b65/log?offset=21758&limitBytes=256000 304[39m
[11:36:47] [32mINFO[39m: [36mGET /heartbeat-runs/cf32563d-2372-4a10-813c-ca65a320db03/log?offset=22887&limitBytes=256000 304[39m
[11:36:47] [32mINFO[39m: [36mGET /heartbeat-runs/f0bd646b-4bba-4cda-86c4-506d8a0ee9b6/log?offset=24082&limitBytes=256000 304[39m
[11:36:47] [32mINFO[39m: [36mGET /heartbeat-runs/032bb982-ef73-4656-aa77-36e0ba353a42/log?offset=24080&limitBytes=256000 304[39m
[11:36:47] [32mINFO[39m: [36mGET /companies/b9e2b5c9-9f24-49ca-bf0e-be3a6832453d/live-runs 304[39m
[11:36:49] [32mINFO[39m: [36mGET /heartbeat-runs/cf32563d-2372-4a10-813c-ca65a320db03/log?offset=22887&limitBytes=256000 304[39m
[11:36:49] [32mINFO[39m: [36mGET /heartbeat-runs/032bb982-ef73-4656-aa77-36e0ba353a42/log?offset=24080&limitBytes=256000 304[39m
[11:36:49] [32mINFO[39m: [36mGET /heartbeat-runs/f0bd646b-4bba-4cda-86c4-506d8a0ee9b6/log?offset=24082&limitBytes=256000 304[39m
[11:36:49] [32mINFO[39m: [36mGET /heartbeat-runs/58b045b9-682f-4fe1-adf7-1dcbd5ab2b65/log?offset=21758&limitBytes=256000 304[39m
[11:36:51] [32mINFO[39m: [36mGET /heartbeat-runs/cf32563d-2372-4a10-813c-ca65a320db03/log?offset=22887&limitBytes=256000 304[39m
[11:36:51] [32mINFO[39m: [36mGET /heartbeat-runs/58b045b9-682f-4fe1-adf7-1dcbd5ab2b65/log?offset=21758&limitBytes=256000 304[39m
[11:36:51] [32mINFO[39m: [36mGET /heartbeat-runs/f0bd646b-4bba-4cda-86c4-506d8a0ee9b6/log?offset=24082&limitBytes=256000 304[39m
[11:36:51] [32mINFO[39m: [36mGET /heartbeat-runs/032bb982-ef73-4656-aa77-36e0ba353a42/log?offset=24080&limitBytes=256000 304[39m
[11:36:52] [32mINFO[39m: [36mGET /companies/b9e2b5c9-9f24-49ca-bf0e-be3a6832453d/sidebar-badges 304[39m
[11:36:53] [32mINFO[39m: [36mGET /heartbeat-runs/58b045b9-682f-4fe1-adf7-1dcbd5ab2b65/log?offset=21758&limitBytes=256000 304[39m
[11:36:53] [32mINFO[39m: [36mGET /heartbeat-runs/f0bd646b-4bba-4cda-86c4-506d8a0ee9b6/log?offset=24082&limitBytes=256000 304[39m
[11:36:53] [32mINFO[39m: [36mGET /heartbeat-runs/032bb982-ef73-4656-aa77-36e0ba353a42/log?offset=24080&limitBytes=256000 304[39m
[11:36:53] [32mINFO[39m: [36mGET /heartbeat-runs/cf32563d-2372-4a10-813c-ca65a320db03/log?offset=22887&limitBytes=256000 304[39m
[11:36:55] [32mINFO[39m: [36mGET /heartbeat-runs/58b045b9-682f-4fe1-adf7-1dcbd5ab2b65/log?offset=21758&limitBytes=256000 304[39m
[11:36:55] [32mINFO[39m: [36mGET /heartbeat-runs/cf32563d-2372-4a10-813c-ca65a320db03/log?offset=22887&limitBytes=256000 304[39m
[11:36:55] [32mINFO[39m: [36mGET /heartbeat-runs/032bb982-ef73-4656-aa77-36e0ba353a42/log?offset=24080&limitBytes=256000 304[39m
[11:36:55] [32mINFO[39m: [36mGET /heartbeat-runs/f0bd646b-4bba-4cda-86c4-506d8a0ee9b6/log?offset=24082&limitBytes=256000 304[39m
[11:36:55] [32mINFO[39m: [36mGET /companies/b9e2b5c9-9f24-49ca-bf0e-be3a6832453d/sidebar-badges 304[39m
[11:36:55] [32mINFO[39m: [36mGET /companies/b9e2b5c9-9f24-49ca-bf0e-be3a6832453d/live-runs 304[39m
[11:36:57] [32mINFO[39m: [36mGET /heartbeat-runs/cf32563d-2372-4a10-813c-ca65a320db03/log?offset=22887&limitBytes=256000 304[39m
[11:36:57] [32mINFO[39m: [36mGET /heartbeat-runs/58b045b9-682f-4fe1-adf7-1dcbd5ab2b65/log?offset=21758&limitBytes=256000 304[39m
[11:36:57] [32mINFO[39m: [36mGET /heartbeat-runs/032bb982-ef73-4656-aa77-36e0ba353a42/log?offset=24080&limitBytes=256000 304[39m
[11:36:57] [32mINFO[39m: [36mGET /heartbeat-runs/f0bd646b-4bba-4cda-86c4-506d8a0ee9b6/log?offset=24082&limitBytes=256000 304[39m
[11:36:57] [32mINFO[39m: [36mGET /companies/b9e2b5c9-9f24-49ca-bf0e-be3a6832453d/live-runs 304[39m
[11:36:59] [32mINFO[39m: [36mGET /heartbeat-runs/58b045b9-682f-4fe1-adf7-1dcbd5ab2b65/log?offset=21758&limitBytes=256000 304[39m
[11:36:59] [32mINFO[39m: [36mGET /heartbeat-runs/cf32563d-2372-4a10-813c-ca65a320db03/log?offset=22887&limitBytes=256000 304[39m
[11:36:59] [32mINFO[39m: [36mGET /heartbeat-runs/032bb982-ef73-4656-aa77-36e0ba353a42/log?offset=24080&limitBytes=256000 304[39m
[11:36:59] [32mINFO[39m: [36mGET /heartbeat-runs/f0bd646b-4bba-4cda-86c4-506d8a0ee9b6/log?offset=24082&limitBytes=256000 304[39m
[11:37:01] [32mINFO[39m: [36mGET /heartbeat-runs/58b045b9-682f-4fe1-adf7-1dcbd5ab2b65/log?offset=21758&limitBytes=256000 304[39m
[11:37:01] [32mINFO[39m: [36mGET /heartbeat-runs/f0bd646b-4bba-4cda-86c4-506d8a0ee9b6/log?offset=24082&limitBytes=256000 304[39m
[11:37:01] [32mINFO[39m: [36mGET /heartbeat-runs/032bb982-ef73-4656-aa77-36e0ba353a42/log?offset=24080&limitBytes=256000 304[39m
[11:37:01] [32mINFO[39m: [36mGET /heartbeat-runs/cf32563d-2372-4a10-813c-ca65a320db03/log?offset=22887&limitBytes=256000 304[39m
[11:37:03] [32mINFO[39m: [36mGET /heartbeat-runs/032bb982-ef73-4656-aa77-36e0ba353a42/log?offset=24080&limitBytes=256000 304[39m
[11:37:03] [32mINFO[39m: [36mGET /heartbeat-runs/58b045b9-682f-4fe1-adf7-1dcbd5ab2b65/log?offset=21758&limitBytes=256000 304[39m
[11:37:03] [32mINFO[39m: [36mGET /heartbeat-runs/cf32563d-2372-4a10-813c-ca65a320db03/log?offset=22887&limitBytes=256000 304[39m
[11:37:03] [32mINFO[39m: [36mGET /heartbeat-runs/f0bd646b-4bba-4cda-86c4-506d8a0ee9b6/log?offset=24082&limitBytes=256000 304[39m
[11:37:05] [32mINFO[39m: [36mGET /heartbeat-runs/f0bd646b-4bba-4cda-86c4-506d8a0ee9b6/log?offset=24082&limitBytes=256000 304[39m
[11:37:05] [32mINFO[39m: [36mGET /heartbeat-runs/58b045b9-682f-4fe1-adf7-1dcbd5ab2b65/log?offset=21758&limitBytes=256000 304[39m
[11:37:05] [32mINFO[39m: [36mGET /heartbeat-runs/cf32563d-2372-4a10-813c-ca65a320db03/log?offset=22887&limitBytes=256000 304[39m
[11:37:05] [32mINFO[39m: [36mGET /heartbeat-runs/032bb982-ef73-4656-aa77-36e0ba353a42/log?offset=24080&limitBytes=256000 304[39m
[11:37:05] [32mINFO[39m: [36mGET /companies/b9e2b5c9-9f24-49ca-bf0e-be3a6832453d/live-runs 304[39m
[11:37:07] [32mINFO[39m: [36mGET /heartbeat-runs/58b045b9-682f-4fe1-adf7-1dcbd5ab2b65/log?offset=21758&limitBytes=256000 304[39m
[11:37:07] [32mINFO[39m: [36mGET /heartbeat-runs/032bb982-ef73-4656-aa77-36e0ba353a42/log?offset=24080&limitBytes=256000 304[39m
[11:37:07] [32mINFO[39m: [36mGET /heartbeat-runs/f0bd646b-4bba-4cda-86c4-506d8a0ee9b6/log?offset=24082&limitBytes=256000 304[39m
[11:37:07] [32mINFO[39m: [36mGET /heartbeat-runs/cf32563d-2372-4a10-813c-ca65a320db03/log?offset=22887&limitBytes=256000 304[39m
[11:37:07] [32mINFO[39m: [36mGET /companies/b9e2b5c9-9f24-49ca-bf0e-be3a6832453d/sidebar-badges 304[39m
[11:37:07] [32mINFO[39m: [36mGET /companies/b9e2b5c9-9f24-49ca-bf0e-be3a6832453d/live-runs 304[39m
[11:37:09] [32mINFO[39m: [36mGET /heartbeat-runs/58b045b9-682f-4fe1-adf7-1dcbd5ab2b65/log?offset=21758&limitBytes=256000 304[39m
[11:37:09] [32mINFO[39m: [36mGET /heartbeat-runs/f0bd646b-4bba-4cda-86c4-506d8a0ee9b6/log?offset=24082&limitBytes=256000 304[39m
[11:37:09] [32mINFO[39m: [36mGET /heartbeat-runs/032bb982-ef73-4656-aa77-36e0ba353a42/log?offset=24080&limitBytes=256000 304[39m
[11:37:09] [32mINFO[39m: [36mGET /heartbeat-runs/cf32563d-2372-4a10-813c-ca65a320db03/log?offset=22887&limitBytes=256000 304[39m
[11:37:10] [32mINFO[39m: [36mGET /companies/b9e2b5c9-9f24-49ca-bf0e-be3a6832453d/sidebar-badges 304[39m
[11:37:11] [32mINFO[39m: [36mGET /heartbeat-runs/032bb982-ef73-4656-aa77-36e0ba353a42/log?offset=24080&limitBytes=256000 304[39m
[11:37:11] [32mINFO[39m: [36mGET /heartbeat-runs/cf32563d-2372-4a10-813c-ca65a320db03/log?offset=22887&limitBytes=256000 304[39m
[11:37:11] [32mINFO[39m: [36mGET /heartbeat-runs/58b045b9-682f-4fe1-adf7-1dcbd5ab2b65/log?offset=21758&limitBytes=256000 304[39m
[11:37:11] [32mINFO[39m: [36mGET /heartbeat-runs/f0bd646b-4bba-4cda-86c4-506d8a0ee9b6/log?offset=24082&limitBytes=256000 304[39m
[11:37:13] [32mINFO[39m: [36mGET /heartbeat-runs/f0bd646b-4bba-4cda-86c4-506d8a0ee9b6/log?offset=24082&limitBytes=256000 304[39m
[11:37:13] [32mINFO[39m: [36mGET /heartbeat-runs/032bb982-ef73-4656-aa77-36e0ba353a42/log?offset=24080&limitBytes=256000 304[39m
[11:37:13] [32mINFO[39m: [36mGET /heartbeat-runs/58b045b9-682f-4fe1-adf7-1dcbd5ab2b65/log?offset=21758&limitBytes=256000 304[39m
[11:37:13] [32mINFO[39m: [36mGET /heartbeat-runs/cf32563d-2372-4a10-813c-ca65a320db03/log?offset=22887&limitBytes=256000 304[39m
[11:37:15] [32mINFO[39m: [36mGET /heartbeat-runs/032bb982-ef73-4656-aa77-36e0ba353a42/log?offset=24080&limitBytes=256000 304[39m
[11:37:15] [32mINFO[39m: [36mGET /heartbeat-runs/58b045b9-682f-4fe1-adf7-1dcbd5ab2b65/log?offset=21758&limitBytes=256000 304[39m
[11:37:15] [32mINFO[39m: [36mGET /heartbeat-runs/cf32563d-2372-4a10-813c-ca65a320db03/log?offset=22887&limitBytes=256000 304[39m
[11:37:15] [32mINFO[39m: [36mGET /heartbeat-runs/f0bd646b-4bba-4cda-86c4-506d8a0ee9b6/log?offset=24082&limitBytes=256000 304[39m
[11:37:15] [32mINFO[39m: [36mGET /companies/b9e2b5c9-9f24-49ca-bf0e-be3a6832453d/live-runs 304[39m
[11:37:17] [32mINFO[39m: [36mGET /heartbeat-runs/58b045b9-682f-4fe1-adf7-1dcbd5ab2b65/log?offset=21758&limitBytes=256000 304[39m
[11:37:17] [32mINFO[39m: [36mGET /heartbeat-runs/cf32563d-2372-4a10-813c-ca65a320db03/log?offset=22887&limitBytes=256000 304[39m
[11:37:17] [32mINFO[39m: [36mGET /heartbeat-runs/032bb982-ef73-4656-aa77-36e0ba353a42/log?offset=24080&limitBytes=256000 304[39m
[11:37:17] [32mINFO[39m: [36mGET /heartbeat-runs/f0bd646b-4bba-4cda-86c4-506d8a0ee9b6/log?offset=24082&limitBytes=256000 304[39m
[11:37:17] [32mINFO[39m: [36mGET /companies/b9e2b5c9-9f24-49ca-bf0e-be3a6832453d/live-runs 304[39m
[11:37:19] [32mINFO[39m: [36mGET /heartbeat-runs/032bb982-ef73-4656-aa77-36e0ba353a42/log?offset=24080&limitBytes=256000 304[39m
[11:37:19] [32mINFO[39m: [36mGET /heartbeat-runs/f0bd646b-4bba-4cda-86c4-506d8a0ee9b6/log?offset=24082&limitBytes=256000 304[39m
[11:37:19] [32mINFO[39m: [36mGET /heartbeat-runs/cf32563d-2372-4a10-813c-ca65a320db03/log?offset=22887&limitBytes=256000 304[39m
[11:37:19] [32mINFO[39m: [36mGET /heartbeat-runs/58b045b9-682f-4fe1-adf7-1dcbd5ab2b65/log?offset=21758&limitBytes=256000 304[39m
[11:37:21] [32mINFO[39m: [36mGET /heartbeat-runs/f0bd646b-4bba-4cda-86c4-506d8a0ee9b6/log?offset=24082&limitBytes=256000 304[39m
[11:37:21] [32mINFO[39m: [36mGET /heartbeat-runs/cf32563d-2372-4a10-813c-ca65a320db03/log?offset=22887&limitBytes=256000 304[39m
[11:37:21] [32mINFO[39m: [36mGET /heartbeat-runs/032bb982-ef73-4656-aa77-36e0ba353a42/log?offset=24080&limitBytes=256000 304[39m
[11:37:21] [32mINFO[39m: [36mGET /heartbeat-runs/58b045b9-682f-4fe1-adf7-1dcbd5ab2b65/log?offset=21758&limitBytes=256000 304[39m
[11:37:22] [32mINFO[39m: [36mGET /companies/b9e2b5c9-9f24-49ca-bf0e-be3a6832453d/sidebar-badges 304[39m
[11:37:23] [32mINFO[39m: [36mGET /heartbeat-runs/032bb982-ef73-4656-aa77-36e0ba353a42/log?offset=24080&limitBytes=256000 304[39m
[11:37:23] [32mINFO[39m: [36mGET /heartbeat-runs/58b045b9-682f-4fe1-adf7-1dcbd5ab2b65/log?offset=21758&limitBytes=256000 304[39m
[11:37:23] [32mINFO[39m: [36mGET /heartbeat-runs/f0bd646b-4bba-4cda-86c4-506d8a0ee9b6/log?offset=24082&limitBytes=256000 304[39m
[11:37:23] [32mINFO[39m: [36mGET /heartbeat-runs/cf32563d-2372-4a10-813c-ca65a320db03/log?offset=22887&limitBytes=256000 304[39m
[11:37:25] [32mINFO[39m: [36mGET /heartbeat-runs/58b045b9-682f-4fe1-adf7-1dcbd5ab2b65/log?offset=21758&limitBytes=256000 304[39m
[11:37:25] [32mINFO[39m: [36mGET /heartbeat-runs/cf32563d-2372-4a10-813c-ca65a320db03/log?offset=22887&limitBytes=256000 304[39m
[11:37:25] [32mINFO[39m: [36mGET /heartbeat-runs/032bb982-ef73-4656-aa77-36e0ba353a42/log?offset=24080&limitBytes=256000 304[39m
[11:37:25] [32mINFO[39m: [36mGET /heartbeat-runs/f0bd646b-4bba-4cda-86c4-506d8a0ee9b6/log?offset=24082&limitBytes=256000 304[39m
[11:37:25] [32mINFO[39m: [36mGET /companies/b9e2b5c9-9f24-49ca-bf0e-be3a6832453d/sidebar-badges 304[39m
[11:37:25] [32mINFO[39m: [36mGET /companies/b9e2b5c9-9f24-49ca-bf0e-be3a6832453d/live-runs 304[39m
[11:37:27] [32mINFO[39m: [36mGET /heartbeat-runs/58b045b9-682f-4fe1-adf7-1dcbd5ab2b65/log?offset=21758&limitBytes=256000 304[39m
[11:37:27] [32mINFO[39m: [36mGET /heartbeat-runs/032bb982-ef73-4656-aa77-36e0ba353a42/log?offset=24080&limitBytes=256000 304[39m
[11:37:27] [32mINFO[39m: [36mGET /heartbeat-runs/cf32563d-2372-4a10-813c-ca65a320db03/log?offset=22887&limitBytes=256000 304[39m
[11:37:27] [32mINFO[39m: [36mGET /heartbeat-runs/f0bd646b-4bba-4cda-86c4-506d8a0ee9b6/log?offset=24082&limitBytes=256000 304[39m
[11:37:27] [32mINFO[39m: [36mGET /companies/b9e2b5c9-9f24-49ca-bf0e-be3a6832453d/live-runs 304[39m
[11:37:29] [32mINFO[39m: [36mGET /heartbeat-runs/58b045b9-682f-4fe1-adf7-1dcbd5ab2b65/log?offset=21758&limitBytes=256000 304[39m
[11:37:29] [32mINFO[39m: [36mGET /heartbeat-runs/032bb982-ef73-4656-aa77-36e0ba353a42/log?offset=24080&limitBytes=256000 304[39m
[11:37:29] [32mINFO[39m: [36mGET /heartbeat-runs/f0bd646b-4bba-4cda-86c4-506d8a0ee9b6/log?offset=24082&limitBytes=256000 304[39m
[11:37:29] [32mINFO[39m: [36mGET /heartbeat-runs/cf32563d-2372-4a10-813c-ca65a320db03/log?offset=22887&limitBytes=256000 304[39m
[11:37:31] [32mINFO[39m: [36mGET /heartbeat-runs/58b045b9-682f-4fe1-adf7-1dcbd5ab2b65/log?offset=21758&limitBytes=256000 304[39m
[11:37:31] [32mINFO[39m: [36mGET /heartbeat-runs/032bb982-ef73-4656-aa77-36e0ba353a42/log?offset=24080&limitBytes=256000 304[39m
[11:37:31] [32mINFO[39m: [36mGET /heartbeat-runs/cf32563d-2372-4a10-813c-ca65a320db03/log?offset=22887&limitBytes=256000 304[39m
[11:37:31] [32mINFO[39m: [36mGET /heartbeat-runs/f0bd646b-4bba-4cda-86c4-506d8a0ee9b6/log?offset=24082&limitBytes=256000 304[39m
[11:37:33] [32mINFO[39m: [36mGET /heartbeat-runs/58b045b9-682f-4fe1-adf7-1dcbd5ab2b65/log?offset=21758&limitBytes=256000 304[39m
[11:37:33] [32mINFO[39m: [36mGET /heartbeat-runs/032bb982-ef73-4656-aa77-36e0ba353a42/log?offset=24080&limitBytes=256000 304[39m
[11:37:33] [32mINFO[39m: [36mGET /heartbeat-runs/cf32563d-2372-4a10-813c-ca65a320db03/log?offset=22887&limitBytes=256000 304[39m
[11:37:33] [32mINFO[39m: [36mGET /heartbeat-runs/f0bd646b-4bba-4cda-86c4-506d8a0ee9b6/log?offset=24082&limitBytes=256000 304[39m
[11:37:35] [32mINFO[39m: [36mGET /heartbeat-runs/cf32563d-2372-4a10-813c-ca65a320db03/log?offset=22887&limitBytes=256000 304[39m
[11:37:35] [32mINFO[39m: [36mGET /heartbeat-runs/58b045b9-682f-4fe1-adf7-1dcbd5ab2b65/log?offset=21758&limitBytes=256000 304[39m
[11:37:35] [32mINFO[39m: [36mGET /heartbeat-runs/032bb982-ef73-4656-aa77-36e0ba353a42/log?offset=24080&limitBytes=256000 304[39m
[11:37:35] [32mINFO[39m: [36mGET /heartbeat-runs/f0bd646b-4bba-4cda-86c4-506d8a0ee9b6/log?offset=24082&limitBytes=256000 304[39m
[11:37:35] [32mINFO[39m: [36mGET /companies/b9e2b5c9-9f24-49ca-bf0e-be3a6832453d/live-runs 304[39m
[11:37:37] [32mINFO[39m: [36mGET /heartbeat-runs/032bb982-ef73-4656-aa77-36e0ba353a42/log?offset=24080&limitBytes=256000 304[39m
[11:37:37] [32mINFO[39m: [36mGET /heartbeat-runs/58b045b9-682f-4fe1-adf7-1dcbd5ab2b65/log?offset=21758&limitBytes=256000 304[39m
[11:37:37] [32mINFO[39m: [36mGET /heartbeat-runs/cf32563d-2372-4a10-813c-ca65a320db03/log?offset=22887&limitBytes=256000 304[39m
[11:37:37] [32mINFO[39m: [36mGET /heartbeat-runs/f0bd646b-4bba-4cda-86c4-506d8a0ee9b6/log?offset=24082&limitBytes=256000 304[39m
[11:37:37] [32mINFO[39m: [36mGET /companies/b9e2b5c9-9f24-49ca-bf0e-be3a6832453d/live-runs 304[39m
[11:37:37] [32mINFO[39m: [36mGET /companies/b9e2b5c9-9f24-49ca-bf0e-be3a6832453d/sidebar-badges 304[39m
[11:37:39] [32mINFO[39m: [36mGET /heartbeat-runs/58b045b9-682f-4fe1-adf7-1dcbd5ab2b65/log?offset=21758&limitBytes=256000 304[39m
[11:37:39] [32mINFO[39m: [36mGET /heartbeat-runs/032bb982-ef73-4656-aa77-36e0ba353a42/log?offset=24080&limitBytes=256000 304[39m
[11:37:39] [32mINFO[39m: [36mGET /heartbeat-runs/f0bd646b-4bba-4cda-86c4-506d8a0ee9b6/log?offset=24082&limitBytes=256000 304[39m
[11:37:39] [32mINFO[39m: [36mGET /heartbeat-runs/cf32563d-2372-4a10-813c-ca65a320db03/log?offset=22887&limitBytes=256000 304[39m
[11:37:40] [32mINFO[39m: [36mGET /companies/b9e2b5c9-9f24-49ca-bf0e-be3a6832453d/sidebar-badges 304[39m
[11:37:41] [32mINFO[39m: [36mGET /heartbeat-runs/58b045b9-682f-4fe1-adf7-1dcbd5ab2b65/log?offset=21758&limitBytes=256000 304[39m
[11:37:41] [32mINFO[39m: [36mGET /heartbeat-runs/cf32563d-2372-4a10-813c-ca65a320db03/log?offset=22887&limitBytes=256000 304[39m
[11:37:41] [32mINFO[39m: [36mGET /heartbeat-runs/032bb982-ef73-4656-aa77-36e0ba353a42/log?offset=24080&limitBytes=256000 304[39m
[11:37:41] [32mINFO[39m: [36mGET /heartbeat-runs/f0bd646b-4bba-4cda-86c4-506d8a0ee9b6/log?offset=24082&limitBytes=256000 304[39m
[11:37:43] [32mINFO[39m: [36mGET /heartbeat-runs/58b045b9-682f-4fe1-adf7-1dcbd5ab2b65/log?offset=21758&limitBytes=256000 304[39m
[11:37:43] [32mINFO[39m: [36mGET /heartbeat-runs/032bb982-ef73-4656-aa77-36e0ba353a42/log?offset=24080&limitBytes=256000 304[39m
[11:37:43] [32mINFO[39m: [36mGET /heartbeat-runs/cf32563d-2372-4a10-813c-ca65a320db03/log?offset=22887&limitBytes=256000 304[39m
[11:37:43] [32mINFO[39m: [36mGET /heartbeat-runs/f0bd646b-4bba-4cda-86c4-506d8a0ee9b6/log?offset=24082&limitBytes=256000 304[39m
[11:37:45] [32mINFO[39m: [36mGET /heartbeat-runs/cf32563d-2372-4a10-813c-ca65a320db03/log?offset=22887&limitBytes=256000 304[39m
[11:37:45] [32mINFO[39m: [36mGET /heartbeat-runs/f0bd646b-4bba-4cda-86c4-506d8a0ee9b6/log?offset=24082&limitBytes=256000 304[39m
[11:37:45] [32mINFO[39m: [36mGET /heartbeat-runs/58b045b9-682f-4fe1-adf7-1dcbd5ab2b65/log?offset=21758&limitBytes=256000 304[39m
[11:37:45] [32mINFO[39m: [36mGET /heartbeat-runs/032bb982-ef73-4656-aa77-36e0ba353a42/log?offset=24080&limitBytes=256000 304[39m
[11:37:45] [32mINFO[39m: [36mGET /companies/b9e2b5c9-9f24-49ca-bf0e-be3a6832453d/live-runs 304[39m
[11:37:47] [32mINFO[39m: [36mGET /heartbeat-runs/f0bd646b-4bba-4cda-86c4-506d8a0ee9b6/log?offset=24082&limitBytes=256000 304[39m
[11:37:47] [32mINFO[39m: [36mGET /heartbeat-runs/032bb982-ef73-4656-aa77-36e0ba353a42/log?offset=24080&limitBytes=256000 304[39m
[11:37:47] [32mINFO[39m: [36mGET /heartbeat-runs/cf32563d-2372-4a10-813c-ca65a320db03/log?offset=22887&limitBytes=256000 304[39m
[11:37:47] [32mINFO[39m: [36mGET /heartbeat-runs/58b045b9-682f-4fe1-adf7-1dcbd5ab2b65/log?offset=21758&limitBytes=256000 304[39m
[11:37:47] [32mINFO[39m: [36mGET /companies/b9e2b5c9-9f24-49ca-bf0e-be3a6832453d/live-runs 304[39m
[11:37:49] [32mINFO[39m: [36mGET /heartbeat-runs/032bb982-ef73-4656-aa77-36e0ba353a42/log?offset=24080&limitBytes=256000 304[39m
[11:37:49] [32mINFO[39m: [36mGET /heartbeat-runs/58b045b9-682f-4fe1-adf7-1dcbd5ab2b65/log?offset=21758&limitBytes=256000 304[39m
[11:37:49] [32mINFO[39m: [36mGET /heartbeat-runs/cf32563d-2372-4a10-813c-ca65a320db03/log?offset=22887&limitBytes=256000 304[39m
[11:37:49] [32mINFO[39m: [36mGET /heartbeat-runs/f0bd646b-4bba-4cda-86c4-506d8a0ee9b6/log?offset=24082&limitBytes=256000 304[39m
[11:37:51] [32mINFO[39m: [36mGET /heartbeat-runs/58b045b9-682f-4fe1-adf7-1dcbd5ab2b65/log?offset=21758&limitBytes=256000 304[39m
[11:37:51] [32mINFO[39m: [36mGET /heartbeat-runs/032bb982-ef73-4656-aa77-36e0ba353a42/log?offset=24080&limitBytes=256000 304[39m
[11:37:51] [32mINFO[39m: [36mGET /heartbeat-runs/cf32563d-2372-4a10-813c-ca65a320db03/log?offset=22887&limitBytes=256000 304[39m
[11:37:51] [32mINFO[39m: [36mGET /heartbeat-runs/f0bd646b-4bba-4cda-86c4-506d8a0ee9b6/log?offset=24082&limitBytes=256000 304[39m
[11:37:52] [32mINFO[39m: [36mGET /companies/b9e2b5c9-9f24-49ca-bf0e-be3a6832453d/sidebar-badges 304[39m
[11:37:53] [32mINFO[39m: [36mGET /heartbeat-runs/032bb982-ef73-4656-aa77-36e0ba353a42/log?offset=24080&limitBytes=256000 304[39m
[11:37:53] [32mINFO[39m: [36mGET /heartbeat-runs/cf32563d-2372-4a10-813c-ca65a320db03/log?offset=22887&limitBytes=256000 304[39m
[11:37:53] [32mINFO[39m: [36mGET /heartbeat-runs/f0bd646b-4bba-4cda-86c4-506d8a0ee9b6/log?offset=24082&limitBytes=256000 304[39m
[11:37:53] [32mINFO[39m: [36mGET /heartbeat-runs/58b045b9-682f-4fe1-adf7-1dcbd5ab2b65/log?offset=21758&limitBytes=256000 304[39m
[11:37:55] [32mINFO[39m: [36mGET /heartbeat-runs/58b045b9-682f-4fe1-adf7-1dcbd5ab2b65/log?offset=21758&limitBytes=256000 304[39m
[11:37:55] [32mINFO[39m: [36mGET /heartbeat-runs/032bb982-ef73-4656-aa77-36e0ba353a42/log?offset=24080&limitBytes=256000 304[39m
[11:37:55] [32mINFO[39m: [36mGET /heartbeat-runs/cf32563d-2372-4a10-813c-ca65a320db03/log?offset=22887&limitBytes=256000 304[39m
[11:37:55] [32mINFO[39m: [36mGET /heartbeat-runs/f0bd646b-4bba-4cda-86c4-506d8a0ee9b6/log?offset=24082&limitBytes=256000 304[39m
[11:37:55] [32mINFO[39m: [36mGET /companies/b9e2b5c9-9f24-49ca-bf0e-be3a6832453d/sidebar-badges 304[39m
[11:37:56] [32mINFO[39m: [36mGET /companies/b9e2b5c9-9f24-49ca-bf0e-be3a6832453d/live-runs 304[39m
[11:37:57] [32mINFO[39m: [36mGET /heartbeat-runs/58b045b9-682f-4fe1-adf7-1dcbd5ab2b65/log?offset=21758&limitBytes=256000 304[39m
[11:37:57] [32mINFO[39m: [36mGET /heartbeat-runs/032bb982-ef73-4656-aa77-36e0ba353a42/log?offset=24080&limitBytes=256000 304[39m
[11:37:57] [32mINFO[39m: [36mGET /heartbeat-runs/cf32563d-2372-4a10-813c-ca65a320db03/log?offset=22887&limitBytes=256000 304[39m
[11:37:57] [32mINFO[39m: [36mGET /heartbeat-runs/f0bd646b-4bba-4cda-86c4-506d8a0ee9b6/log?offset=24082&limitBytes=256000 304[39m
[11:37:57] [32mINFO[39m: [36mGET /companies/b9e2b5c9-9f24-49ca-bf0e-be3a6832453d/live-runs 304[39m
[11:37:59] [32mINFO[39m: [36mGET /heartbeat-runs/032bb982-ef73-4656-aa77-36e0ba353a42/log?offset=24080&limitBytes=256000 304[39m
[11:37:59] [32mINFO[39m: [36mGET /heartbeat-runs/cf32563d-2372-4a10-813c-ca65a320db03/log?offset=22887&limitBytes=256000 304[39m
[11:37:59] [32mINFO[39m: [36mGET /heartbeat-runs/f0bd646b-4bba-4cda-86c4-506d8a0ee9b6/log?offset=24082&limitBytes=256000 304[39m
[11:37:59] [32mINFO[39m: [36mGET /heartbeat-runs/58b045b9-682f-4fe1-adf7-1dcbd5ab2b65/log?offset=21758&limitBytes=256000 304[39m
[11:38:01] [32mINFO[39m: [36mGET /heartbeat-runs/f0bd646b-4bba-4cda-86c4-506d8a0ee9b6/log?offset=24082&limitBytes=256000 304[39m
[11:38:01] [32mINFO[39m: [36mGET /heartbeat-runs/58b045b9-682f-4fe1-adf7-1dcbd5ab2b65/log?offset=21758&limitBytes=256000 304[39m
[11:38:01] [32mINFO[39m: [36mGET /heartbeat-runs/032bb982-ef73-4656-aa77-36e0ba353a42/log?offset=24080&limitBytes=256000 304[39m
[11:38:01] [32mINFO[39m: [36mGET /heartbeat-runs/cf32563d-2372-4a10-813c-ca65a320db03/log?offset=22887&limitBytes=256000 304[39m
[11:38:03] [32mINFO[39m: [36mGET /heartbeat-runs/58b045b9-682f-4fe1-adf7-1dcbd5ab2b65/log?offset=21758&limitBytes=256000 304[39m
[11:38:03] [32mINFO[39m: [36mGET /heartbeat-runs/032bb982-ef73-4656-aa77-36e0ba353a42/log?offset=24080&limitBytes=256000 304[39m
[11:38:03] [32mINFO[39m: [36mGET /heartbeat-runs/cf32563d-2372-4a10-813c-ca65a320db03/log?offset=22887&limitBytes=256000 304[39m
[11:38:03] [32mINFO[39m: [36mGET /heartbeat-runs/f0bd646b-4bba-4cda-86c4-506d8a0ee9b6/log?offset=24082&limitBytes=256000 304[39m
[11:38:05] [32mINFO[39m: [36mGET /heartbeat-runs/58b045b9-682f-4fe1-adf7-1dcbd5ab2b65/log?offset=21758&limitBytes=256000 304[39m
[11:38:05] [32mINFO[39m: [36mGET /heartbeat-runs/cf32563d-2372-4a10-813c-ca65a320db03/log?offset=22887&limitBytes=256000 304[39m
[11:38:05] [32mINFO[39m: [36mGET /heartbeat-runs/032bb982-ef73-4656-aa77-36e0ba353a42/log?offset=24080&limitBytes=256000 304[39m
[11:38:05] [32mINFO[39m: [36mGET /heartbeat-runs/f0bd646b-4bba-4cda-86c4-506d8a0ee9b6/log?offset=24082&limitBytes=256000 304[39m
[11:38:06] [32mINFO[39m: [36mGET /companies/b9e2b5c9-9f24-49ca-bf0e-be3a6832453d/live-runs 304[39m
[11:38:07] [32mINFO[39m: [36mGET /heartbeat-runs/f0bd646b-4bba-4cda-86c4-506d8a0ee9b6/log?offset=24082&limitBytes=256000 304[39m
[11:38:07] [32mINFO[39m: [36mGET /heartbeat-runs/cf32563d-2372-4a10-813c-ca65a320db03/log?offset=22887&limitBytes=256000 304[39m
[11:38:07] [32mINFO[39m: [36mGET /heartbeat-runs/58b045b9-682f-4fe1-adf7-1dcbd5ab2b65/log?offset=21758&limitBytes=256000 304[39m
[11:38:07] [32mINFO[39m: [36mGET /heartbeat-runs/032bb982-ef73-4656-aa77-36e0ba353a42/log?offset=24080&limitBytes=256000 304[39m
[11:38:07] [32mINFO[39m: [36mGET /companies/b9e2b5c9-9f24-49ca-bf0e-be3a6832453d/live-runs 304[39m
[11:38:07] [32mINFO[39m: [36mGET /companies/b9e2b5c9-9f24-49ca-bf0e-be3a6832453d/sidebar-badges 304[39m
[11:38:09] [32mINFO[39m: [36mGET /heartbeat-runs/58b045b9-682f-4fe1-adf7-1dcbd5ab2b65/log?offset=21758&limitBytes=256000 304[39m
[11:38:09] [32mINFO[39m: [36mGET /heartbeat-runs/032bb982-ef73-4656-aa77-36e0ba353a42/log?offset=24080&limitBytes=256000 304[39m
[11:38:09] [32mINFO[39m: [36mGET /heartbeat-runs/f0bd646b-4bba-4cda-86c4-506d8a0ee9b6/log?offset=24082&limitBytes=256000 304[39m
[11:38:09] [32mINFO[39m: [36mGET /heartbeat-runs/cf32563d-2372-4a10-813c-ca65a320db03/log?offset=22887&limitBytes=256000 304[39m
[11:38:10] [32mINFO[39m: [36mGET /companies/b9e2b5c9-9f24-49ca-bf0e-be3a6832453d/sidebar-badges 304[39m
[11:38:11] [32mINFO[39m: [36mGET /heartbeat-runs/f0bd646b-4bba-4cda-86c4-506d8a0ee9b6/log?offset=24082&limitBytes=256000 304[39m
[11:38:11] [32mINFO[39m: [36mGET /heartbeat-runs/58b045b9-682f-4fe1-adf7-1dcbd5ab2b65/log?offset=21758&limitBytes=256000 304[39m
[11:38:11] [32mINFO[39m: [36mGET /heartbeat-runs/032bb982-ef73-4656-aa77-36e0ba353a42/log?offset=24080&limitBytes=256000 304[39m
[11:38:11] [32mINFO[39m: [36mGET /heartbeat-runs/cf32563d-2372-4a10-813c-ca65a320db03/log?offset=22887&limitBytes=256000 304[39m
[11:38:13] [32mINFO[39m: [36mGET /heartbeat-runs/58b045b9-682f-4fe1-adf7-1dcbd5ab2b65/log?offset=21758&limitBytes=256000 304[39m
[11:38:13] [32mINFO[39m: [36mGET /heartbeat-runs/032bb982-ef73-4656-aa77-36e0ba353a42/log?offset=24080&limitBytes=256000 304[39m
[11:38:13] [32mINFO[39m: [36mGET /heartbeat-runs/cf32563d-2372-4a10-813c-ca65a320db03/log?offset=22887&limitBytes=256000 304[39m
[11:38:13] [32mINFO[39m: [36mGET /heartbeat-runs/f0bd646b-4bba-4cda-86c4-506d8a0ee9b6/log?offset=24082&limitBytes=256000 304[39m
[11:38:15] [32mINFO[39m: [36mGET /heartbeat-runs/f0bd646b-4bba-4cda-86c4-506d8a0ee9b6/log?offset=24082&limitBytes=256000 304[39m
[11:38:15] [32mINFO[39m: [36mGET /heartbeat-runs/58b045b9-682f-4fe1-adf7-1dcbd5ab2b65/log?offset=21758&limitBytes=256000 304[39m
[11:38:15] [32mINFO[39m: [36mGET /heartbeat-runs/032bb982-ef73-4656-aa77-36e0ba353a42/log?offset=24080&limitBytes=256000 304[39m
[11:38:15] [32mINFO[39m: [36mGET /heartbeat-runs/cf32563d-2372-4a10-813c-ca65a320db03/log?offset=22887&limitBytes=256000 304[39m
[11:38:16] [32mINFO[39m: [36mGET /companies/b9e2b5c9-9f24-49ca-bf0e-be3a6832453d/live-runs 304[39m
[11:38:17] [32mINFO[39m: [36mGET /heartbeat-runs/58b045b9-682f-4fe1-adf7-1dcbd5ab2b65/log?offset=21758&limitBytes=256000 304[39m
[11:38:17] [32mINFO[39m: [36mGET /heartbeat-runs/cf32563d-2372-4a10-813c-ca65a320db03/log?offset=22887&limitBytes=256000 304[39m
[11:38:17] [32mINFO[39m: [36mGET /heartbeat-runs/f0bd646b-4bba-4cda-86c4-506d8a0ee9b6/log?offset=24082&limitBytes=256000 304[39m
[11:38:17] [32mINFO[39m: [36mGET /heartbeat-runs/032bb982-ef73-4656-aa77-36e0ba353a42/log?offset=24080&limitBytes=256000 304[39m
[11:38:17] [32mINFO[39m: [36mGET /companies/b9e2b5c9-9f24-49ca-bf0e-be3a6832453d/live-runs 304[39m
[11:38:19] [32mINFO[39m: [36mGET /heartbeat-runs/032bb982-ef73-4656-aa77-36e0ba353a42/log?offset=24080&limitBytes=256000 304[39m
[11:38:19] [32mINFO[39m: [36mGET /heartbeat-runs/cf32563d-2372-4a10-813c-ca65a320db03/log?offset=22887&limitBytes=256000 304[39m
[11:38:19] [32mINFO[39m: [36mGET /heartbeat-runs/f0bd646b-4bba-4cda-86c4-506d8a0ee9b6/log?offset=24082&limitBytes=256000 304[39m
[11:38:19] [32mINFO[39m: [36mGET /heartbeat-runs/58b045b9-682f-4fe1-adf7-1dcbd5ab2b65/log?offset=21758&limitBytes=256000 304[39m
[11:38:21] [32mINFO[39m: [36mGET /heartbeat-runs/58b045b9-682f-4fe1-adf7-1dcbd5ab2b65/log?offset=21758&limitBytes=256000 304[39m
[11:38:21] [32mINFO[39m: [36mGET /heartbeat-runs/f0bd646b-4bba-4cda-86c4-506d8a0ee9b6/log?offset=24082&limitBytes=256000 304[39m
[11:38:21] [32mINFO[39m: [36mGET /heartbeat-runs/032bb982-ef73-4656-aa77-36e0ba353a42/log?offset=24080&limitBytes=256000 304[39m
[11:38:21] [32mINFO[39m: [36mGET /heartbeat-runs/cf32563d-2372-4a10-813c-ca65a320db03/log?offset=22887&limitBytes=256000 304[39m
[11:38:22] [32mINFO[39m: [36mGET /companies/b9e2b5c9-9f24-49ca-bf0e-be3a6832453d/sidebar-badges 304[39m
[11:38:23] [32mINFO[39m: [36mGET /heartbeat-runs/cf32563d-2372-4a10-813c-ca65a320db03/log?offset=22887&limitBytes=256000 304[39m
[11:38:23] [32mINFO[39m: [36mGET /heartbeat-runs/58b045b9-682f-4fe1-adf7-1dcbd5ab2b65/log?offset=21758&limitBytes=256000 304[39m
[11:38:23] [32mINFO[39m: [36mGET /heartbeat-runs/f0bd646b-4bba-4cda-86c4-506d8a0ee9b6/log?offset=24082&limitBytes=256000 304[39m
[11:38:23] [32mINFO[39m: [36mGET /heartbeat-runs/032bb982-ef73-4656-aa77-36e0ba353a42/log?offset=24080&limitBytes=256000 304[39m
[11:38:25] [32mINFO[39m: [36mGET /heartbeat-runs/58b045b9-682f-4fe1-adf7-1dcbd5ab2b65/log?offset=21758&limitBytes=256000 304[39m
[11:38:25] [32mINFO[39m: [36mGET /heartbeat-runs/032bb982-ef73-4656-aa77-36e0ba353a42/log?offset=24080&limitBytes=256000 304[39m
[11:38:25] [32mINFO[39m: [36mGET /heartbeat-runs/cf32563d-2372-4a10-813c-ca65a320db03/log?offset=22887&limitBytes=256000 304[39m
[11:38:25] [32mINFO[39m: [36mGET /heartbeat-runs/f0bd646b-4bba-4cda-86c4-506d8a0ee9b6/log?offset=24082&limitBytes=256000 304[39m
[11:38:26] [32mINFO[39m: [36mGET /companies/b9e2b5c9-9f24-49ca-bf0e-be3a6832453d/sidebar-badges 304[39m
[11:38:26] [32mINFO[39m: [36mGET /companies/b9e2b5c9-9f24-49ca-bf0e-be3a6832453d/live-runs 304[39m
[11:38:27] [32mINFO[39m: [36mGET /heartbeat-runs/58b045b9-682f-4fe1-adf7-1dcbd5ab2b65/log?offset=21758&limitBytes=256000 304[39m
[11:38:27] [32mINFO[39m: [36mGET /heartbeat-runs/032bb982-ef73-4656-aa77-36e0ba353a42/log?offset=24080&limitBytes=256000 304[39m
[11:38:27] [32mINFO[39m: [36mGET /heartbeat-runs/cf32563d-2372-4a10-813c-ca65a320db03/log?offset=22887&limitBytes=256000 304[39m
[11:38:27] [32mINFO[39m: [36mGET /heartbeat-runs/f0bd646b-4bba-4cda-86c4-506d8a0ee9b6/log?offset=24082&limitBytes=256000 304[39m
[11:38:27] [32mINFO[39m: [36mGET /companies/b9e2b5c9-9f24-49ca-bf0e-be3a6832453d/live-runs 304[39m
[11:38:29] [32mINFO[39m: [36mGET /heartbeat-runs/58b045b9-682f-4fe1-adf7-1dcbd5ab2b65/log?offset=21758&limitBytes=256000 304[39m
[11:38:29] [32mINFO[39m: [36mGET /heartbeat-runs/f0bd646b-4bba-4cda-86c4-506d8a0ee9b6/log?offset=24082&limitBytes=256000 304[39m
[11:38:29] [32mINFO[39m: [36mGET /heartbeat-runs/032bb982-ef73-4656-aa77-36e0ba353a42/log?offset=24080&limitBytes=256000 304[39m
[11:38:29] [32mINFO[39m: [36mGET /heartbeat-runs/cf32563d-2372-4a10-813c-ca65a320db03/log?offset=22887&limitBytes=256000 304[39m
[11:38:31] [32mINFO[39m: [36mGET /heartbeat-runs/f0bd646b-4bba-4cda-86c4-506d8a0ee9b6/log?offset=24082&limitBytes=256000 304[39m
[11:38:31] [32mINFO[39m: [36mGET /heartbeat-runs/cf32563d-2372-4a10-813c-ca65a320db03/log?offset=22887&limitBytes=256000 304[39m
[11:38:31] [32mINFO[39m: [36mGET /heartbeat-runs/58b045b9-682f-4fe1-adf7-1dcbd5ab2b65/log?offset=21758&limitBytes=256000 304[39m
[11:38:31] [32mINFO[39m: [36mGET /heartbeat-runs/032bb982-ef73-4656-aa77-36e0ba353a42/log?offset=24080&limitBytes=256000 304[39m
[11:38:33] [32mINFO[39m: [36mGET /heartbeat-runs/58b045b9-682f-4fe1-adf7-1dcbd5ab2b65/log?offset=21758&limitBytes=256000 304[39m
[11:38:33] [32mINFO[39m: [36mGET /heartbeat-runs/f0bd646b-4bba-4cda-86c4-506d8a0ee9b6/log?offset=24082&limitBytes=256000 304[39m
[11:38:33] [32mINFO[39m: [36mGET /heartbeat-runs/032bb982-ef73-4656-aa77-36e0ba353a42/log?offset=24080&limitBytes=256000 304[39m
[11:38:33] [32mINFO[39m: [36mGET /heartbeat-runs/cf32563d-2372-4a10-813c-ca65a320db03/log?offset=22887&limitBytes=256000 304[39m
[11:38:35] [32mINFO[39m: [36mGET /heartbeat-runs/cf32563d-2372-4a10-813c-ca65a320db03/log?offset=22887&limitBytes=256000 304[39m
[11:38:35] [32mINFO[39m: [36mGET /heartbeat-runs/58b045b9-682f-4fe1-adf7-1dcbd5ab2b65/log?offset=21758&limitBytes=256000 304[39m
[11:38:35] [32mINFO[39m: [36mGET /heartbeat-runs/032bb982-ef73-4656-aa77-36e0ba353a42/log?offset=24080&limitBytes=256000 304[39m
[11:38:35] [32mINFO[39m: [36mGET /heartbeat-runs/f0bd646b-4bba-4cda-86c4-506d8a0ee9b6/log?offset=24082&limitBytes=256000 304[39m
[11:38:36] [32mINFO[39m: [36mGET /companies/b9e2b5c9-9f24-49ca-bf0e-be3a6832453d/live-runs 304[39m
[11:38:37] [32mINFO[39m: [36mGET /heartbeat-runs/58b045b9-682f-4fe1-adf7-1dcbd5ab2b65/log?offset=21758&limitBytes=256000 304[39m
[11:38:37] [32mINFO[39m: [36mGET /heartbeat-runs/f0bd646b-4bba-4cda-86c4-506d8a0ee9b6/log?offset=24082&limitBytes=256000 304[39m
[11:38:37] [32mINFO[39m: [36mGET /heartbeat-runs/cf32563d-2372-4a10-813c-ca65a320db03/log?offset=22887&limitBytes=256000 304[39m
[11:38:37] [32mINFO[39m: [36mGET /heartbeat-runs/032bb982-ef73-4656-aa77-36e0ba353a42/log?offset=24080&limitBytes=256000 304[39m
[11:38:37] [32mINFO[39m: [36mGET /companies/b9e2b5c9-9f24-49ca-bf0e-be3a6832453d/live-runs 304[39m
[11:38:37] [32mINFO[39m: [36mGET /companies/b9e2b5c9-9f24-49ca-bf0e-be3a6832453d/sidebar-badges 304[39m
[11:38:39] [32mINFO[39m: [36mGET /heartbeat-runs/58b045b9-682f-4fe1-adf7-1dcbd5ab2b65/log?offset=21758&limitBytes=256000 304[39m
[11:38:39] [32mINFO[39m: [36mGET /heartbeat-runs/cf32563d-2372-4a10-813c-ca65a320db03/log?offset=22887&limitBytes=256000 304[39m
[11:38:39] [32mINFO[39m: [36mGET /heartbeat-runs/032bb982-ef73-4656-aa77-36e0ba353a42/log?offset=24080&limitBytes=256000 304[39m
[11:38:39] [32mINFO[39m: [36mGET /heartbeat-runs/f0bd646b-4bba-4cda-86c4-506d8a0ee9b6/log?offset=24082&limitBytes=256000 304[39m
[11:38:41] [32mINFO[39m: [36mGET /companies/b9e2b5c9-9f24-49ca-bf0e-be3a6832453d/sidebar-badges 304[39m
[11:38:41] [32mINFO[39m: [36mGET /heartbeat-runs/58b045b9-682f-4fe1-adf7-1dcbd5ab2b65/log?offset=21758&limitBytes=256000 304[39m
[11:38:41] [32mINFO[39m: [36mGET /heartbeat-runs/032bb982-ef73-4656-aa77-36e0ba353a42/log?offset=24080&limitBytes=256000 304[39m
[11:38:41] [32mINFO[39m: [36mGET /heartbeat-runs/f0bd646b-4bba-4cda-86c4-506d8a0ee9b6/log?offset=24082&limitBytes=256000 304[39m
[11:38:41] [32mINFO[39m: [36mGET /heartbeat-runs/cf32563d-2372-4a10-813c-ca65a320db03/log?offset=22887&limitBytes=256000 304[39m
[11:38:43] [32mINFO[39m: [36mGET /heartbeat-runs/cf32563d-2372-4a10-813c-ca65a320db03/log?offset=22887&limitBytes=256000 304[39m
[11:38:43] [32mINFO[39m: [36mGET /heartbeat-runs/032bb982-ef73-4656-aa77-36e0ba353a42/log?offset=24080&limitBytes=256000 304[39m
[11:38:43] [32mINFO[39m: [36mGET /heartbeat-runs/f0bd646b-4bba-4cda-86c4-506d8a0ee9b6/log?offset=24082&limitBytes=256000 304[39m
[11:38:43] [32mINFO[39m: [36mGET /heartbeat-runs/58b045b9-682f-4fe1-adf7-1dcbd5ab2b65/log?offset=21758&limitBytes=256000 304[39m
[11:38:45] [32mINFO[39m: [36mGET /heartbeat-runs/58b045b9-682f-4fe1-adf7-1dcbd5ab2b65/log?offset=21758&limitBytes=256000 304[39m
[11:38:45] [32mINFO[39m: [36mGET /heartbeat-runs/032bb982-ef73-4656-aa77-36e0ba353a42/log?offset=24080&limitBytes=256000 304[39m
[11:38:45] [32mINFO[39m: [36mGET /heartbeat-runs/cf32563d-2372-4a10-813c-ca65a320db03/log?offset=22887&limitBytes=256000 304[39m
[11:38:45] [32mINFO[39m: [36mGET /heartbeat-runs/f0bd646b-4bba-4cda-86c4-506d8a0ee9b6/log?offset=24082&limitBytes=256000 304[39m
[11:38:46] [32mINFO[39m: [36mGET /companies/b9e2b5c9-9f24-49ca-bf0e-be3a6832453d/live-runs 304[39m
[11:38:47] [32mINFO[39m: [36mGET /heartbeat-runs/032bb982-ef73-4656-aa77-36e0ba353a42/log?offset=24080&limitBytes=256000 304[39m
[11:38:47] [32mINFO[39m: [36mGET /heartbeat-runs/cf32563d-2372-4a10-813c-ca65a320db03/log?offset=22887&limitBytes=256000 304[39m
[11:38:47] [32mINFO[39m: [36mGET /heartbeat-runs/f0bd646b-4bba-4cda-86c4-506d8a0ee9b6/log?offset=24082&limitBytes=256000 304[39m
[11:38:47] [32mINFO[39m: [36mGET /heartbeat-runs/58b045b9-682f-4fe1-adf7-1dcbd5ab2b65/log?offset=21758&limitBytes=256000 304[39m
[11:38:47] [32mINFO[39m: [36mGET /companies/b9e2b5c9-9f24-49ca-bf0e-be3a6832453d/live-runs 304[39m
[11:38:49] [32mINFO[39m: [36mGET /heartbeat-runs/032bb982-ef73-4656-aa77-36e0ba353a42/log?offset=24080&limitBytes=256000 304[39m
[11:38:49] [32mINFO[39m: [36mGET /heartbeat-runs/58b045b9-682f-4fe1-adf7-1dcbd5ab2b65/log?offset=21758&limitBytes=256000 304[39m
[11:38:49] [32mINFO[39m: [36mGET /heartbeat-runs/f0bd646b-4bba-4cda-86c4-506d8a0ee9b6/log?offset=24082&limitBytes=256000 304[39m
[11:38:49] [32mINFO[39m: [36mGET /heartbeat-runs/cf32563d-2372-4a10-813c-ca65a320db03/log?offset=22887&limitBytes=256000 304[39m
[11:38:51] [32mINFO[39m: [36mGET /heartbeat-runs/58b045b9-682f-4fe1-adf7-1dcbd5ab2b65/log?offset=21758&limitBytes=256000 304[39m
[11:38:51] [32mINFO[39m: [36mGET /heartbeat-runs/cf32563d-2372-4a10-813c-ca65a320db03/log?offset=22887&limitBytes=256000 304[39m
[11:38:51] [32mINFO[39m: [36mGET /heartbeat-runs/032bb982-ef73-4656-aa77-36e0ba353a42/log?offset=24080&limitBytes=256000 304[39m
[11:38:51] [32mINFO[39m: [36mGET /heartbeat-runs/f0bd646b-4bba-4cda-86c4-506d8a0ee9b6/log?offset=24082&limitBytes=256000 304[39m
[11:38:52] [32mINFO[39m: [36mGET /companies/b9e2b5c9-9f24-49ca-bf0e-be3a6832453d/sidebar-badges 304[39m
[11:38:53] [32mINFO[39m: [36mGET /heartbeat-runs/58b045b9-682f-4fe1-adf7-1dcbd5ab2b65/log?offset=21758&limitBytes=256000 304[39m
[11:38:53] [32mINFO[39m: [36mGET /heartbeat-runs/f0bd646b-4bba-4cda-86c4-506d8a0ee9b6/log?offset=24082&limitBytes=256000 304[39m
[11:38:53] [32mINFO[39m: [36mGET /heartbeat-runs/cf32563d-2372-4a10-813c-ca65a320db03/log?offset=22887&limitBytes=256000 304[39m
[11:38:53] [32mINFO[39m: [36mGET /heartbeat-runs/032bb982-ef73-4656-aa77-36e0ba353a42/log?offset=24080&limitBytes=256000 304[39m
[11:38:55] [32mINFO[39m: [36mGET /heartbeat-runs/58b045b9-682f-4fe1-adf7-1dcbd5ab2b65/log?offset=21758&limitBytes=256000 304[39m
[11:38:55] [32mINFO[39m: [36mGET /heartbeat-runs/032bb982-ef73-4656-aa77-36e0ba353a42/log?offset=24080&limitBytes=256000 304[39m
[11:38:55] [32mINFO[39m: [36mGET /heartbeat-runs/f0bd646b-4bba-4cda-86c4-506d8a0ee9b6/log?offset=24082&limitBytes=256000 304[39m
[11:38:55] [32mINFO[39m: [36mGET /heartbeat-runs/cf32563d-2372-4a10-813c-ca65a320db03/log?offset=22887&limitBytes=256000 304[39m
[11:38:56] [32mINFO[39m: [36mGET /companies/b9e2b5c9-9f24-49ca-bf0e-be3a6832453d/sidebar-badges 304[39m
[11:38:56] [32mINFO[39m: [36mGET /companies/b9e2b5c9-9f24-49ca-bf0e-be3a6832453d/live-runs 304[39m
[11:38:57] [32mINFO[39m: [36mGET /heartbeat-runs/cf32563d-2372-4a10-813c-ca65a320db03/log?offset=22887&limitBytes=256000 304[39m
[11:38:57] [32mINFO[39m: [36mGET /heartbeat-runs/58b045b9-682f-4fe1-adf7-1dcbd5ab2b65/log?offset=21758&limitBytes=256000 304[39m
[11:38:57] [32mINFO[39m: [36mGET /heartbeat-runs/032bb982-ef73-4656-aa77-36e0ba353a42/log?offset=24080&limitBytes=256000 304[39m
[11:38:57] [32mINFO[39m: [36mGET /heartbeat-runs/f0bd646b-4bba-4cda-86c4-506d8a0ee9b6/log?offset=24082&limitBytes=256000 304[39m
[11:38:57] [32mINFO[39m: [36mGET /companies/b9e2b5c9-9f24-49ca-bf0e-be3a6832453d/live-runs 304[39m
[11:38:59] [32mINFO[39m: [36mGET /heartbeat-runs/58b045b9-682f-4fe1-adf7-1dcbd5ab2b65/log?offset=21758&limitBytes=256000 304[39m
[11:38:59] [32mINFO[39m: [36mGET /heartbeat-runs/cf32563d-2372-4a10-813c-ca65a320db03/log?offset=22887&limitBytes=256000 304[39m
[11:38:59] [32mINFO[39m: [36mGET /heartbeat-runs/f0bd646b-4bba-4cda-86c4-506d8a0ee9b6/log?offset=24082&limitBytes=256000 304[39m
[11:38:59] [32mINFO[39m: [36mGET /heartbeat-runs/032bb982-ef73-4656-aa77-36e0ba353a42/log?offset=24080&limitBytes=256000 304[39m
[11:39:01] [32mINFO[39m: [36mGET /heartbeat-runs/cf32563d-2372-4a10-813c-ca65a320db03/log?offset=22887&limitBytes=256000 304[39m
[11:39:01] [32mINFO[39m: [36mGET /heartbeat-runs/58b045b9-682f-4fe1-adf7-1dcbd5ab2b65/log?offset=21758&limitBytes=256000 304[39m
[11:39:01] [32mINFO[39m: [36mGET /heartbeat-runs/f0bd646b-4bba-4cda-86c4-506d8a0ee9b6/log?offset=24082&limitBytes=256000 304[39m
[11:39:01] [32mINFO[39m: [36mGET /heartbeat-runs/032bb982-ef73-4656-aa77-36e0ba353a42/log?offset=24080&limitBytes=256000 304[39m
[11:39:03] [32mINFO[39m: [36mGET /heartbeat-runs/f0bd646b-4bba-4cda-86c4-506d8a0ee9b6/log?offset=24082&limitBytes=256000 304[39m
[11:39:03] [32mINFO[39m: [36mGET /heartbeat-runs/58b045b9-682f-4fe1-adf7-1dcbd5ab2b65/log?offset=21758&limitBytes=256000 304[39m
[11:39:03] [32mINFO[39m: [36mGET /heartbeat-runs/cf32563d-2372-4a10-813c-ca65a320db03/log?offset=22887&limitBytes=256000 304[39m
[11:39:03] [32mINFO[39m: [36mGET /heartbeat-runs/032bb982-ef73-4656-aa77-36e0ba353a42/log?offset=24080&limitBytes=256000 304[39m
[11:39:05] [32mINFO[39m: [36mGET /heartbeat-runs/032bb982-ef73-4656-aa77-36e0ba353a42/log?offset=24080&limitBytes=256000 304[39m
[11:39:05] [32mINFO[39m: [36mGET /heartbeat-runs/58b045b9-682f-4fe1-adf7-1dcbd5ab2b65/log?offset=21758&limitBytes=256000 304[39m
[11:39:05] [32mINFO[39m: [36mGET /heartbeat-runs/f0bd646b-4bba-4cda-86c4-506d8a0ee9b6/log?offset=24082&limitBytes=256000 304[39m
[11:39:05] [32mINFO[39m: [36mGET /heartbeat-runs/cf32563d-2372-4a10-813c-ca65a320db03/log?offset=22887&limitBytes=256000 304[39m
[11:39:07] [32mINFO[39m: [36mGET /heartbeat-runs/58b045b9-682f-4fe1-adf7-1dcbd5ab2b65/log?offset=21758&limitBytes=256000 304[39m
[11:39:07] [32mINFO[39m: [36mGET /heartbeat-runs/032bb982-ef73-4656-aa77-36e0ba353a42/log?offset=24080&limitBytes=256000 304[39m
[11:39:07] [32mINFO[39m: [36mGET /heartbeat-runs/cf32563d-2372-4a10-813c-ca65a320db03/log?offset=22887&limitBytes=256000 304[39m
[11:39:07] [32mINFO[39m: [36mGET /heartbeat-runs/f0bd646b-4bba-4cda-86c4-506d8a0ee9b6/log?offset=24082&limitBytes=256000 304[39m
[11:39:07] [32mINFO[39m: [36mGET /companies/b9e2b5c9-9f24-49ca-bf0e-be3a6832453d/live-runs 304[39m
[11:39:07] [32mINFO[39m: [36mGET /companies/b9e2b5c9-9f24-49ca-bf0e-be3a6832453d/sidebar-badges 304[39m
[11:39:09] [32mINFO[39m: [36mGET /heartbeat-runs/58b045b9-682f-4fe1-adf7-1dcbd5ab2b65/log?offset=21758&limitBytes=256000 304[39m
[11:39:09] [32mINFO[39m: [36mGET /heartbeat-runs/032bb982-ef73-4656-aa77-36e0ba353a42/log?offset=24080&limitBytes=256000 304[39m
[11:39:09] [32mINFO[39m: [36mGET /heartbeat-runs/cf32563d-2372-4a10-813c-ca65a320db03/log?offset=22887&limitBytes=256000 304[39m
[11:39:09] [32mINFO[39m: [36mGET /heartbeat-runs/f0bd646b-4bba-4cda-86c4-506d8a0ee9b6/log?offset=24082&limitBytes=256000 304[39m
[11:39:11] [32mINFO[39m: [36mGET /heartbeat-runs/032bb982-ef73-4656-aa77-36e0ba353a42/log?offset=24080&limitBytes=256000 304[39m
[11:39:11] [32mINFO[39m: [36mGET /heartbeat-runs/cf32563d-2372-4a10-813c-ca65a320db03/log?offset=22887&limitBytes=256000 304[39m
[11:39:11] [32mINFO[39m: [36mGET /heartbeat-runs/58b045b9-682f-4fe1-adf7-1dcbd5ab2b65/log?offset=21758&limitBytes=256000 304[39m
[11:39:11] [32mINFO[39m: [36mGET /heartbeat-runs/f0bd646b-4bba-4cda-86c4-506d8a0ee9b6/log?offset=24082&limitBytes=256000 304[39m
[11:39:13] [32mINFO[39m: [36mGET /heartbeat-runs/032bb982-ef73-4656-aa77-36e0ba353a42/log?offset=24080&limitBytes=256000 304[39m
[11:39:13] [32mINFO[39m: [36mGET /heartbeat-runs/58b045b9-682f-4fe1-adf7-1dcbd5ab2b65/log?offset=21758&limitBytes=256000 304[39m
[11:39:13] [32mINFO[39m: [36mGET /heartbeat-runs/f0bd646b-4bba-4cda-86c4-506d8a0ee9b6/log?offset=24082&limitBytes=256000 304[39m
[11:39:13] [32mINFO[39m: [36mGET /heartbeat-runs/cf32563d-2372-4a10-813c-ca65a320db03/log?offset=22887&limitBytes=256000 304[39m
[11:39:15] [32mINFO[39m: [36mGET /heartbeat-runs/58b045b9-682f-4fe1-adf7-1dcbd5ab2b65/log?offset=21758&limitBytes=256000 304[39m
[11:39:15] [32mINFO[39m: [36mGET /heartbeat-runs/cf32563d-2372-4a10-813c-ca65a320db03/log?offset=22887&limitBytes=256000 304[39m
[11:39:15] [32mINFO[39m: [36mGET /heartbeat-runs/032bb982-ef73-4656-aa77-36e0ba353a42/log?offset=24080&limitBytes=256000 304[39m
[11:39:15] [32mINFO[39m: [36mGET /heartbeat-runs/f0bd646b-4bba-4cda-86c4-506d8a0ee9b6/log?offset=24082&limitBytes=256000 304[39m
[11:39:17] [32mINFO[39m: [36mGET /heartbeat-runs/58b045b9-682f-4fe1-adf7-1dcbd5ab2b65/log?offset=21758&limitBytes=256000 304[39m
[11:39:17] [32mINFO[39m: [36mGET /heartbeat-runs/032bb982-ef73-4656-aa77-36e0ba353a42/log?offset=24080&limitBytes=256000 304[39m
[11:39:17] [32mINFO[39m: [36mGET /heartbeat-runs/f0bd646b-4bba-4cda-86c4-506d8a0ee9b6/log?offset=24082&limitBytes=256000 304[39m
[11:39:17] [32mINFO[39m: [36mGET /heartbeat-runs/cf32563d-2372-4a10-813c-ca65a320db03/log?offset=22887&limitBytes=256000 304[39m
[11:39:17] [32mINFO[39m: [36mGET /companies/b9e2b5c9-9f24-49ca-bf0e-be3a6832453d/live-runs 304[39m
[11:39:19] [32mINFO[39m: [36mGET /heartbeat-runs/cf32563d-2372-4a10-813c-ca65a320db03/log?offset=22887&limitBytes=256000 304[39m
[11:39:19] [32mINFO[39m: [36mGET /heartbeat-runs/032bb982-ef73-4656-aa77-36e0ba353a42/log?offset=24080&limitBytes=256000 304[39m
[11:39:19] [32mINFO[39m: [36mGET /heartbeat-runs/f0bd646b-4bba-4cda-86c4-506d8a0ee9b6/log?offset=24082&limitBytes=256000 304[39m
[11:39:19] [32mINFO[39m: [36mGET /heartbeat-runs/58b045b9-682f-4fe1-adf7-1dcbd5ab2b65/log?offset=21758&limitBytes=256000 304[39m
[11:39:21] [32mINFO[39m: [36mGET /heartbeat-runs/cf32563d-2372-4a10-813c-ca65a320db03/log?offset=22887&limitBytes=256000 304[39m
[11:39:21] [32mINFO[39m: [36mGET /heartbeat-runs/032bb982-ef73-4656-aa77-36e0ba353a42/log?offset=24080&limitBytes=256000 304[39m
[11:39:21] [32mINFO[39m: [36mGET /heartbeat-runs/58b045b9-682f-4fe1-adf7-1dcbd5ab2b65/log?offset=21758&limitBytes=256000 304[39m
[11:39:21] [32mINFO[39m: [36mGET /heartbeat-runs/f0bd646b-4bba-4cda-86c4-506d8a0ee9b6/log?offset=24082&limitBytes=256000 304[39m
[11:39:22] [32mINFO[39m: [36mGET /companies/b9e2b5c9-9f24-49ca-bf0e-be3a6832453d/sidebar-badges 304[39m
[11:39:23] [32mINFO[39m: [36mGET /heartbeat-runs/032bb982-ef73-4656-aa77-36e0ba353a42/log?offset=24080&limitBytes=256000 304[39m
[11:39:23] [32mINFO[39m: [36mGET /heartbeat-runs/cf32563d-2372-4a10-813c-ca65a320db03/log?offset=22887&limitBytes=256000 304[39m
[11:39:23] [32mINFO[39m: [36mGET /heartbeat-runs/58b045b9-682f-4fe1-adf7-1dcbd5ab2b65/log?offset=21758&limitBytes=256000 304[39m
[11:39:23] [32mINFO[39m: [36mGET /heartbeat-runs/f0bd646b-4bba-4cda-86c4-506d8a0ee9b6/log?offset=24082&limitBytes=256000 304[39m
[11:39:25] [32mINFO[39m: [36mGET /heartbeat-runs/f0bd646b-4bba-4cda-86c4-506d8a0ee9b6/log?offset=24082&limitBytes=256000 304[39m
[11:39:25] [32mINFO[39m: [36mGET /heartbeat-runs/58b045b9-682f-4fe1-adf7-1dcbd5ab2b65/log?offset=21758&limitBytes=256000 304[39m
[11:39:25] [32mINFO[39m: [36mGET /heartbeat-runs/032bb982-ef73-4656-aa77-36e0ba353a42/log?offset=24080&limitBytes=256000 304[39m
[11:39:25] [32mINFO[39m: [36mGET /heartbeat-runs/cf32563d-2372-4a10-813c-ca65a320db03/log?offset=22887&limitBytes=256000 304[39m
[11:39:27] [32mINFO[39m: [36mGET /heartbeat-runs/f0bd646b-4bba-4cda-86c4-506d8a0ee9b6/log?offset=24082&limitBytes=256000 304[39m
[11:39:27] [32mINFO[39m: [36mGET /heartbeat-runs/58b045b9-682f-4fe1-adf7-1dcbd5ab2b65/log?offset=21758&limitBytes=256000 304[39m
[11:39:27] [32mINFO[39m: [36mGET /heartbeat-runs/032bb982-ef73-4656-aa77-36e0ba353a42/log?offset=24080&limitBytes=256000 304[39m
[11:39:27] [32mINFO[39m: [36mGET /heartbeat-runs/cf32563d-2372-4a10-813c-ca65a320db03/log?offset=22887&limitBytes=256000 304[39m
[11:39:27] [32mINFO[39m: [36mGET /companies/b9e2b5c9-9f24-49ca-bf0e-be3a6832453d/live-runs 304[39m
[11:39:29] [32mINFO[39m: [36mGET /heartbeat-runs/58b045b9-682f-4fe1-adf7-1dcbd5ab2b65/log?offset=21758&limitBytes=256000 304[39m
[11:39:29] [32mINFO[39m: [36mGET /heartbeat-runs/032bb982-ef73-4656-aa77-36e0ba353a42/log?offset=24080&limitBytes=256000 304[39m
[11:39:29] [32mINFO[39m: [36mGET /heartbeat-runs/cf32563d-2372-4a10-813c-ca65a320db03/log?offset=22887&limitBytes=256000 304[39m
[11:39:29] [32mINFO[39m: [36mGET /heartbeat-runs/f0bd646b-4bba-4cda-86c4-506d8a0ee9b6/log?offset=24082&limitBytes=256000 304[39m
[11:39:31] [32mINFO[39m: [36mGET /heartbeat-runs/58b045b9-682f-4fe1-adf7-1dcbd5ab2b65/log?offset=21758&limitBytes=256000 304[39m
[11:39:31] [32mINFO[39m: [36mGET /heartbeat-runs/cf32563d-2372-4a10-813c-ca65a320db03/log?offset=22887&limitBytes=256000 304[39m
[11:39:31] [32mINFO[39m: [36mGET /heartbeat-runs/f0bd646b-4bba-4cda-86c4-506d8a0ee9b6/log?offset=24082&limitBytes=256000 304[39m
[11:39:31] [32mINFO[39m: [36mGET /heartbeat-runs/032bb982-ef73-4656-aa77-36e0ba353a42/log?offset=24080&limitBytes=256000 304[39m
[11:39:33] [32mINFO[39m: [36mGET /heartbeat-runs/58b045b9-682f-4fe1-adf7-1dcbd5ab2b65/log?offset=21758&limitBytes=256000 304[39m
[11:39:33] [32mINFO[39m: [36mGET /heartbeat-runs/cf32563d-2372-4a10-813c-ca65a320db03/log?offset=22887&limitBytes=256000 304[39m
[11:39:33] [32mINFO[39m: [36mGET /heartbeat-runs/032bb982-ef73-4656-aa77-36e0ba353a42/log?offset=24080&limitBytes=256000 304[39m
[11:39:33] [32mINFO[39m: [36mGET /heartbeat-runs/f0bd646b-4bba-4cda-86c4-506d8a0ee9b6/log?offset=24082&limitBytes=256000 304[39m
[11:39:35] [32mINFO[39m: [36mGET /heartbeat-runs/f0bd646b-4bba-4cda-86c4-506d8a0ee9b6/log?offset=24082&limitBytes=256000 304[39m
[11:39:35] [32mINFO[39m: [36mGET /heartbeat-runs/cf32563d-2372-4a10-813c-ca65a320db03/log?offset=22887&limitBytes=256000 304[39m
[11:39:35] [32mINFO[39m: [36mGET /heartbeat-runs/58b045b9-682f-4fe1-adf7-1dcbd5ab2b65/log?offset=21758&limitBytes=256000 304[39m
[11:39:35] [32mINFO[39m: [36mGET /heartbeat-runs/032bb982-ef73-4656-aa77-36e0ba353a42/log?offset=24080&limitBytes=256000 304[39m
[11:39:37] [32mINFO[39m: [36mGET /heartbeat-runs/cf32563d-2372-4a10-813c-ca65a320db03/log?offset=22887&limitBytes=256000 304[39m
[11:39:37] [32mINFO[39m: [36mGET /heartbeat-runs/58b045b9-682f-4fe1-adf7-1dcbd5ab2b65/log?offset=21758&limitBytes=256000 304[39m
[11:39:37] [32mINFO[39m: [36mGET /heartbeat-runs/032bb982-ef73-4656-aa77-36e0ba353a42/log?offset=24080&limitBytes=256000 304[39m
[11:39:37] [32mINFO[39m: [36mGET /heartbeat-runs/f0bd646b-4bba-4cda-86c4-506d8a0ee9b6/log?offset=24082&limitBytes=256000 304[39m
[11:39:37] [32mINFO[39m: [36mGET /companies/b9e2b5c9-9f24-49ca-bf0e-be3a6832453d/live-runs 304[39m
[11:39:37] [32mINFO[39m: [36mGET /companies/b9e2b5c9-9f24-49ca-bf0e-be3a6832453d/sidebar-badges 304[39m
[11:39:39] [32mINFO[39m: [36mGET /heartbeat-runs/58b045b9-682f-4fe1-adf7-1dcbd5ab2b65/log?offset=21758&limitBytes=256000 304[39m
[11:39:39] [32mINFO[39m: [36mGET /heartbeat-runs/f0bd646b-4bba-4cda-86c4-506d8a0ee9b6/log?offset=24082&limitBytes=256000 304[39m
[11:39:39] [32mINFO[39m: [36mGET /heartbeat-runs/cf32563d-2372-4a10-813c-ca65a320db03/log?offset=22887&limitBytes=256000 304[39m
[11:39:39] [32mINFO[39m: [36mGET /heartbeat-runs/032bb982-ef73-4656-aa77-36e0ba353a42/log?offset=24080&limitBytes=256000 304[39m
[11:39:41] [32mINFO[39m: [36mGET /heartbeat-runs/58b045b9-682f-4fe1-adf7-1dcbd5ab2b65/log?offset=21758&limitBytes=256000 304[39m
[11:39:41] [32mINFO[39m: [36mGET /heartbeat-runs/cf32563d-2372-4a10-813c-ca65a320db03/log?offset=22887&limitBytes=256000 304[39m
[11:39:41] [32mINFO[39m: [36mGET /heartbeat-runs/032bb982-ef73-4656-aa77-36e0ba353a42/log?offset=24080&limitBytes=256000 304[39m
[11:39:41] [32mINFO[39m: [36mGET /heartbeat-runs/f0bd646b-4bba-4cda-86c4-506d8a0ee9b6/log?offset=24082&limitBytes=256000 304[39m
[11:39:43] [32mINFO[39m: [36mGET /heartbeat-runs/032bb982-ef73-4656-aa77-36e0ba353a42/log?offset=24080&limitBytes=256000 304[39m
[11:39:43] [32mINFO[39m: [36mGET /heartbeat-runs/58b045b9-682f-4fe1-adf7-1dcbd5ab2b65/log?offset=21758&limitBytes=256000 304[39m
[11:39:43] [32mINFO[39m: [36mGET /heartbeat-runs/cf32563d-2372-4a10-813c-ca65a320db03/log?offset=22887&limitBytes=256000 304[39m
[11:39:43] [32mINFO[39m: [36mGET /heartbeat-runs/f0bd646b-4bba-4cda-86c4-506d8a0ee9b6/log?offset=24082&limitBytes=256000 304[39m
[11:39:45] [32mINFO[39m: [36mGET /heartbeat-runs/58b045b9-682f-4fe1-adf7-1dcbd5ab2b65/log?offset=21758&limitBytes=256000 304[39m
[11:39:45] [32mINFO[39m: [36mGET /heartbeat-runs/032bb982-ef73-4656-aa77-36e0ba353a42/log?offset=24080&limitBytes=256000 304[39m
[11:39:45] [32mINFO[39m: [36mGET /heartbeat-runs/cf32563d-2372-4a10-813c-ca65a320db03/log?offset=22887&limitBytes=256000 304[39m
[11:39:45] [32mINFO[39m: [36mGET /heartbeat-runs/f0bd646b-4bba-4cda-86c4-506d8a0ee9b6/log?offset=24082&limitBytes=256000 304[39m
[11:39:47] [32mINFO[39m: [36mGET /heartbeat-runs/58b045b9-682f-4fe1-adf7-1dcbd5ab2b65/log?offset=21758&limitBytes=256000 304[39m
[11:39:47] [32mINFO[39m: [36mGET /heartbeat-runs/032bb982-ef73-4656-aa77-36e0ba353a42/log?offset=24080&limitBytes=256000 304[39m
[11:39:47] [32mINFO[39m: [36mGET /heartbeat-runs/cf32563d-2372-4a10-813c-ca65a320db03/log?offset=22887&limitBytes=256000 304[39m
[11:39:47] [32mINFO[39m: [36mGET /heartbeat-runs/f0bd646b-4bba-4cda-86c4-506d8a0ee9b6/log?offset=24082&limitBytes=256000 304[39m
[11:39:47] [32mINFO[39m: [36mGET /companies/b9e2b5c9-9f24-49ca-bf0e-be3a6832453d/live-runs 304[39m
[11:39:49] [32mINFO[39m: [36mGET /heartbeat-runs/cf32563d-2372-4a10-813c-ca65a320db03/log?offset=22887&limitBytes=256000 304[39m
[11:39:49] [32mINFO[39m: [36mGET /heartbeat-runs/58b045b9-682f-4fe1-adf7-1dcbd5ab2b65/log?offset=21758&limitBytes=256000 304[39m
[11:39:49] [32mINFO[39m: [36mGET /heartbeat-runs/032bb982-ef73-4656-aa77-36e0ba353a42/log?offset=24080&limitBytes=256000 304[39m
[11:39:49] [32mINFO[39m: [36mGET /heartbeat-runs/f0bd646b-4bba-4cda-86c4-506d8a0ee9b6/log?offset=24082&limitBytes=256000 304[39m
[11:39:51] [32mINFO[39m: [36mGET /heartbeat-runs/cf32563d-2372-4a10-813c-ca65a320db03/log?offset=22887&limitBytes=256000 304[39m
[11:39:51] [32mINFO[39m: [36mGET /heartbeat-runs/032bb982-ef73-4656-aa77-36e0ba353a42/log?offset=24080&limitBytes=256000 304[39m
[11:39:51] [32mINFO[39m: [36mGET /heartbeat-runs/58b045b9-682f-4fe1-adf7-1dcbd5ab2b65/log?offset=21758&limitBytes=256000 304[39m
[11:39:51] [32mINFO[39m: [36mGET /heartbeat-runs/f0bd646b-4bba-4cda-86c4-506d8a0ee9b6/log?offset=24082&limitBytes=256000 304[39m
[11:39:52] [32mINFO[39m: [36mGET /companies/b9e2b5c9-9f24-49ca-bf0e-be3a6832453d/sidebar-badges 304[39m
[11:39:53] [32mINFO[39m: [36mGET /heartbeat-runs/cf32563d-2372-4a10-813c-ca65a320db03/log?offset=22887&limitBytes=256000 304[39m
[11:39:53] [32mINFO[39m: [36mGET /heartbeat-runs/58b045b9-682f-4fe1-adf7-1dcbd5ab2b65/log?offset=21758&limitBytes=256000 304[39m
[11:39:53] [32mINFO[39m: [36mGET /heartbeat-runs/032bb982-ef73-4656-aa77-36e0ba353a42/log?offset=24080&limitBytes=256000 304[39m
[11:39:53] [32mINFO[39m: [36mGET /heartbeat-runs/f0bd646b-4bba-4cda-86c4-506d8a0ee9b6/log?offset=24082&limitBytes=256000 304[39m
[11:39:55] [32mINFO[39m: [36mGET /heartbeat-runs/58b045b9-682f-4fe1-adf7-1dcbd5ab2b65/log?offset=21758&limitBytes=256000 304[39m
[11:39:55] [32mINFO[39m: [36mGET /heartbeat-runs/f0bd646b-4bba-4cda-86c4-506d8a0ee9b6/log?offset=24082&limitBytes=256000 304[39m
[11:39:55] [32mINFO[39m: [36mGET /heartbeat-runs/032bb982-ef73-4656-aa77-36e0ba353a42/log?offset=24080&limitBytes=256000 304[39m
[11:39:55] [32mINFO[39m: [36mGET /heartbeat-runs/cf32563d-2372-4a10-813c-ca65a320db03/log?offset=22887&limitBytes=256000 304[39m
[11:39:57] [32mINFO[39m: [36mGET /heartbeat-runs/032bb982-ef73-4656-aa77-36e0ba353a42/log?offset=24080&limitBytes=256000 304[39m
[11:39:57] [32mINFO[39m: [36mGET /heartbeat-runs/58b045b9-682f-4fe1-adf7-1dcbd5ab2b65/log?offset=21758&limitBytes=256000 304[39m
[11:39:57] [32mINFO[39m: [36mGET /heartbeat-runs/cf32563d-2372-4a10-813c-ca65a320db03/log?offset=22887&limitBytes=256000 304[39m
[11:39:57] [32mINFO[39m: [36mGET /heartbeat-runs/f0bd646b-4bba-4cda-86c4-506d8a0ee9b6/log?offset=24082&limitBytes=256000 304[39m
[11:39:57] [32mINFO[39m: [36mGET /companies/b9e2b5c9-9f24-49ca-bf0e-be3a6832453d/live-runs 304[39m
[11:39:59] [32mINFO[39m: [36mGET /heartbeat-runs/032bb982-ef73-4656-aa77-36e0ba353a42/log?offset=24080&limitBytes=256000 304[39m
[11:39:59] [32mINFO[39m: [36mGET /heartbeat-runs/58b045b9-682f-4fe1-adf7-1dcbd5ab2b65/log?offset=21758&limitBytes=256000 304[39m
[11:39:59] [32mINFO[39m: [36mGET /heartbeat-runs/cf32563d-2372-4a10-813c-ca65a320db03/log?offset=22887&limitBytes=256000 304[39m
[11:39:59] [32mINFO[39m: [36mGET /heartbeat-runs/f0bd646b-4bba-4cda-86c4-506d8a0ee9b6/log?offset=24082&limitBytes=256000 304[39m
[11:40:01] [32mINFO[39m: [36mGET /heartbeat-runs/58b045b9-682f-4fe1-adf7-1dcbd5ab2b65/log?offset=21758&limitBytes=256000 304[39m
[11:40:01] [32mINFO[39m: [36mGET /heartbeat-runs/cf32563d-2372-4a10-813c-ca65a320db03/log?offset=22887&limitBytes=256000 304[39m
[11:40:01] [32mINFO[39m: [36mGET /heartbeat-runs/f0bd646b-4bba-4cda-86c4-506d8a0ee9b6/log?offset=24082&limitBytes=256000 304[39m
[11:40:01] [32mINFO[39m: [36mGET /heartbeat-runs/032bb982-ef73-4656-aa77-36e0ba353a42/log?offset=24080&limitBytes=256000 304[39m
[11:40:03] [32mINFO[39m: [36mGET /heartbeat-runs/58b045b9-682f-4fe1-adf7-1dcbd5ab2b65/log?offset=21758&limitBytes=256000 304[39m
[11:40:03] [32mINFO[39m: [36mGET /heartbeat-runs/032bb982-ef73-4656-aa77-36e0ba353a42/log?offset=24080&limitBytes=256000 304[39m
[11:40:03] [32mINFO[39m: [36mGET /heartbeat-runs/f0bd646b-4bba-4cda-86c4-506d8a0ee9b6/log?offset=24082&limitBytes=256000 304[39m
[11:40:03] [32mINFO[39m: [36mGET /heartbeat-runs/cf32563d-2372-4a10-813c-ca65a320db03/log?offset=22887&limitBytes=256000 304[39m
[11:40:05] [32mINFO[39m: [36mGET /heartbeat-runs/58b045b9-682f-4fe1-adf7-1dcbd5ab2b65/log?offset=21758&limitBytes=256000 304[39m
[11:40:05] [32mINFO[39m: [36mGET /heartbeat-runs/f0bd646b-4bba-4cda-86c4-506d8a0ee9b6/log?offset=24082&limitBytes=256000 304[39m
[11:40:05] [32mINFO[39m: [36mGET /heartbeat-runs/cf32563d-2372-4a10-813c-ca65a320db03/log?offset=22887&limitBytes=256000 304[39m
[11:40:05] [32mINFO[39m: [36mGET /heartbeat-runs/032bb982-ef73-4656-aa77-36e0ba353a42/log?offset=24080&limitBytes=256000 304[39m
[11:40:07] [32mINFO[39m: [36mGET /heartbeat-runs/f0bd646b-4bba-4cda-86c4-506d8a0ee9b6/log?offset=24082&limitBytes=256000 304[39m
[11:40:07] [32mINFO[39m: [36mGET /heartbeat-runs/cf32563d-2372-4a10-813c-ca65a320db03/log?offset=22887&limitBytes=256000 304[39m
[11:40:07] [32mINFO[39m: [36mGET /heartbeat-runs/032bb982-ef73-4656-aa77-36e0ba353a42/log?offset=24080&limitBytes=256000 304[39m
[11:40:07] [32mINFO[39m: [36mGET /heartbeat-runs/58b045b9-682f-4fe1-adf7-1dcbd5ab2b65/log?offset=21758&limitBytes=256000 304[39m
[11:40:07] [32mINFO[39m: [36mGET /companies/b9e2b5c9-9f24-49ca-bf0e-be3a6832453d/live-runs 304[39m
[11:40:07] [32mINFO[39m: [36mGET /companies/b9e2b5c9-9f24-49ca-bf0e-be3a6832453d/sidebar-badges 304[39m
[11:40:09] [32mINFO[39m: [36mGET /heartbeat-runs/58b045b9-682f-4fe1-adf7-1dcbd5ab2b65/log?offset=21758&limitBytes=256000 304[39m
[11:40:09] [32mINFO[39m: [36mGET /heartbeat-runs/032bb982-ef73-4656-aa77-36e0ba353a42/log?offset=24080&limitBytes=256000 304[39m
[11:40:09] [32mINFO[39m: [36mGET /heartbeat-runs/cf32563d-2372-4a10-813c-ca65a320db03/log?offset=22887&limitBytes=256000 304[39m
[11:40:09] [32mINFO[39m: [36mGET /heartbeat-runs/f0bd646b-4bba-4cda-86c4-506d8a0ee9b6/log?offset=24082&limitBytes=256000 304[39m
[11:40:11] [32mINFO[39m: [36mGET /heartbeat-runs/58b045b9-682f-4fe1-adf7-1dcbd5ab2b65/log?offset=21758&limitBytes=256000 304[39m
[11:40:11] [32mINFO[39m: [36mGET /heartbeat-runs/032bb982-ef73-4656-aa77-36e0ba353a42/log?offset=24080&limitBytes=256000 304[39m
[11:40:11] [32mINFO[39m: [36mGET /heartbeat-runs/cf32563d-2372-4a10-813c-ca65a320db03/log?offset=22887&limitBytes=256000 304[39m
[11:40:11] [32mINFO[39m: [36mGET /heartbeat-runs/f0bd646b-4bba-4cda-86c4-506d8a0ee9b6/log?offset=24082&limitBytes=256000 304[39m
[11:40:13] [32mINFO[39m: [36mGET /heartbeat-runs/58b045b9-682f-4fe1-adf7-1dcbd5ab2b65/log?offset=21758&limitBytes=256000 304[39m
[11:40:13] [32mINFO[39m: [36mGET /heartbeat-runs/f0bd646b-4bba-4cda-86c4-506d8a0ee9b6/log?offset=24082&limitBytes=256000 304[39m
[11:40:13] [32mINFO[39m: [36mGET /heartbeat-runs/cf32563d-2372-4a10-813c-ca65a320db03/log?offset=22887&limitBytes=256000 304[39m
[11:40:13] [32mINFO[39m: [36mGET /heartbeat-runs/032bb982-ef73-4656-aa77-36e0ba353a42/log?offset=24080&limitBytes=256000 304[39m
[11:40:15] [32mINFO[39m: [36mGET /heartbeat-runs/032bb982-ef73-4656-aa77-36e0ba353a42/log?offset=24080&limitBytes=256000 304[39m
[11:40:15] [32mINFO[39m: [36mGET /heartbeat-runs/f0bd646b-4bba-4cda-86c4-506d8a0ee9b6/log?offset=24082&limitBytes=256000 304[39m
[11:40:15] [32mINFO[39m: [36mGET /heartbeat-runs/58b045b9-682f-4fe1-adf7-1dcbd5ab2b65/log?offset=21758&limitBytes=256000 304[39m
[11:40:15] [32mINFO[39m: [36mGET /heartbeat-runs/cf32563d-2372-4a10-813c-ca65a320db03/log?offset=22887&limitBytes=256000 304[39m
[11:40:17] [32mINFO[39m: [36mGET /heartbeat-runs/cf32563d-2372-4a10-813c-ca65a320db03/log?offset=22887&limitBytes=256000 304[39m
[11:40:17] [32mINFO[39m: [36mGET /heartbeat-runs/58b045b9-682f-4fe1-adf7-1dcbd5ab2b65/log?offset=21758&limitBytes=256000 304[39m
[11:40:17] [32mINFO[39m: [36mGET /heartbeat-runs/032bb982-ef73-4656-aa77-36e0ba353a42/log?offset=24080&limitBytes=256000 304[39m
[11:40:17] [32mINFO[39m: [36mGET /heartbeat-runs/f0bd646b-4bba-4cda-86c4-506d8a0ee9b6/log?offset=24082&limitBytes=256000 304[39m
[11:40:17] [32mINFO[39m: [36mGET /companies/b9e2b5c9-9f24-49ca-bf0e-be3a6832453d/live-runs 304[39m
[11:40:19] [32mINFO[39m: [36mGET /heartbeat-runs/032bb982-ef73-4656-aa77-36e0ba353a42/log?offset=24080&limitBytes=256000 304[39m
[11:40:19] [32mINFO[39m: [36mGET /heartbeat-runs/58b045b9-682f-4fe1-adf7-1dcbd5ab2b65/log?offset=21758&limitBytes=256000 304[39m
[11:40:19] [32mINFO[39m: [36mGET /heartbeat-runs/cf32563d-2372-4a10-813c-ca65a320db03/log?offset=22887&limitBytes=256000 304[39m
[11:40:19] [32mINFO[39m: [36mGET /heartbeat-runs/f0bd646b-4bba-4cda-86c4-506d8a0ee9b6/log?offset=24082&limitBytes=256000 304[39m
[11:40:21] [32mINFO[39m: [36mGET /heartbeat-runs/58b045b9-682f-4fe1-adf7-1dcbd5ab2b65/log?offset=21758&limitBytes=256000 304[39m
[11:40:21] [32mINFO[39m: [36mGET /heartbeat-runs/032bb982-ef73-4656-aa77-36e0ba353a42/log?offset=24080&limitBytes=256000 304[39m
[11:40:21] [32mINFO[39m: [36mGET /heartbeat-runs/cf32563d-2372-4a10-813c-ca65a320db03/log?offset=22887&limitBytes=256000 304[39m
[11:40:21] [32mINFO[39m: [36mGET /heartbeat-runs/f0bd646b-4bba-4cda-86c4-506d8a0ee9b6/log?offset=24082&limitBytes=256000 304[39m
[11:40:22] [32mINFO[39m: [36mGET /companies/b9e2b5c9-9f24-49ca-bf0e-be3a6832453d/sidebar-badges 304[39m
[11:40:23] [32mINFO[39m: [36mGET /heartbeat-runs/032bb982-ef73-4656-aa77-36e0ba353a42/log?offset=24080&limitBytes=256000 304[39m
[11:40:23] [32mINFO[39m: [36mGET /heartbeat-runs/58b045b9-682f-4fe1-adf7-1dcbd5ab2b65/log?offset=21758&limitBytes=256000 304[39m
[11:40:23] [32mINFO[39m: [36mGET /heartbeat-runs/f0bd646b-4bba-4cda-86c4-506d8a0ee9b6/log?offset=24082&limitBytes=256000 304[39m
[11:40:23] [32mINFO[39m: [36mGET /heartbeat-runs/cf32563d-2372-4a10-813c-ca65a320db03/log?offset=22887&limitBytes=256000 304[39m
[11:40:25] [32mINFO[39m: [36mGET /heartbeat-runs/f0bd646b-4bba-4cda-86c4-506d8a0ee9b6/log?offset=24082&limitBytes=256000 304[39m
[11:40:25] [32mINFO[39m: [36mGET /heartbeat-runs/58b045b9-682f-4fe1-adf7-1dcbd5ab2b65/log?offset=21758&limitBytes=256000 304[39m
[11:40:25] [32mINFO[39m: [36mGET /heartbeat-runs/032bb982-ef73-4656-aa77-36e0ba353a42/log?offset=24080&limitBytes=256000 304[39m
[11:40:25] [32mINFO[39m: [36mGET /heartbeat-runs/cf32563d-2372-4a10-813c-ca65a320db03/log?offset=22887&limitBytes=256000 304[39m
[11:40:27] [32mINFO[39m: [36mGET /heartbeat-runs/58b045b9-682f-4fe1-adf7-1dcbd5ab2b65/log?offset=21758&limitBytes=256000 304[39m
[11:40:27] [32mINFO[39m: [36mGET /heartbeat-runs/cf32563d-2372-4a10-813c-ca65a320db03/log?offset=22887&limitBytes=256000 304[39m
[11:40:27] [32mINFO[39m: [36mGET /heartbeat-runs/032bb982-ef73-4656-aa77-36e0ba353a42/log?offset=24080&limitBytes=256000 304[39m
[11:40:27] [32mINFO[39m: [36mGET /heartbeat-runs/f0bd646b-4bba-4cda-86c4-506d8a0ee9b6/log?offset=24082&limitBytes=256000 304[39m
[11:40:27] [32mINFO[39m: [36mGET /companies/b9e2b5c9-9f24-49ca-bf0e-be3a6832453d/live-runs 304[39m
[11:40:29] [32mINFO[39m: [36mGET /heartbeat-runs/58b045b9-682f-4fe1-adf7-1dcbd5ab2b65/log?offset=21758&limitBytes=256000 304[39m
[11:40:29] [32mINFO[39m: [36mGET /heartbeat-runs/f0bd646b-4bba-4cda-86c4-506d8a0ee9b6/log?offset=24082&limitBytes=256000 304[39m
[11:40:29] [32mINFO[39m: [36mGET /heartbeat-runs/cf32563d-2372-4a10-813c-ca65a320db03/log?offset=22887&limitBytes=256000 304[39m
[11:40:29] [32mINFO[39m: [36mGET /heartbeat-runs/032bb982-ef73-4656-aa77-36e0ba353a42/log?offset=24080&limitBytes=256000 304[39m
[11:40:31] [32mINFO[39m: [36mGET /heartbeat-runs/032bb982-ef73-4656-aa77-36e0ba353a42/log?offset=24080&limitBytes=256000 304[39m
[11:40:31] [32mINFO[39m: [36mGET /heartbeat-runs/cf32563d-2372-4a10-813c-ca65a320db03/log?offset=22887&limitBytes=256000 304[39m
[11:40:31] [32mINFO[39m: [36mGET /heartbeat-runs/58b045b9-682f-4fe1-adf7-1dcbd5ab2b65/log?offset=21758&limitBytes=256000 304[39m
[11:40:31] [32mINFO[39m: [36mGET /heartbeat-runs/f0bd646b-4bba-4cda-86c4-506d8a0ee9b6/log?offset=24082&limitBytes=256000 304[39m
[11:40:33] [32mINFO[39m: [36mGET /heartbeat-runs/58b045b9-682f-4fe1-adf7-1dcbd5ab2b65/log?offset=21758&limitBytes=256000 304[39m
[11:40:33] [32mINFO[39m: [36mGET /heartbeat-runs/032bb982-ef73-4656-aa77-36e0ba353a42/log?offset=24080&limitBytes=256000 304[39m
[11:40:33] [32mINFO[39m: [36mGET /heartbeat-runs/f0bd646b-4bba-4cda-86c4-506d8a0ee9b6/log?offset=24082&limitBytes=256000 304[39m
[11:40:33] [32mINFO[39m: [36mGET /heartbeat-runs/cf32563d-2372-4a10-813c-ca65a320db03/log?offset=22887&limitBytes=256000 304[39m
[11:40:34] [32mINFO[39m: [36mGET /sw.js 304[39m
[11:40:35] [32mINFO[39m: [36mGET /heartbeat-runs/032bb982-ef73-4656-aa77-36e0ba353a42/log?offset=24080&limitBytes=256000 304[39m
[11:40:35] [32mINFO[39m: [36mGET /heartbeat-runs/58b045b9-682f-4fe1-adf7-1dcbd5ab2b65/log?offset=21758&limitBytes=256000 304[39m
[11:40:35] [32mINFO[39m: [36mGET /heartbeat-runs/cf32563d-2372-4a10-813c-ca65a320db03/log?offset=22887&limitBytes=256000 304[39m
[11:40:35] [32mINFO[39m: [36mGET /heartbeat-runs/f0bd646b-4bba-4cda-86c4-506d8a0ee9b6/log?offset=24082&limitBytes=256000 304[39m
[11:40:37] [32mINFO[39m: [36mGET /heartbeat-runs/cf32563d-2372-4a10-813c-ca65a320db03/log?offset=22887&limitBytes=256000 304[39m
[11:40:37] [32mINFO[39m: [36mGET /heartbeat-runs/58b045b9-682f-4fe1-adf7-1dcbd5ab2b65/log?offset=21758&limitBytes=256000 304[39m
[11:40:37] [32mINFO[39m: [36mGET /heartbeat-runs/f0bd646b-4bba-4cda-86c4-506d8a0ee9b6/log?offset=24082&limitBytes=256000 304[39m
[11:40:37] [32mINFO[39m: [36mGET /heartbeat-runs/032bb982-ef73-4656-aa77-36e0ba353a42/log?offset=24080&limitBytes=256000 304[39m
[11:40:37] [32mINFO[39m: [36mGET /companies/b9e2b5c9-9f24-49ca-bf0e-be3a6832453d/live-runs 304[39m
[11:40:37] [32mINFO[39m: [36mGET /companies/b9e2b5c9-9f24-49ca-bf0e-be3a6832453d/sidebar-badges 304[39m
[11:40:39] [32mINFO[39m: [36mGET /heartbeat-runs/032bb982-ef73-4656-aa77-36e0ba353a42/log?offset=24080&limitBytes=256000 304[39m
[11:40:39] [32mINFO[39m: [36mGET /heartbeat-runs/cf32563d-2372-4a10-813c-ca65a320db03/log?offset=22887&limitBytes=256000 304[39m
[11:40:39] [32mINFO[39m: [36mGET /heartbeat-runs/58b045b9-682f-4fe1-adf7-1dcbd5ab2b65/log?offset=21758&limitBytes=256000 304[39m
[11:40:39] [32mINFO[39m: [36mGET /heartbeat-runs/f0bd646b-4bba-4cda-86c4-506d8a0ee9b6/log?offset=24082&limitBytes=256000 304[39m
[11:40:41] [32mINFO[39m: [36mGET /heartbeat-runs/032bb982-ef73-4656-aa77-36e0ba353a42/log?offset=24080&limitBytes=256000 304[39m
[11:40:41] [32mINFO[39m: [36mGET /heartbeat-runs/58b045b9-682f-4fe1-adf7-1dcbd5ab2b65/log?offset=21758&limitBytes=256000 304[39m
[11:40:41] [32mINFO[39m: [36mGET /heartbeat-runs/f0bd646b-4bba-4cda-86c4-506d8a0ee9b6/log?offset=24082&limitBytes=256000 304[39m
[11:40:41] [32mINFO[39m: [36mGET /heartbeat-runs/cf32563d-2372-4a10-813c-ca65a320db03/log?offset=22887&limitBytes=256000 304[39m
[11:40:43] [32mINFO[39m: [36mGET /heartbeat-runs/58b045b9-682f-4fe1-adf7-1dcbd5ab2b65/log?offset=21758&limitBytes=256000 304[39m
[11:40:43] [32mINFO[39m: [36mGET /heartbeat-runs/032bb982-ef73-4656-aa77-36e0ba353a42/log?offset=24080&limitBytes=256000 304[39m
[11:40:43] [32mINFO[39m: [36mGET /heartbeat-runs/f0bd646b-4bba-4cda-86c4-506d8a0ee9b6/log?offset=24082&limitBytes=256000 304[39m
[11:40:43] [32mINFO[39m: [36mGET /heartbeat-runs/cf32563d-2372-4a10-813c-ca65a320db03/log?offset=22887&limitBytes=256000 304[39m
[11:40:45] [32mINFO[39m: [36mGET /heartbeat-runs/032bb982-ef73-4656-aa77-36e0ba353a42/log?offset=24080&limitBytes=256000 304[39m
[11:40:45] [32mINFO[39m: [36mGET /heartbeat-runs/58b045b9-682f-4fe1-adf7-1dcbd5ab2b65/log?offset=21758&limitBytes=256000 304[39m
[11:40:45] [32mINFO[39m: [36mGET /heartbeat-runs/cf32563d-2372-4a10-813c-ca65a320db03/log?offset=22887&limitBytes=256000 304[39m
[11:40:45] [32mINFO[39m: [36mGET /heartbeat-runs/f0bd646b-4bba-4cda-86c4-506d8a0ee9b6/log?offset=24082&limitBytes=256000 304[39m
[11:40:47] [32mINFO[39m: [36mGET /heartbeat-runs/f0bd646b-4bba-4cda-86c4-506d8a0ee9b6/log?offset=24082&limitBytes=256000 304[39m
[11:40:47] [32mINFO[39m: [36mGET /heartbeat-runs/cf32563d-2372-4a10-813c-ca65a320db03/log?offset=22887&limitBytes=256000 304[39m
[11:40:47] [32mINFO[39m: [36mGET /heartbeat-runs/58b045b9-682f-4fe1-adf7-1dcbd5ab2b65/log?offset=21758&limitBytes=256000 304[39m
[11:40:47] [32mINFO[39m: [36mGET /heartbeat-runs/032bb982-ef73-4656-aa77-36e0ba353a42/log?offset=24080&limitBytes=256000 304[39m
[11:40:47] [32mINFO[39m: [36mGET /companies/b9e2b5c9-9f24-49ca-bf0e-be3a6832453d/live-runs 304[39m
[11:40:49] [32mINFO[39m: [36mGET /heartbeat-runs/f0bd646b-4bba-4cda-86c4-506d8a0ee9b6/log?offset=24082&limitBytes=256000 304[39m
[11:40:49] [32mINFO[39m: [36mGET /heartbeat-runs/58b045b9-682f-4fe1-adf7-1dcbd5ab2b65/log?offset=21758&limitBytes=256000 304[39m
[11:40:49] [32mINFO[39m: [36mGET /heartbeat-runs/032bb982-ef73-4656-aa77-36e0ba353a42/log?offset=24080&limitBytes=256000 304[39m
[11:40:49] [32mINFO[39m: [36mGET /heartbeat-runs/cf32563d-2372-4a10-813c-ca65a320db03/log?offset=22887&limitBytes=256000 304[39m
[11:40:51] [32mINFO[39m: [36mGET /heartbeat-runs/f0bd646b-4bba-4cda-86c4-506d8a0ee9b6/log?offset=24082&limitBytes=256000 304[39m
[11:40:51] [32mINFO[39m: [36mGET /heartbeat-runs/58b045b9-682f-4fe1-adf7-1dcbd5ab2b65/log?offset=21758&limitBytes=256000 304[39m
[11:40:51] [32mINFO[39m: [36mGET /heartbeat-runs/cf32563d-2372-4a10-813c-ca65a320db03/log?offset=22887&limitBytes=256000 304[39m
[11:40:51] [32mINFO[39m: [36mGET /heartbeat-runs/032bb982-ef73-4656-aa77-36e0ba353a42/log?offset=24080&limitBytes=256000 304[39m
[11:40:52] [32mINFO[39m: [36mGET /companies/b9e2b5c9-9f24-49ca-bf0e-be3a6832453d/sidebar-badges 304[39m
[11:40:53] [32mINFO[39m: [36mGET /heartbeat-runs/58b045b9-682f-4fe1-adf7-1dcbd5ab2b65/log?offset=21758&limitBytes=256000 304[39m
[11:40:53] [32mINFO[39m: [36mGET /heartbeat-runs/032bb982-ef73-4656-aa77-36e0ba353a42/log?offset=24080&limitBytes=256000 304[39m
[11:40:53] [32mINFO[39m: [36mGET /heartbeat-runs/cf32563d-2372-4a10-813c-ca65a320db03/log?offset=22887&limitBytes=256000 304[39m
[11:40:53] [32mINFO[39m: [36mGET /heartbeat-runs/f0bd646b-4bba-4cda-86c4-506d8a0ee9b6/log?offset=24082&limitBytes=256000 304[39m
[11:40:55] [32mINFO[39m: [36mGET /heartbeat-runs/58b045b9-682f-4fe1-adf7-1dcbd5ab2b65/log?offset=21758&limitBytes=256000 304[39m
[11:40:55] [32mINFO[39m: [36mGET /heartbeat-runs/032bb982-ef73-4656-aa77-36e0ba353a42/log?offset=24080&limitBytes=256000 304[39m
[11:40:55] [32mINFO[39m: [36mGET /heartbeat-runs/f0bd646b-4bba-4cda-86c4-506d8a0ee9b6/log?offset=24082&limitBytes=256000 304[39m
[11:40:55] [32mINFO[39m: [36mGET /heartbeat-runs/cf32563d-2372-4a10-813c-ca65a320db03/log?offset=22887&limitBytes=256000 304[39m
[11:40:57] [32mINFO[39m: [36mGET /heartbeat-runs/032bb982-ef73-4656-aa77-36e0ba353a42/log?offset=24080&limitBytes=256000 304[39m
[11:40:57] [32mINFO[39m: [36mGET /heartbeat-runs/58b045b9-682f-4fe1-adf7-1dcbd5ab2b65/log?offset=21758&limitBytes=256000 304[39m
[11:40:57] [32mINFO[39m: [36mGET /heartbeat-runs/cf32563d-2372-4a10-813c-ca65a320db03/log?offset=22887&limitBytes=256000 304[39m
[11:40:57] [32mINFO[39m: [36mGET /heartbeat-runs/f0bd646b-4bba-4cda-86c4-506d8a0ee9b6/log?offset=24082&limitBytes=256000 304[39m
[11:40:57] [32mINFO[39m: [36mGET /companies/b9e2b5c9-9f24-49ca-bf0e-be3a6832453d/live-runs 304[39m
[11:40:59] [32mINFO[39m: [36mGET /heartbeat-runs/032bb982-ef73-4656-aa77-36e0ba353a42/log?offset=24080&limitBytes=256000 304[39m
[11:40:59] [32mINFO[39m: [36mGET /heartbeat-runs/58b045b9-682f-4fe1-adf7-1dcbd5ab2b65/log?offset=21758&limitBytes=256000 304[39m
[11:40:59] [32mINFO[39m: [36mGET /heartbeat-runs/cf32563d-2372-4a10-813c-ca65a320db03/log?offset=22887&limitBytes=256000 304[39m
[11:40:59] [32mINFO[39m: [36mGET /heartbeat-runs/f0bd646b-4bba-4cda-86c4-506d8a0ee9b6/log?offset=24082&limitBytes=256000 304[39m
[11:41:01] [32mINFO[39m: [36mGET /heartbeat-runs/032bb982-ef73-4656-aa77-36e0ba353a42/log?offset=24080&limitBytes=256000 304[39m
[11:41:01] [32mINFO[39m: [36mGET /heartbeat-runs/58b045b9-682f-4fe1-adf7-1dcbd5ab2b65/log?offset=21758&limitBytes=256000 304[39m
[11:41:01] [32mINFO[39m: [36mGET /heartbeat-runs/cf32563d-2372-4a10-813c-ca65a320db03/log?offset=22887&limitBytes=256000 304[39m
[11:41:01] [32mINFO[39m: [36mGET /heartbeat-runs/f0bd646b-4bba-4cda-86c4-506d8a0ee9b6/log?offset=24082&limitBytes=256000 304[39m
[11:41:03] [32mINFO[39m: [36mGET /heartbeat-runs/58b045b9-682f-4fe1-adf7-1dcbd5ab2b65/log?offset=21758&limitBytes=256000 304[39m
[11:41:03] [32mINFO[39m: [36mGET /heartbeat-runs/cf32563d-2372-4a10-813c-ca65a320db03/log?offset=22887&limitBytes=256000 304[39m
[11:41:03] [32mINFO[39m: [36mGET /heartbeat-runs/f0bd646b-4bba-4cda-86c4-506d8a0ee9b6/log?offset=24082&limitBytes=256000 304[39m
[11:41:03] [32mINFO[39m: [36mGET /heartbeat-runs/032bb982-ef73-4656-aa77-36e0ba353a42/log?offset=24080&limitBytes=256000 304[39m
[11:41:05] [32mINFO[39m: [36mGET /heartbeat-runs/032bb982-ef73-4656-aa77-36e0ba353a42/log?offset=24080&limitBytes=256000 304[39m
[11:41:05] [32mINFO[39m: [36mGET /heartbeat-runs/58b045b9-682f-4fe1-adf7-1dcbd5ab2b65/log?offset=21758&limitBytes=256000 304[39m
[11:41:05] [32mINFO[39m: [36mGET /heartbeat-runs/cf32563d-2372-4a10-813c-ca65a320db03/log?offset=22887&limitBytes=256000 304[39m
[11:41:05] [32mINFO[39m: [36mGET /heartbeat-runs/f0bd646b-4bba-4cda-86c4-506d8a0ee9b6/log?offset=24082&limitBytes=256000 304[39m
[11:41:07] [32mINFO[39m: [36mGET /heartbeat-runs/58b045b9-682f-4fe1-adf7-1dcbd5ab2b65/log?offset=21758&limitBytes=256000 304[39m
[11:41:07] [32mINFO[39m: [36mGET /heartbeat-runs/f0bd646b-4bba-4cda-86c4-506d8a0ee9b6/log?offset=24082&limitBytes=256000 304[39m
[11:41:07] [32mINFO[39m: [36mGET /heartbeat-runs/cf32563d-2372-4a10-813c-ca65a320db03/log?offset=22887&limitBytes=256000 304[39m
[11:41:07] [32mINFO[39m: [36mGET /heartbeat-runs/032bb982-ef73-4656-aa77-36e0ba353a42/log?offset=24080&limitBytes=256000 304[39m
[11:41:07] [32mINFO[39m: [36mGET /companies/b9e2b5c9-9f24-49ca-bf0e-be3a6832453d/live-runs 304[39m
[11:41:07] [32mINFO[39m: [36mGET /companies/b9e2b5c9-9f24-49ca-bf0e-be3a6832453d/sidebar-badges 304[39m
[11:41:09] [32mINFO[39m: [36mGET /heartbeat-runs/f0bd646b-4bba-4cda-86c4-506d8a0ee9b6/log?offset=24082&limitBytes=256000 304[39m
[11:41:09] [32mINFO[39m: [36mGET /heartbeat-runs/58b045b9-682f-4fe1-adf7-1dcbd5ab2b65/log?offset=21758&limitBytes=256000 304[39m
[11:41:09] [32mINFO[39m: [36mGET /heartbeat-runs/032bb982-ef73-4656-aa77-36e0ba353a42/log?offset=24080&limitBytes=256000 304[39m
[11:41:09] [32mINFO[39m: [36mGET /heartbeat-runs/cf32563d-2372-4a10-813c-ca65a320db03/log?offset=22887&limitBytes=256000 304[39m
[11:41:11] [32mINFO[39m: [36mGET /heartbeat-runs/f0bd646b-4bba-4cda-86c4-506d8a0ee9b6/log?offset=24082&limitBytes=256000 304[39m
[11:41:11] [32mINFO[39m: [36mGET /heartbeat-runs/58b045b9-682f-4fe1-adf7-1dcbd5ab2b65/log?offset=21758&limitBytes=256000 304[39m
[11:41:11] [32mINFO[39m: [36mGET /heartbeat-runs/cf32563d-2372-4a10-813c-ca65a320db03/log?offset=22887&limitBytes=256000 304[39m
[11:41:11] [32mINFO[39m: [36mGET /heartbeat-runs/032bb982-ef73-4656-aa77-36e0ba353a42/log?offset=24080&limitBytes=256000 304[39m
[11:41:13] [32mINFO[39m: [36mGET /heartbeat-runs/cf32563d-2372-4a10-813c-ca65a320db03/log?offset=22887&limitBytes=256000 304[39m
[11:41:13] [32mINFO[39m: [36mGET /heartbeat-runs/58b045b9-682f-4fe1-adf7-1dcbd5ab2b65/log?offset=21758&limitBytes=256000 304[39m
[11:41:13] [32mINFO[39m: [36mGET /heartbeat-runs/f0bd646b-4bba-4cda-86c4-506d8a0ee9b6/log?offset=24082&limitBytes=256000 304[39m
[11:41:13] [32mINFO[39m: [36mGET /heartbeat-runs/032bb982-ef73-4656-aa77-36e0ba353a42/log?offset=24080&limitBytes=256000 304[39m
[11:41:15] [32mINFO[39m: [36mGET /heartbeat-runs/f0bd646b-4bba-4cda-86c4-506d8a0ee9b6/log?offset=24082&limitBytes=256000 304[39m
[11:41:15] [32mINFO[39m: [36mGET /heartbeat-runs/032bb982-ef73-4656-aa77-36e0ba353a42/log?offset=24080&limitBytes=256000 304[39m
[11:41:15] [32mINFO[39m: [36mGET /heartbeat-runs/58b045b9-682f-4fe1-adf7-1dcbd5ab2b65/log?offset=21758&limitBytes=256000 304[39m
[11:41:15] [32mINFO[39m: [36mGET /heartbeat-runs/cf32563d-2372-4a10-813c-ca65a320db03/log?offset=22887&limitBytes=256000 304[39m
[11:41:17] [32mINFO[39m: [36mGET /heartbeat-runs/f0bd646b-4bba-4cda-86c4-506d8a0ee9b6/log?offset=24082&limitBytes=256000 304[39m
[11:41:17] [32mINFO[39m: [36mGET /heartbeat-runs/032bb982-ef73-4656-aa77-36e0ba353a42/log?offset=24080&limitBytes=256000 304[39m
[11:41:17] [32mINFO[39m: [36mGET /heartbeat-runs/cf32563d-2372-4a10-813c-ca65a320db03/log?offset=22887&limitBytes=256000 304[39m
[11:41:17] [32mINFO[39m: [36mGET /heartbeat-runs/58b045b9-682f-4fe1-adf7-1dcbd5ab2b65/log?offset=21758&limitBytes=256000 304[39m
[11:41:17] [32mINFO[39m: [36mGET /companies/b9e2b5c9-9f24-49ca-bf0e-be3a6832453d/live-runs 304[39m
[11:41:19] [32mINFO[39m: [36mGET /heartbeat-runs/58b045b9-682f-4fe1-adf7-1dcbd5ab2b65/log?offset=21758&limitBytes=256000 304[39m
[11:41:19] [32mINFO[39m: [36mGET /heartbeat-runs/032bb982-ef73-4656-aa77-36e0ba353a42/log?offset=24080&limitBytes=256000 304[39m
[11:41:19] [32mINFO[39m: [36mGET /heartbeat-runs/f0bd646b-4bba-4cda-86c4-506d8a0ee9b6/log?offset=24082&limitBytes=256000 304[39m
[11:41:19] [32mINFO[39m: [36mGET /heartbeat-runs/cf32563d-2372-4a10-813c-ca65a320db03/log?offset=22887&limitBytes=256000 304[39m
[11:41:21] [32mINFO[39m: [36mGET /heartbeat-runs/58b045b9-682f-4fe1-adf7-1dcbd5ab2b65/log?offset=21758&limitBytes=256000 304[39m
[11:41:21] [32mINFO[39m: [36mGET /heartbeat-runs/cf32563d-2372-4a10-813c-ca65a320db03/log?offset=22887&limitBytes=256000 304[39m
[11:41:21] [32mINFO[39m: [36mGET /heartbeat-runs/032bb982-ef73-4656-aa77-36e0ba353a42/log?offset=24080&limitBytes=256000 304[39m
[11:41:21] [32mINFO[39m: [36mGET /heartbeat-runs/f0bd646b-4bba-4cda-86c4-506d8a0ee9b6/log?offset=24082&limitBytes=256000 304[39m
[11:41:22] [32mINFO[39m: [36mGET /companies/b9e2b5c9-9f24-49ca-bf0e-be3a6832453d/sidebar-badges 304[39m
[11:41:23] [32mINFO[39m: [36mGET /heartbeat-runs/cf32563d-2372-4a10-813c-ca65a320db03/log?offset=22887&limitBytes=256000 304[39m
[11:41:23] [32mINFO[39m: [36mGET /heartbeat-runs/032bb982-ef73-4656-aa77-36e0ba353a42/log?offset=24080&limitBytes=256000 304[39m
[11:41:23] [32mINFO[39m: [36mGET /heartbeat-runs/58b045b9-682f-4fe1-adf7-1dcbd5ab2b65/log?offset=21758&limitBytes=256000 304[39m
[11:41:23] [32mINFO[39m: [36mGET /heartbeat-runs/f0bd646b-4bba-4cda-86c4-506d8a0ee9b6/log?offset=24082&limitBytes=256000 304[39m
[11:41:25] [32mINFO[39m: [36mGET /heartbeat-runs/f0bd646b-4bba-4cda-86c4-506d8a0ee9b6/log?offset=24082&limitBytes=256000 304[39m
[11:41:25] [32mINFO[39m: [36mGET /heartbeat-runs/032bb982-ef73-4656-aa77-36e0ba353a42/log?offset=24080&limitBytes=256000 304[39m
[11:41:25] [32mINFO[39m: [36mGET /heartbeat-runs/58b045b9-682f-4fe1-adf7-1dcbd5ab2b65/log?offset=21758&limitBytes=256000 304[39m
[11:41:25] [32mINFO[39m: [36mGET /heartbeat-runs/cf32563d-2372-4a10-813c-ca65a320db03/log?offset=22887&limitBytes=256000 304[39m
[11:41:27] [32mINFO[39m: [36mGET /heartbeat-runs/58b045b9-682f-4fe1-adf7-1dcbd5ab2b65/log?offset=21758&limitBytes=256000 304[39m
[11:41:27] [32mINFO[39m: [36mGET /heartbeat-runs/cf32563d-2372-4a10-813c-ca65a320db03/log?offset=22887&limitBytes=256000 304[39m
[11:41:27] [32mINFO[39m: [36mGET /heartbeat-runs/f0bd646b-4bba-4cda-86c4-506d8a0ee9b6/log?offset=24082&limitBytes=256000 304[39m
[11:41:27] [32mINFO[39m: [36mGET /heartbeat-runs/032bb982-ef73-4656-aa77-36e0ba353a42/log?offset=24080&limitBytes=256000 304[39m
[11:41:27] [32mINFO[39m: [36mGET /companies/b9e2b5c9-9f24-49ca-bf0e-be3a6832453d/live-runs 304[39m
[11:41:29] [32mINFO[39m: [36mGET /heartbeat-runs/58b045b9-682f-4fe1-adf7-1dcbd5ab2b65/log?offset=21758&limitBytes=256000 304[39m
[11:41:29] [32mINFO[39m: [36mGET /heartbeat-runs/cf32563d-2372-4a10-813c-ca65a320db03/log?offset=22887&limitBytes=256000 304[39m
[11:41:29] [32mINFO[39m: [36mGET /heartbeat-runs/032bb982-ef73-4656-aa77-36e0ba353a42/log?offset=24080&limitBytes=256000 304[39m
[11:41:29] [32mINFO[39m: [36mGET /heartbeat-runs/f0bd646b-4bba-4cda-86c4-506d8a0ee9b6/log?offset=24082&limitBytes=256000 304[39m
[11:41:31] [32mINFO[39m: [36mGET /heartbeat-runs/f0bd646b-4bba-4cda-86c4-506d8a0ee9b6/log?offset=24082&limitBytes=256000 304[39m
[11:41:31] [32mINFO[39m: [36mGET /heartbeat-runs/58b045b9-682f-4fe1-adf7-1dcbd5ab2b65/log?offset=21758&limitBytes=256000 304[39m
[11:41:31] [32mINFO[39m: [36mGET /heartbeat-runs/cf32563d-2372-4a10-813c-ca65a320db03/log?offset=22887&limitBytes=256000 304[39m
[11:41:31] [32mINFO[39m: [36mGET /heartbeat-runs/032bb982-ef73-4656-aa77-36e0ba353a42/log?offset=24080&limitBytes=256000 304[39m
[11:41:33] [32mINFO[39m: [36mGET /heartbeat-runs/f0bd646b-4bba-4cda-86c4-506d8a0ee9b6/log?offset=24082&limitBytes=256000 304[39m
[11:41:33] [32mINFO[39m: [36mGET /heartbeat-runs/cf32563d-2372-4a10-813c-ca65a320db03/log?offset=22887&limitBytes=256000 304[39m
[11:41:33] [32mINFO[39m: [36mGET /heartbeat-runs/58b045b9-682f-4fe1-adf7-1dcbd5ab2b65/log?offset=21758&limitBytes=256000 304[39m
[11:41:33] [32mINFO[39m: [36mGET /heartbeat-runs/032bb982-ef73-4656-aa77-36e0ba353a42/log?offset=24080&limitBytes=256000 304[39m
[11:41:35] [32mINFO[39m: [36mGET /heartbeat-runs/58b045b9-682f-4fe1-adf7-1dcbd5ab2b65/log?offset=21758&limitBytes=256000 304[39m
[11:41:35] [32mINFO[39m: [36mGET /heartbeat-runs/cf32563d-2372-4a10-813c-ca65a320db03/log?offset=22887&limitBytes=256000 304[39m
[11:41:35] [32mINFO[39m: [36mGET /heartbeat-runs/032bb982-ef73-4656-aa77-36e0ba353a42/log?offset=24080&limitBytes=256000 304[39m
[11:41:35] [32mINFO[39m: [36mGET /heartbeat-runs/f0bd646b-4bba-4cda-86c4-506d8a0ee9b6/log?offset=24082&limitBytes=256000 304[39m
[11:41:37] [32mINFO[39m: [36mGET /heartbeat-runs/f0bd646b-4bba-4cda-86c4-506d8a0ee9b6/log?offset=24082&limitBytes=256000 304[39m
[11:41:37] [32mINFO[39m: [36mGET /heartbeat-runs/58b045b9-682f-4fe1-adf7-1dcbd5ab2b65/log?offset=21758&limitBytes=256000 304[39m
[11:41:37] [32mINFO[39m: [36mGET /heartbeat-runs/cf32563d-2372-4a10-813c-ca65a320db03/log?offset=22887&limitBytes=256000 304[39m
[11:41:37] [32mINFO[39m: [36mGET /heartbeat-runs/032bb982-ef73-4656-aa77-36e0ba353a42/log?offset=24080&limitBytes=256000 304[39m
[11:41:37] [32mINFO[39m: [36mGET /companies/b9e2b5c9-9f24-49ca-bf0e-be3a6832453d/live-runs 304[39m
[11:41:37] [32mINFO[39m: [36mGET /companies/b9e2b5c9-9f24-49ca-bf0e-be3a6832453d/sidebar-badges 304[39m
[11:41:39] [32mINFO[39m: [36mGET /heartbeat-runs/58b045b9-682f-4fe1-adf7-1dcbd5ab2b65/log?offset=21758&limitBytes=256000 304[39m
[11:41:39] [32mINFO[39m: [36mGET /heartbeat-runs/032bb982-ef73-4656-aa77-36e0ba353a42/log?offset=24080&limitBytes=256000 304[39m
[11:41:39] [32mINFO[39m: [36mGET /heartbeat-runs/f0bd646b-4bba-4cda-86c4-506d8a0ee9b6/log?offset=24082&limitBytes=256000 304[39m
[11:41:39] [32mINFO[39m: [36mGET /heartbeat-runs/cf32563d-2372-4a10-813c-ca65a320db03/log?offset=22887&limitBytes=256000 304[39m
[11:41:41] [32mINFO[39m: [36mGET /heartbeat-runs/032bb982-ef73-4656-aa77-36e0ba353a42/log?offset=24080&limitBytes=256000 304[39m
[11:41:41] [32mINFO[39m: [36mGET /heartbeat-runs/58b045b9-682f-4fe1-adf7-1dcbd5ab2b65/log?offset=21758&limitBytes=256000 304[39m
[11:41:41] [32mINFO[39m: [36mGET /heartbeat-runs/cf32563d-2372-4a10-813c-ca65a320db03/log?offset=22887&limitBytes=256000 304[39m
[11:41:41] [32mINFO[39m: [36mGET /heartbeat-runs/f0bd646b-4bba-4cda-86c4-506d8a0ee9b6/log?offset=24082&limitBytes=256000 304[39m
[11:41:43] [32mINFO[39m: [36mGET /heartbeat-runs/f0bd646b-4bba-4cda-86c4-506d8a0ee9b6/log?offset=24082&limitBytes=256000 304[39m
[11:41:43] [32mINFO[39m: [36mGET /heartbeat-runs/58b045b9-682f-4fe1-adf7-1dcbd5ab2b65/log?offset=21758&limitBytes=256000 304[39m
[11:41:43] [32mINFO[39m: [36mGET /heartbeat-runs/cf32563d-2372-4a10-813c-ca65a320db03/log?offset=22887&limitBytes=256000 304[39m
[11:41:43] [32mINFO[39m: [36mGET /heartbeat-runs/032bb982-ef73-4656-aa77-36e0ba353a42/log?offset=24080&limitBytes=256000 304[39m
[11:41:45] [32mINFO[39m: [36mGET /heartbeat-runs/58b045b9-682f-4fe1-adf7-1dcbd5ab2b65/log?offset=21758&limitBytes=256000 304[39m
[11:41:45] [32mINFO[39m: [36mGET /heartbeat-runs/032bb982-ef73-4656-aa77-36e0ba353a42/log?offset=24080&limitBytes=256000 304[39m
[11:41:45] [32mINFO[39m: [36mGET /heartbeat-runs/f0bd646b-4bba-4cda-86c4-506d8a0ee9b6/log?offset=24082&limitBytes=256000 304[39m
[11:41:45] [32mINFO[39m: [36mGET /heartbeat-runs/cf32563d-2372-4a10-813c-ca65a320db03/log?offset=22887&limitBytes=256000 304[39m
[11:41:47] [32mINFO[39m: [36mGET /heartbeat-runs/f0bd646b-4bba-4cda-86c4-506d8a0ee9b6/log?offset=24082&limitBytes=256000 304[39m
[11:41:47] [32mINFO[39m: [36mGET /heartbeat-runs/58b045b9-682f-4fe1-adf7-1dcbd5ab2b65/log?offset=21758&limitBytes=256000 304[39m
[11:41:47] [32mINFO[39m: [36mGET /heartbeat-runs/032bb982-ef73-4656-aa77-36e0ba353a42/log?offset=24080&limitBytes=256000 304[39m
[11:41:47] [32mINFO[39m: [36mGET /heartbeat-runs/cf32563d-2372-4a10-813c-ca65a320db03/log?offset=22887&limitBytes=256000 304[39m
[11:41:47] [32mINFO[39m: [36mGET /companies/b9e2b5c9-9f24-49ca-bf0e-be3a6832453d/live-runs 304[39m
[11:41:49] [32mINFO[39m: [36mGET /heartbeat-runs/58b045b9-682f-4fe1-adf7-1dcbd5ab2b65/log?offset=21758&limitBytes=256000 304[39m
[11:41:49] [32mINFO[39m: [36mGET /heartbeat-runs/cf32563d-2372-4a10-813c-ca65a320db03/log?offset=22887&limitBytes=256000 304[39m
[11:41:49] [32mINFO[39m: [36mGET /heartbeat-runs/032bb982-ef73-4656-aa77-36e0ba353a42/log?offset=24080&limitBytes=256000 304[39m
[11:41:49] [32mINFO[39m: [36mGET /heartbeat-runs/f0bd646b-4bba-4cda-86c4-506d8a0ee9b6/log?offset=24082&limitBytes=256000 304[39m
[11:41:51] [32mINFO[39m: [36mGET /heartbeat-runs/f0bd646b-4bba-4cda-86c4-506d8a0ee9b6/log?offset=24082&limitBytes=256000 304[39m
[11:41:51] [32mINFO[39m: [36mGET /heartbeat-runs/58b045b9-682f-4fe1-adf7-1dcbd5ab2b65/log?offset=21758&limitBytes=256000 304[39m
[11:41:51] [32mINFO[39m: [36mGET /heartbeat-runs/cf32563d-2372-4a10-813c-ca65a320db03/log?offset=22887&limitBytes=256000 304[39m
[11:41:51] [32mINFO[39m: [36mGET /heartbeat-runs/032bb982-ef73-4656-aa77-36e0ba353a42/log?offset=24080&limitBytes=256000 304[39m
[11:41:52] [32mINFO[39m: [36mGET /companies/b9e2b5c9-9f24-49ca-bf0e-be3a6832453d/sidebar-badges 304[39m
[11:41:53] [32mINFO[39m: [36mGET /heartbeat-runs/cf32563d-2372-4a10-813c-ca65a320db03/log?offset=22887&limitBytes=256000 304[39m
[11:41:53] [32mINFO[39m: [36mGET /heartbeat-runs/58b045b9-682f-4fe1-adf7-1dcbd5ab2b65/log?offset=21758&limitBytes=256000 304[39m
[11:41:53] [32mINFO[39m: [36mGET /heartbeat-runs/f0bd646b-4bba-4cda-86c4-506d8a0ee9b6/log?offset=24082&limitBytes=256000 304[39m
[11:41:53] [32mINFO[39m: [36mGET /heartbeat-runs/032bb982-ef73-4656-aa77-36e0ba353a42/log?offset=24080&limitBytes=256000 304[39m
[11:41:55] [32mINFO[39m: [36mGET /heartbeat-runs/58b045b9-682f-4fe1-adf7-1dcbd5ab2b65/log?offset=21758&limitBytes=256000 304[39m
[11:41:55] [32mINFO[39m: [36mGET /heartbeat-runs/cf32563d-2372-4a10-813c-ca65a320db03/log?offset=22887&limitBytes=256000 304[39m
[11:41:55] [32mINFO[39m: [36mGET /heartbeat-runs/f0bd646b-4bba-4cda-86c4-506d8a0ee9b6/log?offset=24082&limitBytes=256000 304[39m
[11:41:55] [32mINFO[39m: [36mGET /heartbeat-runs/032bb982-ef73-4656-aa77-36e0ba353a42/log?offset=24080&limitBytes=256000 304[39m
[11:41:57] [32mINFO[39m: [36mGET /heartbeat-runs/58b045b9-682f-4fe1-adf7-1dcbd5ab2b65/log?offset=21758&limitBytes=256000 304[39m
[11:41:57] [32mINFO[39m: [36mGET /heartbeat-runs/f0bd646b-4bba-4cda-86c4-506d8a0ee9b6/log?offset=24082&limitBytes=256000 304[39m
[11:41:57] [32mINFO[39m: [36mGET /heartbeat-runs/032bb982-ef73-4656-aa77-36e0ba353a42/log?offset=24080&limitBytes=256000 304[39m
[11:41:57] [32mINFO[39m: [36mGET /heartbeat-runs/cf32563d-2372-4a10-813c-ca65a320db03/log?offset=22887&limitBytes=256000 304[39m
[11:41:57] [32mINFO[39m: [36mGET /companies/b9e2b5c9-9f24-49ca-bf0e-be3a6832453d/live-runs 304[39m
[11:41:59] [32mINFO[39m: [36mGET /heartbeat-runs/58b045b9-682f-4fe1-adf7-1dcbd5ab2b65/log?offset=21758&limitBytes=256000 304[39m
[11:41:59] [32mINFO[39m: [36mGET /heartbeat-runs/032bb982-ef73-4656-aa77-36e0ba353a42/log?offset=24080&limitBytes=256000 304[39m
[11:41:59] [32mINFO[39m: [36mGET /heartbeat-runs/f0bd646b-4bba-4cda-86c4-506d8a0ee9b6/log?offset=24082&limitBytes=256000 304[39m
[11:41:59] [32mINFO[39m: [36mGET /heartbeat-runs/cf32563d-2372-4a10-813c-ca65a320db03/log?offset=22887&limitBytes=256000 304[39m
[11:42:01] [32mINFO[39m: [36mGET /heartbeat-runs/032bb982-ef73-4656-aa77-36e0ba353a42/log?offset=24080&limitBytes=256000 304[39m
[11:42:01] [32mINFO[39m: [36mGET /heartbeat-runs/58b045b9-682f-4fe1-adf7-1dcbd5ab2b65/log?offset=21758&limitBytes=256000 304[39m
[11:42:01] [32mINFO[39m: [36mGET /heartbeat-runs/cf32563d-2372-4a10-813c-ca65a320db03/log?offset=22887&limitBytes=256000 304[39m
[11:42:01] [32mINFO[39m: [36mGET /heartbeat-runs/f0bd646b-4bba-4cda-86c4-506d8a0ee9b6/log?offset=24082&limitBytes=256000 304[39m
[11:42:03] [32mINFO[39m: [36mGET /heartbeat-runs/58b045b9-682f-4fe1-adf7-1dcbd5ab2b65/log?offset=21758&limitBytes=256000 304[39m
[11:42:03] [32mINFO[39m: [36mGET /heartbeat-runs/f0bd646b-4bba-4cda-86c4-506d8a0ee9b6/log?offset=24082&limitBytes=256000 304[39m
[11:42:03] [32mINFO[39m: [36mGET /heartbeat-runs/cf32563d-2372-4a10-813c-ca65a320db03/log?offset=22887&limitBytes=256000 304[39m
[11:42:03] [32mINFO[39m: [36mGET /heartbeat-runs/032bb982-ef73-4656-aa77-36e0ba353a42/log?offset=24080&limitBytes=256000 304[39m
[11:42:05] [32mINFO[39m: [36mGET /heartbeat-runs/58b045b9-682f-4fe1-adf7-1dcbd5ab2b65/log?offset=21758&limitBytes=256000 304[39m
[11:42:05] [32mINFO[39m: [36mGET /heartbeat-runs/cf32563d-2372-4a10-813c-ca65a320db03/log?offset=22887&limitBytes=256000 304[39m
[11:42:05] [32mINFO[39m: [36mGET /heartbeat-runs/032bb982-ef73-4656-aa77-36e0ba353a42/log?offset=24080&limitBytes=256000 304[39m
[11:42:05] [32mINFO[39m: [36mGET /heartbeat-runs/f0bd646b-4bba-4cda-86c4-506d8a0ee9b6/log?offset=24082&limitBytes=256000 304[39m
[11:42:07] [32mINFO[39m: [36mGET /heartbeat-runs/032bb982-ef73-4656-aa77-36e0ba353a42/log?offset=24080&limitBytes=256000 304[39m
[11:42:07] [32mINFO[39m: [36mGET /heartbeat-runs/58b045b9-682f-4fe1-adf7-1dcbd5ab2b65/log?offset=21758&limitBytes=256000 304[39m
[11:42:07] [32mINFO[39m: [36mGET /heartbeat-runs/f0bd646b-4bba-4cda-86c4-506d8a0ee9b6/log?offset=24082&limitBytes=256000 304[39m
[11:42:07] [32mINFO[39m: [36mGET /heartbeat-runs/cf32563d-2372-4a10-813c-ca65a320db03/log?offset=22887&limitBytes=256000 304[39m
[11:42:07] [32mINFO[39m: [36mGET /companies/b9e2b5c9-9f24-49ca-bf0e-be3a6832453d/live-runs 304[39m
[11:42:07] [32mINFO[39m: [36mGET /companies/b9e2b5c9-9f24-49ca-bf0e-be3a6832453d/sidebar-badges 304[39m
[11:42:09] [32mINFO[39m: [36mGET /heartbeat-runs/032bb982-ef73-4656-aa77-36e0ba353a42/log?offset=24080&limitBytes=256000 304[39m
[11:42:09] [32mINFO[39m: [36mGET /heartbeat-runs/f0bd646b-4bba-4cda-86c4-506d8a0ee9b6/log?offset=24082&limitBytes=256000 304[39m
[11:42:09] [32mINFO[39m: [36mGET /heartbeat-runs/58b045b9-682f-4fe1-adf7-1dcbd5ab2b65/log?offset=21758&limitBytes=256000 304[39m
[11:42:09] [32mINFO[39m: [36mGET /heartbeat-runs/cf32563d-2372-4a10-813c-ca65a320db03/log?offset=22887&limitBytes=256000 304[39m
[11:42:11] [32mINFO[39m: [36mGET /heartbeat-runs/cf32563d-2372-4a10-813c-ca65a320db03/log?offset=22887&limitBytes=256000 304[39m
[11:42:11] [32mINFO[39m: [36mGET /heartbeat-runs/58b045b9-682f-4fe1-adf7-1dcbd5ab2b65/log?offset=21758&limitBytes=256000 304[39m
[11:42:11] [32mINFO[39m: [36mGET /heartbeat-runs/032bb982-ef73-4656-aa77-36e0ba353a42/log?offset=24080&limitBytes=256000 304[39m
[11:42:11] [32mINFO[39m: [36mGET /heartbeat-runs/f0bd646b-4bba-4cda-86c4-506d8a0ee9b6/log?offset=24082&limitBytes=256000 304[39m
[11:42:13] [32mINFO[39m: [36mGET /heartbeat-runs/f0bd646b-4bba-4cda-86c4-506d8a0ee9b6/log?offset=24082&limitBytes=256000 304[39m
[11:42:13] [32mINFO[39m: [36mGET /heartbeat-runs/cf32563d-2372-4a10-813c-ca65a320db03/log?offset=22887&limitBytes=256000 304[39m
[11:42:13] [32mINFO[39m: [36mGET /heartbeat-runs/58b045b9-682f-4fe1-adf7-1dcbd5ab2b65/log?offset=21758&limitBytes=256000 304[39m
[11:42:13] [32mINFO[39m: [36mGET /heartbeat-runs/032bb982-ef73-4656-aa77-36e0ba353a42/log?offset=24080&limitBytes=256000 304[39m
[11:42:15] [32mINFO[39m: [36mGET /heartbeat-runs/58b045b9-682f-4fe1-adf7-1dcbd5ab2b65/log?offset=21758&limitBytes=256000 304[39m
[11:42:15] [32mINFO[39m: [36mGET /heartbeat-runs/cf32563d-2372-4a10-813c-ca65a320db03/log?offset=22887&limitBytes=256000 304[39m
[11:42:15] [32mINFO[39m: [36mGET /heartbeat-runs/f0bd646b-4bba-4cda-86c4-506d8a0ee9b6/log?offset=24082&limitBytes=256000 304[39m
[11:42:15] [32mINFO[39m: [36mGET /heartbeat-runs/032bb982-ef73-4656-aa77-36e0ba353a42/log?offset=24080&limitBytes=256000 304[39m
[11:42:17] [32mINFO[39m: [36mGET /heartbeat-runs/58b045b9-682f-4fe1-adf7-1dcbd5ab2b65/log?offset=21758&limitBytes=256000 304[39m
[11:42:17] [32mINFO[39m: [36mGET /heartbeat-runs/cf32563d-2372-4a10-813c-ca65a320db03/log?offset=22887&limitBytes=256000 304[39m
[11:42:17] [32mINFO[39m: [36mGET /heartbeat-runs/f0bd646b-4bba-4cda-86c4-506d8a0ee9b6/log?offset=24082&limitBytes=256000 304[39m
[11:42:17] [32mINFO[39m: [36mGET /heartbeat-runs/032bb982-ef73-4656-aa77-36e0ba353a42/log?offset=24080&limitBytes=256000 304[39m
[11:42:17] [32mINFO[39m: [36mGET /companies/b9e2b5c9-9f24-49ca-bf0e-be3a6832453d/live-runs 304[39m
[11:42:19] [32mINFO[39m: [36mGET /heartbeat-runs/cf32563d-2372-4a10-813c-ca65a320db03/log?offset=22887&limitBytes=256000 304[39m
[11:42:19] [32mINFO[39m: [36mGET /heartbeat-runs/58b045b9-682f-4fe1-adf7-1dcbd5ab2b65/log?offset=21758&limitBytes=256000 304[39m
[11:42:19] [32mINFO[39m: [36mGET /heartbeat-runs/f0bd646b-4bba-4cda-86c4-506d8a0ee9b6/log?offset=24082&limitBytes=256000 304[39m
[11:42:19] [32mINFO[39m: [36mGET /heartbeat-runs/032bb982-ef73-4656-aa77-36e0ba353a42/log?offset=24080&limitBytes=256000 304[39m
[11:42:21] [32mINFO[39m: [36mGET /heartbeat-runs/f0bd646b-4bba-4cda-86c4-506d8a0ee9b6/log?offset=24082&limitBytes=256000 304[39m
[11:42:21] [32mINFO[39m: [36mGET /heartbeat-runs/58b045b9-682f-4fe1-adf7-1dcbd5ab2b65/log?offset=21758&limitBytes=256000 304[39m
[11:42:21] [32mINFO[39m: [36mGET /heartbeat-runs/032bb982-ef73-4656-aa77-36e0ba353a42/log?offset=24080&limitBytes=256000 304[39m
[11:42:21] [32mINFO[39m: [36mGET /heartbeat-runs/cf32563d-2372-4a10-813c-ca65a320db03/log?offset=22887&limitBytes=256000 304[39m
[11:42:22] [32mINFO[39m: [36mGET /companies/b9e2b5c9-9f24-49ca-bf0e-be3a6832453d/sidebar-badges 304[39m
[11:42:23] [32mINFO[39m: [36mGET /heartbeat-runs/58b045b9-682f-4fe1-adf7-1dcbd5ab2b65/log?offset=21758&limitBytes=256000 304[39m
[11:42:23] [32mINFO[39m: [36mGET /heartbeat-runs/032bb982-ef73-4656-aa77-36e0ba353a42/log?offset=24080&limitBytes=256000 304[39m
[11:42:23] [32mINFO[39m: [36mGET /heartbeat-runs/cf32563d-2372-4a10-813c-ca65a320db03/log?offset=22887&limitBytes=256000 304[39m
[11:42:23] [32mINFO[39m: [36mGET /heartbeat-runs/f0bd646b-4bba-4cda-86c4-506d8a0ee9b6/log?offset=24082&limitBytes=256000 304[39m
[11:42:25] [32mINFO[39m: [36mGET /heartbeat-runs/58b045b9-682f-4fe1-adf7-1dcbd5ab2b65/log?offset=21758&limitBytes=256000 304[39m
[11:42:25] [32mINFO[39m: [36mGET /heartbeat-runs/cf32563d-2372-4a10-813c-ca65a320db03/log?offset=22887&limitBytes=256000 304[39m
[11:42:25] [32mINFO[39m: [36mGET /heartbeat-runs/032bb982-ef73-4656-aa77-36e0ba353a42/log?offset=24080&limitBytes=256000 304[39m
[11:42:25] [32mINFO[39m: [36mGET /heartbeat-runs/f0bd646b-4bba-4cda-86c4-506d8a0ee9b6/log?offset=24082&limitBytes=256000 304[39m
[11:42:27] [32mINFO[39m: [36mGET /heartbeat-runs/cf32563d-2372-4a10-813c-ca65a320db03/log?offset=22887&limitBytes=256000 304[39m
[11:42:27] [32mINFO[39m: [36mGET /heartbeat-runs/032bb982-ef73-4656-aa77-36e0ba353a42/log?offset=24080&limitBytes=256000 304[39m
[11:42:27] [32mINFO[39m: [36mGET /heartbeat-runs/f0bd646b-4bba-4cda-86c4-506d8a0ee9b6/log?offset=24082&limitBytes=256000 304[39m
[11:42:27] [32mINFO[39m: [36mGET /heartbeat-runs/58b045b9-682f-4fe1-adf7-1dcbd5ab2b65/log?offset=21758&limitBytes=256000 304[39m
[11:42:27] [32mINFO[39m: [36mGET /companies/b9e2b5c9-9f24-49ca-bf0e-be3a6832453d/live-runs 304[39m
[11:42:29] [32mINFO[39m: [36mGET /heartbeat-runs/cf32563d-2372-4a10-813c-ca65a320db03/log?offset=22887&limitBytes=256000 304[39m
[11:42:29] [32mINFO[39m: [36mGET /heartbeat-runs/032bb982-ef73-4656-aa77-36e0ba353a42/log?offset=24080&limitBytes=256000 304[39m
[11:42:29] [32mINFO[39m: [36mGET /heartbeat-runs/58b045b9-682f-4fe1-adf7-1dcbd5ab2b65/log?offset=21758&limitBytes=256000 304[39m
[11:42:29] [32mINFO[39m: [36mGET /heartbeat-runs/f0bd646b-4bba-4cda-86c4-506d8a0ee9b6/log?offset=24082&limitBytes=256000 304[39m
[11:42:31] [32mINFO[39m: [36mGET /heartbeat-runs/58b045b9-682f-4fe1-adf7-1dcbd5ab2b65/log?offset=21758&limitBytes=256000 304[39m
[11:42:31] [32mINFO[39m: [36mGET /heartbeat-runs/032bb982-ef73-4656-aa77-36e0ba353a42/log?offset=24080&limitBytes=256000 304[39m
[11:42:31] [32mINFO[39m: [36mGET /heartbeat-runs/f0bd646b-4bba-4cda-86c4-506d8a0ee9b6/log?offset=24082&limitBytes=256000 304[39m
[11:42:31] [32mINFO[39m: [36mGET /heartbeat-runs/cf32563d-2372-4a10-813c-ca65a320db03/log?offset=22887&limitBytes=256000 304[39m
[11:42:33] [32mINFO[39m: [36mGET /heartbeat-runs/cf32563d-2372-4a10-813c-ca65a320db03/log?offset=22887&limitBytes=256000 304[39m
[11:42:33] [32mINFO[39m: [36mGET /heartbeat-runs/f0bd646b-4bba-4cda-86c4-506d8a0ee9b6/log?offset=24082&limitBytes=256000 304[39m
[11:42:33] [32mINFO[39m: [36mGET /heartbeat-runs/58b045b9-682f-4fe1-adf7-1dcbd5ab2b65/log?offset=21758&limitBytes=256000 304[39m
[11:42:33] [32mINFO[39m: [36mGET /heartbeat-runs/032bb982-ef73-4656-aa77-36e0ba353a42/log?offset=24080&limitBytes=256000 304[39m
[11:42:35] [32mINFO[39m: [36mGET /heartbeat-runs/cf32563d-2372-4a10-813c-ca65a320db03/log?offset=22887&limitBytes=256000 304[39m
[11:42:35] [32mINFO[39m: [36mGET /heartbeat-runs/58b045b9-682f-4fe1-adf7-1dcbd5ab2b65/log?offset=21758&limitBytes=256000 304[39m
[11:42:35] [32mINFO[39m: [36mGET /heartbeat-runs/032bb982-ef73-4656-aa77-36e0ba353a42/log?offset=24080&limitBytes=256000 304[39m
[11:42:35] [32mINFO[39m: [36mGET /heartbeat-runs/f0bd646b-4bba-4cda-86c4-506d8a0ee9b6/log?offset=24082&limitBytes=256000 304[39m
[11:42:37] [32mINFO[39m: [36mGET /heartbeat-runs/58b045b9-682f-4fe1-adf7-1dcbd5ab2b65/log?offset=21758&limitBytes=256000 304[39m
[11:42:37] [32mINFO[39m: [36mGET /heartbeat-runs/032bb982-ef73-4656-aa77-36e0ba353a42/log?offset=24080&limitBytes=256000 304[39m
[11:42:37] [32mINFO[39m: [36mGET /heartbeat-runs/f0bd646b-4bba-4cda-86c4-506d8a0ee9b6/log?offset=24082&limitBytes=256000 304[39m
[11:42:37] [32mINFO[39m: [36mGET /heartbeat-runs/cf32563d-2372-4a10-813c-ca65a320db03/log?offset=22887&limitBytes=256000 304[39m
[11:42:37] [32mINFO[39m: [36mGET /companies/b9e2b5c9-9f24-49ca-bf0e-be3a6832453d/live-runs 304[39m
[11:42:37] [32mINFO[39m: [36mGET /companies/b9e2b5c9-9f24-49ca-bf0e-be3a6832453d/sidebar-badges 304[39m
[11:42:39] [32mINFO[39m: [36mGET /heartbeat-runs/58b045b9-682f-4fe1-adf7-1dcbd5ab2b65/log?offset=21758&limitBytes=256000 304[39m
[11:42:39] [32mINFO[39m: [36mGET /heartbeat-runs/cf32563d-2372-4a10-813c-ca65a320db03/log?offset=22887&limitBytes=256000 304[39m
[11:42:39] [32mINFO[39m: [36mGET /heartbeat-runs/f0bd646b-4bba-4cda-86c4-506d8a0ee9b6/log?offset=24082&limitBytes=256000 304[39m
[11:42:39] [32mINFO[39m: [36mGET /heartbeat-runs/032bb982-ef73-4656-aa77-36e0ba353a42/log?offset=24080&limitBytes=256000 304[39m
[11:42:41] [32mINFO[39m: [36mGET /heartbeat-runs/58b045b9-682f-4fe1-adf7-1dcbd5ab2b65/log?offset=21758&limitBytes=256000 304[39m
[11:42:41] [32mINFO[39m: [36mGET /heartbeat-runs/cf32563d-2372-4a10-813c-ca65a320db03/log?offset=22887&limitBytes=256000 304[39m
[11:42:41] [32mINFO[39m: [36mGET /heartbeat-runs/032bb982-ef73-4656-aa77-36e0ba353a42/log?offset=24080&limitBytes=256000 304[39m
[11:42:41] [32mINFO[39m: [36mGET /heartbeat-runs/f0bd646b-4bba-4cda-86c4-506d8a0ee9b6/log?offset=24082&limitBytes=256000 304[39m
[11:42:43] [32mINFO[39m: [36mGET /heartbeat-runs/032bb982-ef73-4656-aa77-36e0ba353a42/log?offset=24080&limitBytes=256000 304[39m
[11:42:43] [32mINFO[39m: [36mGET /heartbeat-runs/58b045b9-682f-4fe1-adf7-1dcbd5ab2b65/log?offset=21758&limitBytes=256000 304[39m
[11:42:43] [32mINFO[39m: [36mGET /heartbeat-runs/cf32563d-2372-4a10-813c-ca65a320db03/log?offset=22887&limitBytes=256000 304[39m
[11:42:43] [32mINFO[39m: [36mGET /heartbeat-runs/f0bd646b-4bba-4cda-86c4-506d8a0ee9b6/log?offset=24082&limitBytes=256000 304[39m
[11:42:45] [32mINFO[39m: [36mGET /heartbeat-runs/58b045b9-682f-4fe1-adf7-1dcbd5ab2b65/log?offset=21758&limitBytes=256000 304[39m
[11:42:45] [32mINFO[39m: [36mGET /heartbeat-runs/f0bd646b-4bba-4cda-86c4-506d8a0ee9b6/log?offset=24082&limitBytes=256000 304[39m
[11:42:45] [32mINFO[39m: [36mGET /heartbeat-runs/032bb982-ef73-4656-aa77-36e0ba353a42/log?offset=24080&limitBytes=256000 304[39m
[11:42:45] [32mINFO[39m: [36mGET /heartbeat-runs/cf32563d-2372-4a10-813c-ca65a320db03/log?offset=22887&limitBytes=256000 304[39m
[11:42:47] [32mINFO[39m: [36mGET /heartbeat-runs/f0bd646b-4bba-4cda-86c4-506d8a0ee9b6/log?offset=24082&limitBytes=256000 304[39m
[11:42:47] [32mINFO[39m: [36mGET /heartbeat-runs/032bb982-ef73-4656-aa77-36e0ba353a42/log?offset=24080&limitBytes=256000 304[39m
[11:42:47] [32mINFO[39m: [36mGET /heartbeat-runs/58b045b9-682f-4fe1-adf7-1dcbd5ab2b65/log?offset=21758&limitBytes=256000 304[39m
[11:42:47] [32mINFO[39m: [36mGET /heartbeat-runs/cf32563d-2372-4a10-813c-ca65a320db03/log?offset=22887&limitBytes=256000 304[39m
[11:42:47] [32mINFO[39m: [36mGET /companies/b9e2b5c9-9f24-49ca-bf0e-be3a6832453d/live-runs 304[39m
[11:42:49] [32mINFO[39m: [36mGET /heartbeat-runs/58b045b9-682f-4fe1-adf7-1dcbd5ab2b65/log?offset=21758&limitBytes=256000 304[39m
[11:42:49] [32mINFO[39m: [36mGET /heartbeat-runs/cf32563d-2372-4a10-813c-ca65a320db03/log?offset=22887&limitBytes=256000 304[39m
[11:42:49] [32mINFO[39m: [36mGET /heartbeat-runs/f0bd646b-4bba-4cda-86c4-506d8a0ee9b6/log?offset=24082&limitBytes=256000 304[39m
[11:42:49] [32mINFO[39m: [36mGET /heartbeat-runs/032bb982-ef73-4656-aa77-36e0ba353a42/log?offset=24080&limitBytes=256000 304[39m
[11:42:51] [32mINFO[39m: [36mGET /heartbeat-runs/58b045b9-682f-4fe1-adf7-1dcbd5ab2b65/log?offset=21758&limitBytes=256000 304[39m
[11:42:51] [32mINFO[39m: [36mGET /heartbeat-runs/032bb982-ef73-4656-aa77-36e0ba353a42/log?offset=24080&limitBytes=256000 304[39m
[11:42:51] [32mINFO[39m: [36mGET /heartbeat-runs/f0bd646b-4bba-4cda-86c4-506d8a0ee9b6/log?offset=24082&limitBytes=256000 304[39m
[11:42:51] [32mINFO[39m: [36mGET /heartbeat-runs/cf32563d-2372-4a10-813c-ca65a320db03/log?offset=22887&limitBytes=256000 304[39m
[11:42:52] [32mINFO[39m: [36mGET /companies/b9e2b5c9-9f24-49ca-bf0e-be3a6832453d/sidebar-badges 304[39m
[11:42:53] [32mINFO[39m: [36mGET /heartbeat-runs/58b045b9-682f-4fe1-adf7-1dcbd5ab2b65/log?offset=21758&limitBytes=256000 304[39m
[11:42:53] [32mINFO[39m: [36mGET /heartbeat-runs/f0bd646b-4bba-4cda-86c4-506d8a0ee9b6/log?offset=24082&limitBytes=256000 304[39m
[11:42:53] [32mINFO[39m: [36mGET /heartbeat-runs/cf32563d-2372-4a10-813c-ca65a320db03/log?offset=22887&limitBytes=256000 304[39m
[11:42:53] [32mINFO[39m: [36mGET /heartbeat-runs/032bb982-ef73-4656-aa77-36e0ba353a42/log?offset=24080&limitBytes=256000 304[39m
[11:42:55] [32mINFO[39m: [36mGET /heartbeat-runs/58b045b9-682f-4fe1-adf7-1dcbd5ab2b65/log?offset=21758&limitBytes=256000 304[39m
[11:42:55] [32mINFO[39m: [36mGET /heartbeat-runs/cf32563d-2372-4a10-813c-ca65a320db03/log?offset=22887&limitBytes=256000 304[39m
[11:42:55] [32mINFO[39m: [36mGET /heartbeat-runs/032bb982-ef73-4656-aa77-36e0ba353a42/log?offset=24080&limitBytes=256000 304[39m
[11:42:55] [32mINFO[39m: [36mGET /heartbeat-runs/f0bd646b-4bba-4cda-86c4-506d8a0ee9b6/log?offset=24082&limitBytes=256000 304[39m
[11:42:57] [32mINFO[39m: [36mGET /heartbeat-runs/58b045b9-682f-4fe1-adf7-1dcbd5ab2b65/log?offset=21758&limitBytes=256000 304[39m
[11:42:57] [32mINFO[39m: [36mGET /heartbeat-runs/032bb982-ef73-4656-aa77-36e0ba353a42/log?offset=24080&limitBytes=256000 304[39m
[11:42:57] [32mINFO[39m: [36mGET /heartbeat-runs/f0bd646b-4bba-4cda-86c4-506d8a0ee9b6/log?offset=24082&limitBytes=256000 304[39m
[11:42:57] [32mINFO[39m: [36mGET /heartbeat-runs/cf32563d-2372-4a10-813c-ca65a320db03/log?offset=22887&limitBytes=256000 304[39m
[11:42:57] [32mINFO[39m: [36mGET /companies/b9e2b5c9-9f24-49ca-bf0e-be3a6832453d/live-runs 304[39m
[11:42:59] [32mINFO[39m: [36mGET /heartbeat-runs/58b045b9-682f-4fe1-adf7-1dcbd5ab2b65/log?offset=21758&limitBytes=256000 304[39m
[11:42:59] [32mINFO[39m: [36mGET /heartbeat-runs/f0bd646b-4bba-4cda-86c4-506d8a0ee9b6/log?offset=24082&limitBytes=256000 304[39m
[11:42:59] [32mINFO[39m: [36mGET /heartbeat-runs/032bb982-ef73-4656-aa77-36e0ba353a42/log?offset=24080&limitBytes=256000 304[39m
[11:42:59] [32mINFO[39m: [36mGET /heartbeat-runs/cf32563d-2372-4a10-813c-ca65a320db03/log?offset=22887&limitBytes=256000 304[39m
[11:43:01] [32mINFO[39m: [36mGET /heartbeat-runs/032bb982-ef73-4656-aa77-36e0ba353a42/log?offset=24080&limitBytes=256000 304[39m
[11:43:01] [32mINFO[39m: [36mGET /heartbeat-runs/f0bd646b-4bba-4cda-86c4-506d8a0ee9b6/log?offset=24082&limitBytes=256000 304[39m
[11:43:01] [32mINFO[39m: [36mGET /heartbeat-runs/58b045b9-682f-4fe1-adf7-1dcbd5ab2b65/log?offset=21758&limitBytes=256000 304[39m
[11:43:01] [32mINFO[39m: [36mGET /heartbeat-runs/cf32563d-2372-4a10-813c-ca65a320db03/log?offset=22887&limitBytes=256000 304[39m
[11:43:03] [32mINFO[39m: [36mGET /heartbeat-runs/58b045b9-682f-4fe1-adf7-1dcbd5ab2b65/log?offset=21758&limitBytes=256000 304[39m
[11:43:03] [32mINFO[39m: [36mGET /heartbeat-runs/032bb982-ef73-4656-aa77-36e0ba353a42/log?offset=24080&limitBytes=256000 304[39m
[11:43:03] [32mINFO[39m: [36mGET /heartbeat-runs/f0bd646b-4bba-4cda-86c4-506d8a0ee9b6/log?offset=24082&limitBytes=256000 304[39m
[11:43:03] [32mINFO[39m: [36mGET /heartbeat-runs/cf32563d-2372-4a10-813c-ca65a320db03/log?offset=22887&limitBytes=256000 304[39m
[11:43:05] [32mINFO[39m: [36mGET /heartbeat-runs/cf32563d-2372-4a10-813c-ca65a320db03/log?offset=22887&limitBytes=256000 304[39m
[11:43:05] [32mINFO[39m: [36mGET /heartbeat-runs/58b045b9-682f-4fe1-adf7-1dcbd5ab2b65/log?offset=21758&limitBytes=256000 304[39m
[11:43:05] [32mINFO[39m: [36mGET /heartbeat-runs/032bb982-ef73-4656-aa77-36e0ba353a42/log?offset=24080&limitBytes=256000 304[39m
[11:43:05] [32mINFO[39m: [36mGET /heartbeat-runs/f0bd646b-4bba-4cda-86c4-506d8a0ee9b6/log?offset=24082&limitBytes=256000 304[39m
[11:43:07] [32mINFO[39m: [36mGET /heartbeat-runs/58b045b9-682f-4fe1-adf7-1dcbd5ab2b65/log?offset=21758&limitBytes=256000 304[39m
[11:43:07] [32mINFO[39m: [36mGET /heartbeat-runs/032bb982-ef73-4656-aa77-36e0ba353a42/log?offset=24080&limitBytes=256000 304[39m
[11:43:07] [32mINFO[39m: [36mGET /heartbeat-runs/f0bd646b-4bba-4cda-86c4-506d8a0ee9b6/log?offset=24082&limitBytes=256000 304[39m
[11:43:07] [32mINFO[39m: [36mGET /heartbeat-runs/cf32563d-2372-4a10-813c-ca65a320db03/log?offset=22887&limitBytes=256000 304[39m
[11:43:07] [32mINFO[39m: [36mGET /companies/b9e2b5c9-9f24-49ca-bf0e-be3a6832453d/live-runs 304[39m
[11:43:07] [32mINFO[39m: [36mGET /companies/b9e2b5c9-9f24-49ca-bf0e-be3a6832453d/sidebar-badges 304[39m
[11:43:09] [32mINFO[39m: [36mGET /heartbeat-runs/cf32563d-2372-4a10-813c-ca65a320db03/log?offset=22887&limitBytes=256000 304[39m
[11:43:09] [32mINFO[39m: [36mGET /heartbeat-runs/58b045b9-682f-4fe1-adf7-1dcbd5ab2b65/log?offset=21758&limitBytes=256000 304[39m
[11:43:09] [32mINFO[39m: [36mGET /heartbeat-runs/032bb982-ef73-4656-aa77-36e0ba353a42/log?offset=24080&limitBytes=256000 304[39m
[11:43:09] [32mINFO[39m: [36mGET /heartbeat-runs/f0bd646b-4bba-4cda-86c4-506d8a0ee9b6/log?offset=24082&limitBytes=256000 304[39m
[11:43:11] [32mINFO[39m: [36mGET /heartbeat-runs/58b045b9-682f-4fe1-adf7-1dcbd5ab2b65/log?offset=21758&limitBytes=256000 304[39m
[11:43:11] [32mINFO[39m: [36mGET /heartbeat-runs/cf32563d-2372-4a10-813c-ca65a320db03/log?offset=22887&limitBytes=256000 304[39m
[11:43:11] [32mINFO[39m: [36mGET /heartbeat-runs/f0bd646b-4bba-4cda-86c4-506d8a0ee9b6/log?offset=24082&limitBytes=256000 304[39m
[11:43:11] [32mINFO[39m: [36mGET /heartbeat-runs/032bb982-ef73-4656-aa77-36e0ba353a42/log?offset=24080&limitBytes=256000 304[39m
[11:43:13] [32mINFO[39m: [36mGET /heartbeat-runs/032bb982-ef73-4656-aa77-36e0ba353a42/log?offset=24080&limitBytes=256000 304[39m
[11:43:13] [32mINFO[39m: [36mGET /heartbeat-runs/58b045b9-682f-4fe1-adf7-1dcbd5ab2b65/log?offset=21758&limitBytes=256000 304[39m
[11:43:13] [32mINFO[39m: [36mGET /heartbeat-runs/cf32563d-2372-4a10-813c-ca65a320db03/log?offset=22887&limitBytes=256000 304[39m
[11:43:13] [32mINFO[39m: [36mGET /heartbeat-runs/f0bd646b-4bba-4cda-86c4-506d8a0ee9b6/log?offset=24082&limitBytes=256000 304[39m
[11:43:15] [32mINFO[39m: [36mGET /heartbeat-runs/58b045b9-682f-4fe1-adf7-1dcbd5ab2b65/log?offset=21758&limitBytes=256000 304[39m
[11:43:15] [32mINFO[39m: [36mGET /heartbeat-runs/f0bd646b-4bba-4cda-86c4-506d8a0ee9b6/log?offset=24082&limitBytes=256000 304[39m
[11:43:15] [32mINFO[39m: [36mGET /heartbeat-runs/cf32563d-2372-4a10-813c-ca65a320db03/log?offset=22887&limitBytes=256000 304[39m
[11:43:15] [32mINFO[39m: [36mGET /heartbeat-runs/032bb982-ef73-4656-aa77-36e0ba353a42/log?offset=24080&limitBytes=256000 304[39m
[11:43:17] [32mINFO[39m: [36mGET /heartbeat-runs/58b045b9-682f-4fe1-adf7-1dcbd5ab2b65/log?offset=21758&limitBytes=256000 304[39m
[11:43:17] [32mINFO[39m: [36mGET /heartbeat-runs/cf32563d-2372-4a10-813c-ca65a320db03/log?offset=22887&limitBytes=256000 304[39m
[11:43:17] [32mINFO[39m: [36mGET /heartbeat-runs/f0bd646b-4bba-4cda-86c4-506d8a0ee9b6/log?offset=24082&limitBytes=256000 304[39m
[11:43:17] [32mINFO[39m: [36mGET /heartbeat-runs/032bb982-ef73-4656-aa77-36e0ba353a42/log?offset=24080&limitBytes=256000 304[39m
[11:43:17] [32mINFO[39m: [36mGET /companies/b9e2b5c9-9f24-49ca-bf0e-be3a6832453d/live-runs 304[39m
[11:43:19] [32mINFO[39m: [36mGET /heartbeat-runs/58b045b9-682f-4fe1-adf7-1dcbd5ab2b65/log?offset=21758&limitBytes=256000 304[39m
[11:43:19] [32mINFO[39m: [36mGET /heartbeat-runs/f0bd646b-4bba-4cda-86c4-506d8a0ee9b6/log?offset=24082&limitBytes=256000 304[39m
[11:43:19] [32mINFO[39m: [36mGET /heartbeat-runs/032bb982-ef73-4656-aa77-36e0ba353a42/log?offset=24080&limitBytes=256000 304[39m
[11:43:19] [32mINFO[39m: [36mGET /heartbeat-runs/cf32563d-2372-4a10-813c-ca65a320db03/log?offset=22887&limitBytes=256000 304[39m
[11:43:21] [32mINFO[39m: [36mGET /heartbeat-runs/cf32563d-2372-4a10-813c-ca65a320db03/log?offset=22887&limitBytes=256000 304[39m
[11:43:21] [32mINFO[39m: [36mGET /heartbeat-runs/032bb982-ef73-4656-aa77-36e0ba353a42/log?offset=24080&limitBytes=256000 304[39m
[11:43:21] [32mINFO[39m: [36mGET /heartbeat-runs/58b045b9-682f-4fe1-adf7-1dcbd5ab2b65/log?offset=21758&limitBytes=256000 304[39m
[11:43:21] [32mINFO[39m: [36mGET /heartbeat-runs/f0bd646b-4bba-4cda-86c4-506d8a0ee9b6/log?offset=24082&limitBytes=256000 304[39m
[11:43:22] [32mINFO[39m: [36mGET /companies/b9e2b5c9-9f24-49ca-bf0e-be3a6832453d/sidebar-badges 304[39m
[11:43:23] [32mINFO[39m: [36mGET /heartbeat-runs/032bb982-ef73-4656-aa77-36e0ba353a42/log?offset=24080&limitBytes=256000 304[39m
[11:43:23] [32mINFO[39m: [36mGET /heartbeat-runs/58b045b9-682f-4fe1-adf7-1dcbd5ab2b65/log?offset=21758&limitBytes=256000 304[39m
[11:43:23] [32mINFO[39m: [36mGET /heartbeat-runs/f0bd646b-4bba-4cda-86c4-506d8a0ee9b6/log?offset=24082&limitBytes=256000 304[39m
[11:43:23] [32mINFO[39m: [36mGET /heartbeat-runs/cf32563d-2372-4a10-813c-ca65a320db03/log?offset=22887&limitBytes=256000 304[39m
[11:43:25] [32mINFO[39m: [36mGET /heartbeat-runs/cf32563d-2372-4a10-813c-ca65a320db03/log?offset=22887&limitBytes=256000 304[39m
[11:43:25] [32mINFO[39m: [36mGET /heartbeat-runs/58b045b9-682f-4fe1-adf7-1dcbd5ab2b65/log?offset=21758&limitBytes=256000 304[39m
[11:43:25] [32mINFO[39m: [36mGET /heartbeat-runs/032bb982-ef73-4656-aa77-36e0ba353a42/log?offset=24080&limitBytes=256000 304[39m
[11:43:25] [32mINFO[39m: [36mGET /heartbeat-runs/f0bd646b-4bba-4cda-86c4-506d8a0ee9b6/log?offset=24082&limitBytes=256000 304[39m
[11:43:27] [32mINFO[39m: [36mGET /heartbeat-runs/cf32563d-2372-4a10-813c-ca65a320db03/log?offset=22887&limitBytes=256000 304[39m
[11:43:27] [32mINFO[39m: [36mGET /heartbeat-runs/58b045b9-682f-4fe1-adf7-1dcbd5ab2b65/log?offset=21758&limitBytes=256000 304[39m
[11:43:27] [32mINFO[39m: [36mGET /heartbeat-runs/f0bd646b-4bba-4cda-86c4-506d8a0ee9b6/log?offset=24082&limitBytes=256000 304[39m
[11:43:27] [32mINFO[39m: [36mGET /heartbeat-runs/032bb982-ef73-4656-aa77-36e0ba353a42/log?offset=24080&limitBytes=256000 304[39m
[11:43:27] [32mINFO[39m: [36mGET /companies/b9e2b5c9-9f24-49ca-bf0e-be3a6832453d/live-runs 304[39m
[11:43:29] [32mINFO[39m: [36mGET /heartbeat-runs/58b045b9-682f-4fe1-adf7-1dcbd5ab2b65/log?offset=21758&limitBytes=256000 304[39m
[11:43:29] [32mINFO[39m: [36mGET /heartbeat-runs/f0bd646b-4bba-4cda-86c4-506d8a0ee9b6/log?offset=24082&limitBytes=256000 304[39m
[11:43:29] [32mINFO[39m: [36mGET /heartbeat-runs/032bb982-ef73-4656-aa77-36e0ba353a42/log?offset=24080&limitBytes=256000 304[39m
[11:43:29] [32mINFO[39m: [36mGET /heartbeat-runs/cf32563d-2372-4a10-813c-ca65a320db03/log?offset=22887&limitBytes=256000 304[39m
[11:43:31] [32mINFO[39m: [36mGET /heartbeat-runs/58b045b9-682f-4fe1-adf7-1dcbd5ab2b65/log?offset=21758&limitBytes=256000 304[39m
[11:43:31] [32mINFO[39m: [36mGET /heartbeat-runs/cf32563d-2372-4a10-813c-ca65a320db03/log?offset=22887&limitBytes=256000 304[39m
[11:43:31] [32mINFO[39m: [36mGET /heartbeat-runs/032bb982-ef73-4656-aa77-36e0ba353a42/log?offset=24080&limitBytes=256000 304[39m
[11:43:31] [32mINFO[39m: [36mGET /heartbeat-runs/f0bd646b-4bba-4cda-86c4-506d8a0ee9b6/log?offset=24082&limitBytes=256000 304[39m
[11:43:33] [32mINFO[39m: [36mGET /heartbeat-runs/032bb982-ef73-4656-aa77-36e0ba353a42/log?offset=24080&limitBytes=256000 304[39m
[11:43:33] [32mINFO[39m: [36mGET /heartbeat-runs/58b045b9-682f-4fe1-adf7-1dcbd5ab2b65/log?offset=21758&limitBytes=256000 304[39m
[11:43:33] [32mINFO[39m: [36mGET /heartbeat-runs/cf32563d-2372-4a10-813c-ca65a320db03/log?offset=22887&limitBytes=256000 304[39m
[11:43:33] [32mINFO[39m: [36mGET /heartbeat-runs/f0bd646b-4bba-4cda-86c4-506d8a0ee9b6/log?offset=24082&limitBytes=256000 304[39m
[11:43:35] [32mINFO[39m: [36mGET /heartbeat-runs/032bb982-ef73-4656-aa77-36e0ba353a42/log?offset=24080&limitBytes=256000 304[39m
[11:43:35] [32mINFO[39m: [36mGET /heartbeat-runs/cf32563d-2372-4a10-813c-ca65a320db03/log?offset=22887&limitBytes=256000 304[39m
[11:43:35] [32mINFO[39m: [36mGET /heartbeat-runs/58b045b9-682f-4fe1-adf7-1dcbd5ab2b65/log?offset=21758&limitBytes=256000 304[39m
[11:43:35] [32mINFO[39m: [36mGET /heartbeat-runs/f0bd646b-4bba-4cda-86c4-506d8a0ee9b6/log?offset=24082&limitBytes=256000 304[39m
[11:43:37] [32mINFO[39m: [36mGET /heartbeat-runs/cf32563d-2372-4a10-813c-ca65a320db03/log?offset=22887&limitBytes=256000 304[39m
[11:43:37] [32mINFO[39m: [36mGET /heartbeat-runs/f0bd646b-4bba-4cda-86c4-506d8a0ee9b6/log?offset=24082&limitBytes=256000 304[39m
[11:43:37] [32mINFO[39m: [36mGET /heartbeat-runs/58b045b9-682f-4fe1-adf7-1dcbd5ab2b65/log?offset=21758&limitBytes=256000 304[39m
[11:43:37] [32mINFO[39m: [36mGET /heartbeat-runs/032bb982-ef73-4656-aa77-36e0ba353a42/log?offset=24080&limitBytes=256000 304[39m
[11:43:37] [32mINFO[39m: [36mGET /companies/b9e2b5c9-9f24-49ca-bf0e-be3a6832453d/live-runs 304[39m
[11:43:37] [32mINFO[39m: [36mGET /companies/b9e2b5c9-9f24-49ca-bf0e-be3a6832453d/sidebar-badges 304[39m
[11:43:39] [32mINFO[39m: [36mGET /heartbeat-runs/58b045b9-682f-4fe1-adf7-1dcbd5ab2b65/log?offset=21758&limitBytes=256000 304[39m
[11:43:39] [32mINFO[39m: [36mGET /heartbeat-runs/032bb982-ef73-4656-aa77-36e0ba353a42/log?offset=24080&limitBytes=256000 304[39m
[11:43:39] [32mINFO[39m: [36mGET /heartbeat-runs/cf32563d-2372-4a10-813c-ca65a320db03/log?offset=22887&limitBytes=256000 304[39m
[11:43:39] [32mINFO[39m: [36mGET /heartbeat-runs/f0bd646b-4bba-4cda-86c4-506d8a0ee9b6/log?offset=24082&limitBytes=256000 304[39m
[11:43:41] [32mINFO[39m: [36mGET /heartbeat-runs/cf32563d-2372-4a10-813c-ca65a320db03/log?offset=22887&limitBytes=256000 304[39m
[11:43:41] [32mINFO[39m: [36mGET /heartbeat-runs/f0bd646b-4bba-4cda-86c4-506d8a0ee9b6/log?offset=24082&limitBytes=256000 304[39m
[11:43:41] [32mINFO[39m: [36mGET /heartbeat-runs/032bb982-ef73-4656-aa77-36e0ba353a42/log?offset=24080&limitBytes=256000 304[39m
[11:43:41] [32mINFO[39m: [36mGET /heartbeat-runs/58b045b9-682f-4fe1-adf7-1dcbd5ab2b65/log?offset=21758&limitBytes=256000 304[39m
[11:43:43] [32mINFO[39m: [36mGET /heartbeat-runs/58b045b9-682f-4fe1-adf7-1dcbd5ab2b65/log?offset=21758&limitBytes=256000 304[39m
[11:43:43] [32mINFO[39m: [36mGET /heartbeat-runs/cf32563d-2372-4a10-813c-ca65a320db03/log?offset=22887&limitBytes=256000 304[39m
[11:43:43] [32mINFO[39m: [36mGET /heartbeat-runs/032bb982-ef73-4656-aa77-36e0ba353a42/log?offset=24080&limitBytes=256000 304[39m
[11:43:43] [32mINFO[39m: [36mGET /heartbeat-runs/f0bd646b-4bba-4cda-86c4-506d8a0ee9b6/log?offset=24082&limitBytes=256000 304[39m
[11:43:45] [32mINFO[39m: [36mGET /heartbeat-runs/cf32563d-2372-4a10-813c-ca65a320db03/log?offset=22887&limitBytes=256000 304[39m
[11:43:45] [32mINFO[39m: [36mGET /heartbeat-runs/f0bd646b-4bba-4cda-86c4-506d8a0ee9b6/log?offset=24082&limitBytes=256000 304[39m
[11:43:45] [32mINFO[39m: [36mGET /heartbeat-runs/58b045b9-682f-4fe1-adf7-1dcbd5ab2b65/log?offset=21758&limitBytes=256000 304[39m
[11:43:45] [32mINFO[39m: [36mGET /heartbeat-runs/032bb982-ef73-4656-aa77-36e0ba353a42/log?offset=24080&limitBytes=256000 304[39m
[11:43:47] [32mINFO[39m: [36mGET /heartbeat-runs/58b045b9-682f-4fe1-adf7-1dcbd5ab2b65/log?offset=21758&limitBytes=256000 304[39m
[11:43:47] [32mINFO[39m: [36mGET /heartbeat-runs/032bb982-ef73-4656-aa77-36e0ba353a42/log?offset=24080&limitBytes=256000 304[39m
[11:43:47] [32mINFO[39m: [36mGET /heartbeat-runs/cf32563d-2372-4a10-813c-ca65a320db03/log?offset=22887&limitBytes=256000 304[39m
[11:43:47] [32mINFO[39m: [36mGET /heartbeat-runs/f0bd646b-4bba-4cda-86c4-506d8a0ee9b6/log?offset=24082&limitBytes=256000 304[39m
[11:43:47] [32mINFO[39m: [36mGET /companies/b9e2b5c9-9f24-49ca-bf0e-be3a6832453d/live-runs 304[39m
[11:43:49] [32mINFO[39m: [36mGET /heartbeat-runs/f0bd646b-4bba-4cda-86c4-506d8a0ee9b6/log?offset=24082&limitBytes=256000 304[39m
[11:43:49] [32mINFO[39m: [36mGET /heartbeat-runs/032bb982-ef73-4656-aa77-36e0ba353a42/log?offset=24080&limitBytes=256000 304[39m
[11:43:49] [32mINFO[39m: [36mGET /heartbeat-runs/58b045b9-682f-4fe1-adf7-1dcbd5ab2b65/log?offset=21758&limitBytes=256000 304[39m
[11:43:49] [32mINFO[39m: [36mGET /heartbeat-runs/cf32563d-2372-4a10-813c-ca65a320db03/log?offset=22887&limitBytes=256000 304[39m
[11:43:51] [32mINFO[39m: [36mGET /heartbeat-runs/58b045b9-682f-4fe1-adf7-1dcbd5ab2b65/log?offset=21758&limitBytes=256000 304[39m
[11:43:51] [32mINFO[39m: [36mGET /heartbeat-runs/cf32563d-2372-4a10-813c-ca65a320db03/log?offset=22887&limitBytes=256000 304[39m
[11:43:51] [32mINFO[39m: [36mGET /heartbeat-runs/f0bd646b-4bba-4cda-86c4-506d8a0ee9b6/log?offset=24082&limitBytes=256000 304[39m
[11:43:51] [32mINFO[39m: [36mGET /heartbeat-runs/032bb982-ef73-4656-aa77-36e0ba353a42/log?offset=24080&limitBytes=256000 304[39m
[11:43:52] [32mINFO[39m: [36mGET /companies/b9e2b5c9-9f24-49ca-bf0e-be3a6832453d/sidebar-badges 304[39m
[11:43:53] [32mINFO[39m: [36mGET /heartbeat-runs/58b045b9-682f-4fe1-adf7-1dcbd5ab2b65/log?offset=21758&limitBytes=256000 304[39m
[11:43:53] [32mINFO[39m: [36mGET /heartbeat-runs/f0bd646b-4bba-4cda-86c4-506d8a0ee9b6/log?offset=24082&limitBytes=256000 304[39m
[11:43:53] [32mINFO[39m: [36mGET /heartbeat-runs/cf32563d-2372-4a10-813c-ca65a320db03/log?offset=22887&limitBytes=256000 304[39m
[11:43:53] [32mINFO[39m: [36mGET /heartbeat-runs/032bb982-ef73-4656-aa77-36e0ba353a42/log?offset=24080&limitBytes=256000 304[39m
[11:43:55] [32mINFO[39m: [36mGET /heartbeat-runs/58b045b9-682f-4fe1-adf7-1dcbd5ab2b65/log?offset=21758&limitBytes=256000 304[39m
[11:43:55] [32mINFO[39m: [36mGET /heartbeat-runs/f0bd646b-4bba-4cda-86c4-506d8a0ee9b6/log?offset=24082&limitBytes=256000 304[39m
[11:43:55] [32mINFO[39m: [36mGET /heartbeat-runs/cf32563d-2372-4a10-813c-ca65a320db03/log?offset=22887&limitBytes=256000 304[39m
[11:43:55] [32mINFO[39m: [36mGET /heartbeat-runs/032bb982-ef73-4656-aa77-36e0ba353a42/log?offset=24080&limitBytes=256000 304[39m
[11:43:57] [32mINFO[39m: [36mGET /heartbeat-runs/032bb982-ef73-4656-aa77-36e0ba353a42/log?offset=24080&limitBytes=256000 304[39m
[11:43:57] [32mINFO[39m: [36mGET /heartbeat-runs/f0bd646b-4bba-4cda-86c4-506d8a0ee9b6/log?offset=24082&limitBytes=256000 304[39m
[11:43:57] [32mINFO[39m: [36mGET /heartbeat-runs/cf32563d-2372-4a10-813c-ca65a320db03/log?offset=22887&limitBytes=256000 304[39m
[11:43:57] [32mINFO[39m: [36mGET /heartbeat-runs/58b045b9-682f-4fe1-adf7-1dcbd5ab2b65/log?offset=21758&limitBytes=256000 304[39m
[11:43:57] [32mINFO[39m: [36mGET /companies/b9e2b5c9-9f24-49ca-bf0e-be3a6832453d/live-runs 304[39m
[11:43:59] [32mINFO[39m: [36mGET /heartbeat-runs/58b045b9-682f-4fe1-adf7-1dcbd5ab2b65/log?offset=21758&limitBytes=256000 304[39m
[11:43:59] [32mINFO[39m: [36mGET /heartbeat-runs/f0bd646b-4bba-4cda-86c4-506d8a0ee9b6/log?offset=24082&limitBytes=256000 304[39m
[11:43:59] [32mINFO[39m: [36mGET /heartbeat-runs/032bb982-ef73-4656-aa77-36e0ba353a42/log?offset=24080&limitBytes=256000 304[39m
[11:43:59] [32mINFO[39m: [36mGET /heartbeat-runs/cf32563d-2372-4a10-813c-ca65a320db03/log?offset=22887&limitBytes=256000 304[39m
[11:44:01] [32mINFO[39m: [36mGET /heartbeat-runs/58b045b9-682f-4fe1-adf7-1dcbd5ab2b65/log?offset=21758&limitBytes=256000 304[39m
[11:44:01] [32mINFO[39m: [36mGET /heartbeat-runs/032bb982-ef73-4656-aa77-36e0ba353a42/log?offset=24080&limitBytes=256000 304[39m
[11:44:01] [32mINFO[39m: [36mGET /heartbeat-runs/cf32563d-2372-4a10-813c-ca65a320db03/log?offset=22887&limitBytes=256000 304[39m
[11:44:01] [32mINFO[39m: [36mGET /heartbeat-runs/f0bd646b-4bba-4cda-86c4-506d8a0ee9b6/log?offset=24082&limitBytes=256000 304[39m
[11:44:03] [32mINFO[39m: [36mGET /heartbeat-runs/58b045b9-682f-4fe1-adf7-1dcbd5ab2b65/log?offset=21758&limitBytes=256000 304[39m
[11:44:03] [32mINFO[39m: [36mGET /heartbeat-runs/cf32563d-2372-4a10-813c-ca65a320db03/log?offset=22887&limitBytes=256000 304[39m
[11:44:03] [32mINFO[39m: [36mGET /heartbeat-runs/f0bd646b-4bba-4cda-86c4-506d8a0ee9b6/log?offset=24082&limitBytes=256000 304[39m
[11:44:03] [32mINFO[39m: [36mGET /heartbeat-runs/032bb982-ef73-4656-aa77-36e0ba353a42/log?offset=24080&limitBytes=256000 304[39m
[11:44:05] [32mINFO[39m: [36mGET /heartbeat-runs/58b045b9-682f-4fe1-adf7-1dcbd5ab2b65/log?offset=21758&limitBytes=256000 304[39m
[11:44:05] [32mINFO[39m: [36mGET /heartbeat-runs/032bb982-ef73-4656-aa77-36e0ba353a42/log?offset=24080&limitBytes=256000 304[39m
[11:44:05] [32mINFO[39m: [36mGET /heartbeat-runs/cf32563d-2372-4a10-813c-ca65a320db03/log?offset=22887&limitBytes=256000 304[39m
[11:44:05] [32mINFO[39m: [36mGET /heartbeat-runs/f0bd646b-4bba-4cda-86c4-506d8a0ee9b6/log?offset=24082&limitBytes=256000 304[39m
[11:44:07] [32mINFO[39m: [36mGET /heartbeat-runs/032bb982-ef73-4656-aa77-36e0ba353a42/log?offset=24080&limitBytes=256000 304[39m
[11:44:07] [32mINFO[39m: [36mGET /heartbeat-runs/cf32563d-2372-4a10-813c-ca65a320db03/log?offset=22887&limitBytes=256000 304[39m
[11:44:07] [32mINFO[39m: [36mGET /heartbeat-runs/f0bd646b-4bba-4cda-86c4-506d8a0ee9b6/log?offset=24082&limitBytes=256000 304[39m
[11:44:07] [32mINFO[39m: [36mGET /heartbeat-runs/58b045b9-682f-4fe1-adf7-1dcbd5ab2b65/log?offset=21758&limitBytes=256000 304[39m
[11:44:07] [32mINFO[39m: [36mGET /companies/b9e2b5c9-9f24-49ca-bf0e-be3a6832453d/live-runs 304[39m
[11:44:07] [32mINFO[39m: [36mGET /companies/b9e2b5c9-9f24-49ca-bf0e-be3a6832453d/sidebar-badges 304[39m
[11:44:09] [32mINFO[39m: [36mGET /heartbeat-runs/f0bd646b-4bba-4cda-86c4-506d8a0ee9b6/log?offset=24082&limitBytes=256000 304[39m
[11:44:09] [32mINFO[39m: [36mGET /heartbeat-runs/032bb982-ef73-4656-aa77-36e0ba353a42/log?offset=24080&limitBytes=256000 304[39m
[11:44:09] [32mINFO[39m: [36mGET /heartbeat-runs/58b045b9-682f-4fe1-adf7-1dcbd5ab2b65/log?offset=21758&limitBytes=256000 304[39m
[11:44:09] [32mINFO[39m: [36mGET /heartbeat-runs/cf32563d-2372-4a10-813c-ca65a320db03/log?offset=22887&limitBytes=256000 304[39m
[11:44:11] [32mINFO[39m: [36mGET /heartbeat-runs/032bb982-ef73-4656-aa77-36e0ba353a42/log?offset=24080&limitBytes=256000 304[39m
[11:44:11] [32mINFO[39m: [36mGET /heartbeat-runs/58b045b9-682f-4fe1-adf7-1dcbd5ab2b65/log?offset=21758&limitBytes=256000 304[39m
[11:44:11] [32mINFO[39m: [36mGET /heartbeat-runs/cf32563d-2372-4a10-813c-ca65a320db03/log?offset=22887&limitBytes=256000 304[39m
[11:44:11] [32mINFO[39m: [36mGET /heartbeat-runs/f0bd646b-4bba-4cda-86c4-506d8a0ee9b6/log?offset=24082&limitBytes=256000 304[39m
[11:44:13] [32mINFO[39m: [36mGET /heartbeat-runs/032bb982-ef73-4656-aa77-36e0ba353a42/log?offset=24080&limitBytes=256000 304[39m
[11:44:13] [32mINFO[39m: [36mGET /heartbeat-runs/f0bd646b-4bba-4cda-86c4-506d8a0ee9b6/log?offset=24082&limitBytes=256000 304[39m
[11:44:13] [32mINFO[39m: [36mGET /heartbeat-runs/58b045b9-682f-4fe1-adf7-1dcbd5ab2b65/log?offset=21758&limitBytes=256000 304[39m
[11:44:13] [32mINFO[39m: [36mGET /heartbeat-runs/cf32563d-2372-4a10-813c-ca65a320db03/log?offset=22887&limitBytes=256000 304[39m
[11:44:15] [32mINFO[39m: [36mGET /heartbeat-runs/032bb982-ef73-4656-aa77-36e0ba353a42/log?offset=24080&limitBytes=256000 304[39m
[11:44:15] [32mINFO[39m: [36mGET /heartbeat-runs/58b045b9-682f-4fe1-adf7-1dcbd5ab2b65/log?offset=21758&limitBytes=256000 304[39m
[11:44:15] [32mINFO[39m: [36mGET /heartbeat-runs/f0bd646b-4bba-4cda-86c4-506d8a0ee9b6/log?offset=24082&limitBytes=256000 304[39m
[11:44:15] [32mINFO[39m: [36mGET /heartbeat-runs/cf32563d-2372-4a10-813c-ca65a320db03/log?offset=22887&limitBytes=256000 304[39m
[11:44:17] [32mINFO[39m: [36mGET /heartbeat-runs/58b045b9-682f-4fe1-adf7-1dcbd5ab2b65/log?offset=21758&limitBytes=256000 304[39m
[11:44:17] [32mINFO[39m: [36mGET /heartbeat-runs/032bb982-ef73-4656-aa77-36e0ba353a42/log?offset=24080&limitBytes=256000 304[39m
[11:44:17] [32mINFO[39m: [36mGET /heartbeat-runs/cf32563d-2372-4a10-813c-ca65a320db03/log?offset=22887&limitBytes=256000 304[39m
[11:44:17] [32mINFO[39m: [36mGET /heartbeat-runs/f0bd646b-4bba-4cda-86c4-506d8a0ee9b6/log?offset=24082&limitBytes=256000 304[39m
[11:44:17] [32mINFO[39m: [36mGET /companies/b9e2b5c9-9f24-49ca-bf0e-be3a6832453d/live-runs 304[39m
[11:44:19] [32mINFO[39m: [36mGET /heartbeat-runs/58b045b9-682f-4fe1-adf7-1dcbd5ab2b65/log?offset=21758&limitBytes=256000 304[39m
[11:44:19] [32mINFO[39m: [36mGET /heartbeat-runs/f0bd646b-4bba-4cda-86c4-506d8a0ee9b6/log?offset=24082&limitBytes=256000 304[39m
[11:44:19] [32mINFO[39m: [36mGET /heartbeat-runs/032bb982-ef73-4656-aa77-36e0ba353a42/log?offset=24080&limitBytes=256000 304[39m
[11:44:19] [32mINFO[39m: [36mGET /heartbeat-runs/cf32563d-2372-4a10-813c-ca65a320db03/log?offset=22887&limitBytes=256000 304[39m
[11:44:21] [32mINFO[39m: [36mGET /heartbeat-runs/cf32563d-2372-4a10-813c-ca65a320db03/log?offset=22887&limitBytes=256000 304[39m
[11:44:21] [32mINFO[39m: [36mGET /heartbeat-runs/58b045b9-682f-4fe1-adf7-1dcbd5ab2b65/log?offset=21758&limitBytes=256000 304[39m
[11:44:21] [32mINFO[39m: [36mGET /heartbeat-runs/f0bd646b-4bba-4cda-86c4-506d8a0ee9b6/log?offset=24082&limitBytes=256000 304[39m
[11:44:21] [32mINFO[39m: [36mGET /heartbeat-runs/032bb982-ef73-4656-aa77-36e0ba353a42/log?offset=24080&limitBytes=256000 304[39m
[11:44:23] [32mINFO[39m: [36mGET /companies/b9e2b5c9-9f24-49ca-bf0e-be3a6832453d/sidebar-badges 304[39m
[11:44:23] [32mINFO[39m: [36mGET /heartbeat-runs/f0bd646b-4bba-4cda-86c4-506d8a0ee9b6/log?offset=24082&limitBytes=256000 304[39m
[11:44:23] [32mINFO[39m: [36mGET /heartbeat-runs/032bb982-ef73-4656-aa77-36e0ba353a42/log?offset=24080&limitBytes=256000 304[39m
[11:44:23] [32mINFO[39m: [36mGET /heartbeat-runs/58b045b9-682f-4fe1-adf7-1dcbd5ab2b65/log?offset=21758&limitBytes=256000 304[39m
[11:44:23] [32mINFO[39m: [36mGET /heartbeat-runs/cf32563d-2372-4a10-813c-ca65a320db03/log?offset=22887&limitBytes=256000 304[39m
[11:44:25] [32mINFO[39m: [36mGET /heartbeat-runs/032bb982-ef73-4656-aa77-36e0ba353a42/log?offset=24080&limitBytes=256000 304[39m
[11:44:25] [32mINFO[39m: [36mGET /heartbeat-runs/58b045b9-682f-4fe1-adf7-1dcbd5ab2b65/log?offset=21758&limitBytes=256000 304[39m
[11:44:25] [32mINFO[39m: [36mGET /heartbeat-runs/f0bd646b-4bba-4cda-86c4-506d8a0ee9b6/log?offset=24082&limitBytes=256000 304[39m
[11:44:25] [32mINFO[39m: [36mGET /heartbeat-runs/cf32563d-2372-4a10-813c-ca65a320db03/log?offset=22887&limitBytes=256000 304[39m
[11:44:27] [32mINFO[39m: [36mGET /heartbeat-runs/58b045b9-682f-4fe1-adf7-1dcbd5ab2b65/log?offset=21758&limitBytes=256000 304[39m
[11:44:27] [32mINFO[39m: [36mGET /heartbeat-runs/f0bd646b-4bba-4cda-86c4-506d8a0ee9b6/log?offset=24082&limitBytes=256000 304[39m
[11:44:27] [32mINFO[39m: [36mGET /heartbeat-runs/032bb982-ef73-4656-aa77-36e0ba353a42/log?offset=24080&limitBytes=256000 304[39m
[11:44:27] [32mINFO[39m: [36mGET /heartbeat-runs/cf32563d-2372-4a10-813c-ca65a320db03/log?offset=22887&limitBytes=256000 304[39m
[11:44:27] [32mINFO[39m: [36mGET /companies/b9e2b5c9-9f24-49ca-bf0e-be3a6832453d/live-runs 304[39m
[11:44:29] [32mINFO[39m: [36mGET /heartbeat-runs/58b045b9-682f-4fe1-adf7-1dcbd5ab2b65/log?offset=21758&limitBytes=256000 304[39m
[11:44:29] [32mINFO[39m: [36mGET /heartbeat-runs/032bb982-ef73-4656-aa77-36e0ba353a42/log?offset=24080&limitBytes=256000 304[39m
[11:44:29] [32mINFO[39m: [36mGET /heartbeat-runs/f0bd646b-4bba-4cda-86c4-506d8a0ee9b6/log?offset=24082&limitBytes=256000 304[39m
[11:44:29] [32mINFO[39m: [36mGET /heartbeat-runs/cf32563d-2372-4a10-813c-ca65a320db03/log?offset=22887&limitBytes=256000 304[39m
[11:44:31] [32mINFO[39m: [36mGET /heartbeat-runs/58b045b9-682f-4fe1-adf7-1dcbd5ab2b65/log?offset=21758&limitBytes=256000 304[39m
[11:44:31] [32mINFO[39m: [36mGET /heartbeat-runs/032bb982-ef73-4656-aa77-36e0ba353a42/log?offset=24080&limitBytes=256000 304[39m
[11:44:31] [32mINFO[39m: [36mGET /heartbeat-runs/cf32563d-2372-4a10-813c-ca65a320db03/log?offset=22887&limitBytes=256000 304[39m
[11:44:31] [32mINFO[39m: [36mGET /heartbeat-runs/f0bd646b-4bba-4cda-86c4-506d8a0ee9b6/log?offset=24082&limitBytes=256000 304[39m
[11:44:33] [32mINFO[39m: [36mGET /heartbeat-runs/cf32563d-2372-4a10-813c-ca65a320db03/log?offset=22887&limitBytes=256000 304[39m
[11:44:33] [32mINFO[39m: [36mGET /heartbeat-runs/58b045b9-682f-4fe1-adf7-1dcbd5ab2b65/log?offset=21758&limitBytes=256000 304[39m
[11:44:33] [32mINFO[39m: [36mGET /heartbeat-runs/f0bd646b-4bba-4cda-86c4-506d8a0ee9b6/log?offset=24082&limitBytes=256000 304[39m
[11:44:33] [32mINFO[39m: [36mGET /heartbeat-runs/032bb982-ef73-4656-aa77-36e0ba353a42/log?offset=24080&limitBytes=256000 304[39m
[11:44:35] [32mINFO[39m: [36mGET /heartbeat-runs/f0bd646b-4bba-4cda-86c4-506d8a0ee9b6/log?offset=24082&limitBytes=256000 304[39m
[11:44:35] [32mINFO[39m: [36mGET /heartbeat-runs/032bb982-ef73-4656-aa77-36e0ba353a42/log?offset=24080&limitBytes=256000 304[39m
[11:44:35] [32mINFO[39m: [36mGET /heartbeat-runs/cf32563d-2372-4a10-813c-ca65a320db03/log?offset=22887&limitBytes=256000 304[39m
[11:44:35] [32mINFO[39m: [36mGET /heartbeat-runs/58b045b9-682f-4fe1-adf7-1dcbd5ab2b65/log?offset=21758&limitBytes=256000 304[39m
[11:44:37] [32mINFO[39m: [36mGET /heartbeat-runs/032bb982-ef73-4656-aa77-36e0ba353a42/log?offset=24080&limitBytes=256000 304[39m
[11:44:37] [32mINFO[39m: [36mGET /heartbeat-runs/f0bd646b-4bba-4cda-86c4-506d8a0ee9b6/log?offset=24082&limitBytes=256000 304[39m
[11:44:37] [32mINFO[39m: [36mGET /heartbeat-runs/58b045b9-682f-4fe1-adf7-1dcbd5ab2b65/log?offset=21758&limitBytes=256000 304[39m
[11:44:37] [32mINFO[39m: [36mGET /heartbeat-runs/cf32563d-2372-4a10-813c-ca65a320db03/log?offset=22887&limitBytes=256000 304[39m
[11:44:37] [32mINFO[39m: [36mGET /companies/b9e2b5c9-9f24-49ca-bf0e-be3a6832453d/live-runs 304[39m
[11:44:38] [32mINFO[39m: [36mGET /companies/b9e2b5c9-9f24-49ca-bf0e-be3a6832453d/sidebar-badges 304[39m
[11:44:39] [32mINFO[39m: [36mGET /heartbeat-runs/58b045b9-682f-4fe1-adf7-1dcbd5ab2b65/log?offset=21758&limitBytes=256000 304[39m
[11:44:39] [32mINFO[39m: [36mGET /heartbeat-runs/032bb982-ef73-4656-aa77-36e0ba353a42/log?offset=24080&limitBytes=256000 304[39m
[11:44:39] [32mINFO[39m: [36mGET /heartbeat-runs/f0bd646b-4bba-4cda-86c4-506d8a0ee9b6/log?offset=24082&limitBytes=256000 304[39m
[11:44:39] [32mINFO[39m: [36mGET /heartbeat-runs/cf32563d-2372-4a10-813c-ca65a320db03/log?offset=22887&limitBytes=256000 304[39m
[11:44:41] [32mINFO[39m: [36mGET /heartbeat-runs/032bb982-ef73-4656-aa77-36e0ba353a42/log?offset=24080&limitBytes=256000 304[39m
[11:44:41] [32mINFO[39m: [36mGET /heartbeat-runs/58b045b9-682f-4fe1-adf7-1dcbd5ab2b65/log?offset=21758&limitBytes=256000 304[39m
[11:44:41] [32mINFO[39m: [36mGET /heartbeat-runs/f0bd646b-4bba-4cda-86c4-506d8a0ee9b6/log?offset=24082&limitBytes=256000 304[39m
[11:44:41] [32mINFO[39m: [36mGET /heartbeat-runs/cf32563d-2372-4a10-813c-ca65a320db03/log?offset=22887&limitBytes=256000 304[39m
[11:44:43] [32mINFO[39m: [36mGET /heartbeat-runs/58b045b9-682f-4fe1-adf7-1dcbd5ab2b65/log?offset=21758&limitBytes=256000 304[39m
[11:44:43] [32mINFO[39m: [36mGET /heartbeat-runs/f0bd646b-4bba-4cda-86c4-506d8a0ee9b6/log?offset=24082&limitBytes=256000 304[39m
[11:44:43] [32mINFO[39m: [36mGET /heartbeat-runs/cf32563d-2372-4a10-813c-ca65a320db03/log?offset=22887&limitBytes=256000 304[39m
[11:44:43] [32mINFO[39m: [36mGET /heartbeat-runs/032bb982-ef73-4656-aa77-36e0ba353a42/log?offset=24080&limitBytes=256000 304[39m
[11:44:45] [32mINFO[39m: [36mGET /heartbeat-runs/032bb982-ef73-4656-aa77-36e0ba353a42/log?offset=24080&limitBytes=256000 304[39m
[11:44:45] [32mINFO[39m: [36mGET /heartbeat-runs/f0bd646b-4bba-4cda-86c4-506d8a0ee9b6/log?offset=24082&limitBytes=256000 304[39m
[11:44:45] [32mINFO[39m: [36mGET /heartbeat-runs/cf32563d-2372-4a10-813c-ca65a320db03/log?offset=22887&limitBytes=256000 304[39m
[11:44:45] [32mINFO[39m: [36mGET /heartbeat-runs/58b045b9-682f-4fe1-adf7-1dcbd5ab2b65/log?offset=21758&limitBytes=256000 304[39m
[11:44:47] [32mINFO[39m: [36mGET /heartbeat-runs/58b045b9-682f-4fe1-adf7-1dcbd5ab2b65/log?offset=21758&limitBytes=256000 304[39m
[11:44:47] [32mINFO[39m: [36mGET /heartbeat-runs/032bb982-ef73-4656-aa77-36e0ba353a42/log?offset=24080&limitBytes=256000 304[39m
[11:44:47] [32mINFO[39m: [36mGET /heartbeat-runs/f0bd646b-4bba-4cda-86c4-506d8a0ee9b6/log?offset=24082&limitBytes=256000 304[39m
[11:44:47] [32mINFO[39m: [36mGET /heartbeat-runs/cf32563d-2372-4a10-813c-ca65a320db03/log?offset=22887&limitBytes=256000 304[39m
[11:44:48] [32mINFO[39m: [36mGET /companies/b9e2b5c9-9f24-49ca-bf0e-be3a6832453d/live-runs 304[39m
[11:44:49] [32mINFO[39m: [36mGET /heartbeat-runs/58b045b9-682f-4fe1-adf7-1dcbd5ab2b65/log?offset=21758&limitBytes=256000 304[39m
[11:44:49] [32mINFO[39m: [36mGET /heartbeat-runs/f0bd646b-4bba-4cda-86c4-506d8a0ee9b6/log?offset=24082&limitBytes=256000 304[39m
[11:44:49] [32mINFO[39m: [36mGET /heartbeat-runs/cf32563d-2372-4a10-813c-ca65a320db03/log?offset=22887&limitBytes=256000 304[39m
[11:44:49] [32mINFO[39m: [36mGET /heartbeat-runs/032bb982-ef73-4656-aa77-36e0ba353a42/log?offset=24080&limitBytes=256000 304[39m
[11:44:51] [32mINFO[39m: [36mGET /heartbeat-runs/58b045b9-682f-4fe1-adf7-1dcbd5ab2b65/log?offset=21758&limitBytes=256000 304[39m
[11:44:51] [32mINFO[39m: [36mGET /heartbeat-runs/032bb982-ef73-4656-aa77-36e0ba353a42/log?offset=24080&limitBytes=256000 304[39m
[11:44:51] [32mINFO[39m: [36mGET /heartbeat-runs/f0bd646b-4bba-4cda-86c4-506d8a0ee9b6/log?offset=24082&limitBytes=256000 304[39m
[11:44:51] [32mINFO[39m: [36mGET /heartbeat-runs/cf32563d-2372-4a10-813c-ca65a320db03/log?offset=22887&limitBytes=256000 304[39m
[11:44:53] [32mINFO[39m: [36mGET /companies/b9e2b5c9-9f24-49ca-bf0e-be3a6832453d/sidebar-badges 304[39m
[11:44:53] [32mINFO[39m: [36mGET /heartbeat-runs/cf32563d-2372-4a10-813c-ca65a320db03/log?offset=22887&limitBytes=256000 304[39m
[11:44:53] [32mINFO[39m: [36mGET /heartbeat-runs/58b045b9-682f-4fe1-adf7-1dcbd5ab2b65/log?offset=21758&limitBytes=256000 304[39m
[11:44:53] [32mINFO[39m: [36mGET /heartbeat-runs/f0bd646b-4bba-4cda-86c4-506d8a0ee9b6/log?offset=24082&limitBytes=256000 304[39m
[11:44:53] [32mINFO[39m: [36mGET /heartbeat-runs/032bb982-ef73-4656-aa77-36e0ba353a42/log?offset=24080&limitBytes=256000 304[39m
[11:44:55] [32mINFO[39m: [36mGET /heartbeat-runs/cf32563d-2372-4a10-813c-ca65a320db03/log?offset=22887&limitBytes=256000 304[39m
[11:44:55] [32mINFO[39m: [36mGET /heartbeat-runs/58b045b9-682f-4fe1-adf7-1dcbd5ab2b65/log?offset=21758&limitBytes=256000 304[39m
[11:44:55] [32mINFO[39m: [36mGET /heartbeat-runs/f0bd646b-4bba-4cda-86c4-506d8a0ee9b6/log?offset=24082&limitBytes=256000 304[39m
[11:44:55] [32mINFO[39m: [36mGET /heartbeat-runs/032bb982-ef73-4656-aa77-36e0ba353a42/log?offset=24080&limitBytes=256000 304[39m
[11:44:57] [32mINFO[39m: [36mGET /heartbeat-runs/032bb982-ef73-4656-aa77-36e0ba353a42/log?offset=24080&limitBytes=256000 304[39m
[11:44:57] [32mINFO[39m: [36mGET /heartbeat-runs/58b045b9-682f-4fe1-adf7-1dcbd5ab2b65/log?offset=21758&limitBytes=256000 304[39m
[11:44:57] [32mINFO[39m: [36mGET /heartbeat-runs/cf32563d-2372-4a10-813c-ca65a320db03/log?offset=22887&limitBytes=256000 304[39m
[11:44:57] [32mINFO[39m: [36mGET /heartbeat-runs/f0bd646b-4bba-4cda-86c4-506d8a0ee9b6/log?offset=24082&limitBytes=256000 304[39m
[11:44:58] [32mINFO[39m: [36mGET /companies/b9e2b5c9-9f24-49ca-bf0e-be3a6832453d/live-runs 304[39m
[11:44:59] [32mINFO[39m: [36mGET /heartbeat-runs/cf32563d-2372-4a10-813c-ca65a320db03/log?offset=22887&limitBytes=256000 304[39m
[11:44:59] [32mINFO[39m: [36mGET /heartbeat-runs/58b045b9-682f-4fe1-adf7-1dcbd5ab2b65/log?offset=21758&limitBytes=256000 304[39m
[11:44:59] [32mINFO[39m: [36mGET /heartbeat-runs/f0bd646b-4bba-4cda-86c4-506d8a0ee9b6/log?offset=24082&limitBytes=256000 304[39m
[11:44:59] [32mINFO[39m: [36mGET /heartbeat-runs/032bb982-ef73-4656-aa77-36e0ba353a42/log?offset=24080&limitBytes=256000 304[39m
[11:45:01] [32mINFO[39m: [36mGET /heartbeat-runs/032bb982-ef73-4656-aa77-36e0ba353a42/log?offset=24080&limitBytes=256000 304[39m
[11:45:01] [32mINFO[39m: [36mGET /heartbeat-runs/cf32563d-2372-4a10-813c-ca65a320db03/log?offset=22887&limitBytes=256000 304[39m
[11:45:01] [32mINFO[39m: [36mGET /heartbeat-runs/58b045b9-682f-4fe1-adf7-1dcbd5ab2b65/log?offset=21758&limitBytes=256000 304[39m
[11:45:01] [32mINFO[39m: [36mGET /heartbeat-runs/f0bd646b-4bba-4cda-86c4-506d8a0ee9b6/log?offset=24082&limitBytes=256000 304[39m
[11:45:03] [32mINFO[39m: [36mGET /heartbeat-runs/f0bd646b-4bba-4cda-86c4-506d8a0ee9b6/log?offset=24082&limitBytes=256000 304[39m
[11:45:03] [32mINFO[39m: [36mGET /heartbeat-runs/cf32563d-2372-4a10-813c-ca65a320db03/log?offset=22887&limitBytes=256000 304[39m
[11:45:03] [32mINFO[39m: [36mGET /heartbeat-runs/58b045b9-682f-4fe1-adf7-1dcbd5ab2b65/log?offset=21758&limitBytes=256000 304[39m
[11:45:03] [32mINFO[39m: [36mGET /heartbeat-runs/032bb982-ef73-4656-aa77-36e0ba353a42/log?offset=24080&limitBytes=256000 304[39m
[11:45:05] [32mINFO[39m: [36mGET /heartbeat-runs/58b045b9-682f-4fe1-adf7-1dcbd5ab2b65/log?offset=21758&limitBytes=256000 304[39m
[11:45:05] [32mINFO[39m: [36mGET /heartbeat-runs/032bb982-ef73-4656-aa77-36e0ba353a42/log?offset=24080&limitBytes=256000 304[39m
[11:45:05] [32mINFO[39m: [36mGET /heartbeat-runs/f0bd646b-4bba-4cda-86c4-506d8a0ee9b6/log?offset=24082&limitBytes=256000 304[39m
[11:45:05] [32mINFO[39m: [36mGET /heartbeat-runs/cf32563d-2372-4a10-813c-ca65a320db03/log?offset=22887&limitBytes=256000 304[39m
[11:45:07] [32mINFO[39m: [36mGET /heartbeat-runs/032bb982-ef73-4656-aa77-36e0ba353a42/log?offset=24080&limitBytes=256000 304[39m
[11:45:07] [32mINFO[39m: [36mGET /heartbeat-runs/58b045b9-682f-4fe1-adf7-1dcbd5ab2b65/log?offset=21758&limitBytes=256000 304[39m
[11:45:07] [32mINFO[39m: [36mGET /heartbeat-runs/cf32563d-2372-4a10-813c-ca65a320db03/log?offset=22887&limitBytes=256000 304[39m
[11:45:07] [32mINFO[39m: [36mGET /heartbeat-runs/f0bd646b-4bba-4cda-86c4-506d8a0ee9b6/log?offset=24082&limitBytes=256000 304[39m
[11:45:08] [32mINFO[39m: [36mGET /companies/b9e2b5c9-9f24-49ca-bf0e-be3a6832453d/live-runs 304[39m
[11:45:08] [32mINFO[39m: [36mGET /companies/b9e2b5c9-9f24-49ca-bf0e-be3a6832453d/sidebar-badges 304[39m
[11:45:09] [32mINFO[39m: [36mGET /heartbeat-runs/cf32563d-2372-4a10-813c-ca65a320db03/log?offset=22887&limitBytes=256000 304[39m
[11:45:09] [32mINFO[39m: [36mGET /heartbeat-runs/58b045b9-682f-4fe1-adf7-1dcbd5ab2b65/log?offset=21758&limitBytes=256000 304[39m
[11:45:09] [32mINFO[39m: [36mGET /heartbeat-runs/f0bd646b-4bba-4cda-86c4-506d8a0ee9b6/log?offset=24082&limitBytes=256000 304[39m
[11:45:09] [32mINFO[39m: [36mGET /heartbeat-runs/032bb982-ef73-4656-aa77-36e0ba353a42/log?offset=24080&limitBytes=256000 304[39m
[11:45:11] [32mINFO[39m: [36mGET /heartbeat-runs/f0bd646b-4bba-4cda-86c4-506d8a0ee9b6/log?offset=24082&limitBytes=256000 304[39m
[11:45:11] [32mINFO[39m: [36mGET /heartbeat-runs/032bb982-ef73-4656-aa77-36e0ba353a42/log?offset=24080&limitBytes=256000 304[39m
[11:45:11] [32mINFO[39m: [36mGET /heartbeat-runs/58b045b9-682f-4fe1-adf7-1dcbd5ab2b65/log?offset=21758&limitBytes=256000 304[39m
[11:45:11] [32mINFO[39m: [36mGET /heartbeat-runs/cf32563d-2372-4a10-813c-ca65a320db03/log?offset=22887&limitBytes=256000 304[39m
[11:45:13] [32mINFO[39m: [36mGET /heartbeat-runs/cf32563d-2372-4a10-813c-ca65a320db03/log?offset=22887&limitBytes=256000 304[39m
[11:45:13] [32mINFO[39m: [36mGET /heartbeat-runs/58b045b9-682f-4fe1-adf7-1dcbd5ab2b65/log?offset=21758&limitBytes=256000 304[39m
[11:45:13] [32mINFO[39m: [36mGET /heartbeat-runs/f0bd646b-4bba-4cda-86c4-506d8a0ee9b6/log?offset=24082&limitBytes=256000 304[39m
[11:45:13] [32mINFO[39m: [36mGET /heartbeat-runs/032bb982-ef73-4656-aa77-36e0ba353a42/log?offset=24080&limitBytes=256000 304[39m
[11:45:15] [32mINFO[39m: [36mGET /heartbeat-runs/f0bd646b-4bba-4cda-86c4-506d8a0ee9b6/log?offset=24082&limitBytes=256000 304[39m
[11:45:15] [32mINFO[39m: [36mGET /heartbeat-runs/58b045b9-682f-4fe1-adf7-1dcbd5ab2b65/log?offset=21758&limitBytes=256000 304[39m
[11:45:15] [32mINFO[39m: [36mGET /heartbeat-runs/032bb982-ef73-4656-aa77-36e0ba353a42/log?offset=24080&limitBytes=256000 304[39m
[11:45:15] [32mINFO[39m: [36mGET /heartbeat-runs/cf32563d-2372-4a10-813c-ca65a320db03/log?offset=22887&limitBytes=256000 304[39m
[11:45:17] [32mINFO[39m: [36mGET /heartbeat-runs/032bb982-ef73-4656-aa77-36e0ba353a42/log?offset=24080&limitBytes=256000 304[39m
[11:45:17] [32mINFO[39m: [36mGET /heartbeat-runs/58b045b9-682f-4fe1-adf7-1dcbd5ab2b65/log?offset=21758&limitBytes=256000 304[39m
[11:45:17] [32mINFO[39m: [36mGET /heartbeat-runs/f0bd646b-4bba-4cda-86c4-506d8a0ee9b6/log?offset=24082&limitBytes=256000 304[39m
[11:45:17] [32mINFO[39m: [36mGET /heartbeat-runs/cf32563d-2372-4a10-813c-ca65a320db03/log?offset=22887&limitBytes=256000 304[39m
[11:45:18] [32mINFO[39m: [36mGET /companies/b9e2b5c9-9f24-49ca-bf0e-be3a6832453d/live-runs 304[39m
[11:45:19] [32mINFO[39m: [36mGET /heartbeat-runs/58b045b9-682f-4fe1-adf7-1dcbd5ab2b65/log?offset=21758&limitBytes=256000 304[39m
[11:45:19] [32mINFO[39m: [36mGET /heartbeat-runs/032bb982-ef73-4656-aa77-36e0ba353a42/log?offset=24080&limitBytes=256000 304[39m
[11:45:19] [32mINFO[39m: [36mGET /heartbeat-runs/cf32563d-2372-4a10-813c-ca65a320db03/log?offset=22887&limitBytes=256000 304[39m
[11:45:19] [32mINFO[39m: [36mGET /heartbeat-runs/f0bd646b-4bba-4cda-86c4-506d8a0ee9b6/log?offset=24082&limitBytes=256000 304[39m
[11:45:21] [32mINFO[39m: [36mGET /heartbeat-runs/58b045b9-682f-4fe1-adf7-1dcbd5ab2b65/log?offset=21758&limitBytes=256000 304[39m
[11:45:21] [32mINFO[39m: [36mGET /heartbeat-runs/032bb982-ef73-4656-aa77-36e0ba353a42/log?offset=24080&limitBytes=256000 304[39m
[11:45:21] [32mINFO[39m: [36mGET /heartbeat-runs/cf32563d-2372-4a10-813c-ca65a320db03/log?offset=22887&limitBytes=256000 304[39m
[11:45:21] [32mINFO[39m: [36mGET /heartbeat-runs/f0bd646b-4bba-4cda-86c4-506d8a0ee9b6/log?offset=24082&limitBytes=256000 304[39m
[11:45:23] [32mINFO[39m: [36mGET /companies/b9e2b5c9-9f24-49ca-bf0e-be3a6832453d/sidebar-badges 304[39m
[11:45:23] [32mINFO[39m: [36mGET /heartbeat-runs/58b045b9-682f-4fe1-adf7-1dcbd5ab2b65/log?offset=21758&limitBytes=256000 304[39m
[11:45:23] [32mINFO[39m: [36mGET /heartbeat-runs/032bb982-ef73-4656-aa77-36e0ba353a42/log?offset=24080&limitBytes=256000 304[39m
[11:45:23] [32mINFO[39m: [36mGET /heartbeat-runs/f0bd646b-4bba-4cda-86c4-506d8a0ee9b6/log?offset=24082&limitBytes=256000 304[39m
[11:45:23] [32mINFO[39m: [36mGET /heartbeat-runs/cf32563d-2372-4a10-813c-ca65a320db03/log?offset=22887&limitBytes=256000 304[39m
[11:45:25] [32mINFO[39m: [36mGET /heartbeat-runs/032bb982-ef73-4656-aa77-36e0ba353a42/log?offset=24080&limitBytes=256000 304[39m
[11:45:25] [32mINFO[39m: [36mGET /heartbeat-runs/f0bd646b-4bba-4cda-86c4-506d8a0ee9b6/log?offset=24082&limitBytes=256000 304[39m
[11:45:25] [32mINFO[39m: [36mGET /heartbeat-runs/cf32563d-2372-4a10-813c-ca65a320db03/log?offset=22887&limitBytes=256000 304[39m
[11:45:25] [32mINFO[39m: [36mGET /heartbeat-runs/58b045b9-682f-4fe1-adf7-1dcbd5ab2b65/log?offset=21758&limitBytes=256000 304[39m
[11:45:27] [32mINFO[39m: [36mGET /heartbeat-runs/58b045b9-682f-4fe1-adf7-1dcbd5ab2b65/log?offset=21758&limitBytes=256000 304[39m
[11:45:27] [32mINFO[39m: [36mGET /heartbeat-runs/cf32563d-2372-4a10-813c-ca65a320db03/log?offset=22887&limitBytes=256000 304[39m
[11:45:27] [32mINFO[39m: [36mGET /heartbeat-runs/032bb982-ef73-4656-aa77-36e0ba353a42/log?offset=24080&limitBytes=256000 304[39m
[11:45:27] [32mINFO[39m: [36mGET /heartbeat-runs/f0bd646b-4bba-4cda-86c4-506d8a0ee9b6/log?offset=24082&limitBytes=256000 304[39m
[11:45:28] [32mINFO[39m: [36mGET /companies/b9e2b5c9-9f24-49ca-bf0e-be3a6832453d/live-runs 304[39m
[11:45:29] [32mINFO[39m: [36mGET /heartbeat-runs/032bb982-ef73-4656-aa77-36e0ba353a42/log?offset=24080&limitBytes=256000 304[39m
[11:45:29] [32mINFO[39m: [36mGET /heartbeat-runs/f0bd646b-4bba-4cda-86c4-506d8a0ee9b6/log?offset=24082&limitBytes=256000 304[39m
[11:45:29] [32mINFO[39m: [36mGET /heartbeat-runs/cf32563d-2372-4a10-813c-ca65a320db03/log?offset=22887&limitBytes=256000 304[39m
[11:45:29] [32mINFO[39m: [36mGET /heartbeat-runs/58b045b9-682f-4fe1-adf7-1dcbd5ab2b65/log?offset=21758&limitBytes=256000 304[39m
[11:45:31] [32mINFO[39m: [36mGET /heartbeat-runs/58b045b9-682f-4fe1-adf7-1dcbd5ab2b65/log?offset=21758&limitBytes=256000 304[39m
[11:45:31] [32mINFO[39m: [36mGET /heartbeat-runs/cf32563d-2372-4a10-813c-ca65a320db03/log?offset=22887&limitBytes=256000 304[39m
[11:45:31] [32mINFO[39m: [36mGET /heartbeat-runs/032bb982-ef73-4656-aa77-36e0ba353a42/log?offset=24080&limitBytes=256000 304[39m
[11:45:31] [32mINFO[39m: [36mGET /heartbeat-runs/f0bd646b-4bba-4cda-86c4-506d8a0ee9b6/log?offset=24082&limitBytes=256000 304[39m
[11:45:33] [32mINFO[39m: [36mGET /heartbeat-runs/58b045b9-682f-4fe1-adf7-1dcbd5ab2b65/log?offset=21758&limitBytes=256000 304[39m
[11:45:33] [32mINFO[39m: [36mGET /heartbeat-runs/f0bd646b-4bba-4cda-86c4-506d8a0ee9b6/log?offset=24082&limitBytes=256000 304[39m
[11:45:33] [32mINFO[39m: [36mGET /heartbeat-runs/032bb982-ef73-4656-aa77-36e0ba353a42/log?offset=24080&limitBytes=256000 304[39m
[11:45:33] [32mINFO[39m: [36mGET /heartbeat-runs/cf32563d-2372-4a10-813c-ca65a320db03/log?offset=22887&limitBytes=256000 304[39m
[11:45:35] [32mINFO[39m: [36mGET /heartbeat-runs/58b045b9-682f-4fe1-adf7-1dcbd5ab2b65/log?offset=21758&limitBytes=256000 304[39m
[11:45:35] [32mINFO[39m: [36mGET /heartbeat-runs/032bb982-ef73-4656-aa77-36e0ba353a42/log?offset=24080&limitBytes=256000 304[39m
[11:45:35] [32mINFO[39m: [36mGET /heartbeat-runs/f0bd646b-4bba-4cda-86c4-506d8a0ee9b6/log?offset=24082&limitBytes=256000 304[39m
[11:45:35] [32mINFO[39m: [36mGET /heartbeat-runs/cf32563d-2372-4a10-813c-ca65a320db03/log?offset=22887&limitBytes=256000 304[39m
[11:45:37] [32mINFO[39m: [36mGET /heartbeat-runs/032bb982-ef73-4656-aa77-36e0ba353a42/log?offset=24080&limitBytes=256000 304[39m
[11:45:37] [32mINFO[39m: [36mGET /heartbeat-runs/cf32563d-2372-4a10-813c-ca65a320db03/log?offset=22887&limitBytes=256000 304[39m
[11:45:37] [32mINFO[39m: [36mGET /heartbeat-runs/58b045b9-682f-4fe1-adf7-1dcbd5ab2b65/log?offset=21758&limitBytes=256000 304[39m
[11:45:37] [32mINFO[39m: [36mGET /heartbeat-runs/f0bd646b-4bba-4cda-86c4-506d8a0ee9b6/log?offset=24082&limitBytes=256000 304[39m
[11:45:38] [32mINFO[39m: [36mGET /companies/b9e2b5c9-9f24-49ca-bf0e-be3a6832453d/live-runs 304[39m
[11:45:38] [32mINFO[39m: [36mGET /companies/b9e2b5c9-9f24-49ca-bf0e-be3a6832453d/sidebar-badges 304[39m
[11:45:39] [32mINFO[39m: [36mGET /heartbeat-runs/cf32563d-2372-4a10-813c-ca65a320db03/log?offset=22887&limitBytes=256000 304[39m
[11:45:39] [32mINFO[39m: [36mGET /heartbeat-runs/f0bd646b-4bba-4cda-86c4-506d8a0ee9b6/log?offset=24082&limitBytes=256000 304[39m
[11:45:39] [32mINFO[39m: [36mGET /heartbeat-runs/58b045b9-682f-4fe1-adf7-1dcbd5ab2b65/log?offset=21758&limitBytes=256000 304[39m
[11:45:39] [32mINFO[39m: [36mGET /heartbeat-runs/032bb982-ef73-4656-aa77-36e0ba353a42/log?offset=24080&limitBytes=256000 304[39m
[11:45:41] [32mINFO[39m: [36mGET /heartbeat-runs/cf32563d-2372-4a10-813c-ca65a320db03/log?offset=22887&limitBytes=256000 304[39m
[11:45:41] [32mINFO[39m: [36mGET /heartbeat-runs/58b045b9-682f-4fe1-adf7-1dcbd5ab2b65/log?offset=21758&limitBytes=256000 304[39m
[11:45:41] [32mINFO[39m: [36mGET /heartbeat-runs/032bb982-ef73-4656-aa77-36e0ba353a42/log?offset=24080&limitBytes=256000 304[39m
[11:45:41] [32mINFO[39m: [36mGET /heartbeat-runs/f0bd646b-4bba-4cda-86c4-506d8a0ee9b6/log?offset=24082&limitBytes=256000 304[39m
[11:45:43] [32mINFO[39m: [36mGET /heartbeat-runs/58b045b9-682f-4fe1-adf7-1dcbd5ab2b65/log?offset=21758&limitBytes=256000 304[39m
[11:45:43] [32mINFO[39m: [36mGET /heartbeat-runs/032bb982-ef73-4656-aa77-36e0ba353a42/log?offset=24080&limitBytes=256000 304[39m
[11:45:43] [32mINFO[39m: [36mGET /heartbeat-runs/f0bd646b-4bba-4cda-86c4-506d8a0ee9b6/log?offset=24082&limitBytes=256000 304[39m
[11:45:43] [32mINFO[39m: [36mGET /heartbeat-runs/cf32563d-2372-4a10-813c-ca65a320db03/log?offset=22887&limitBytes=256000 304[39m
[11:45:45] [32mINFO[39m: [36mGET /heartbeat-runs/f0bd646b-4bba-4cda-86c4-506d8a0ee9b6/log?offset=24082&limitBytes=256000 304[39m
[11:45:45] [32mINFO[39m: [36mGET /heartbeat-runs/58b045b9-682f-4fe1-adf7-1dcbd5ab2b65/log?offset=21758&limitBytes=256000 304[39m
[11:45:45] [32mINFO[39m: [36mGET /heartbeat-runs/032bb982-ef73-4656-aa77-36e0ba353a42/log?offset=24080&limitBytes=256000 304[39m
[11:45:45] [32mINFO[39m: [36mGET /heartbeat-runs/cf32563d-2372-4a10-813c-ca65a320db03/log?offset=22887&limitBytes=256000 304[39m
[11:45:47] [32mINFO[39m: [36mGET /heartbeat-runs/58b045b9-682f-4fe1-adf7-1dcbd5ab2b65/log?offset=21758&limitBytes=256000 304[39m
[11:45:47] [32mINFO[39m: [36mGET /heartbeat-runs/cf32563d-2372-4a10-813c-ca65a320db03/log?offset=22887&limitBytes=256000 304[39m
[11:45:47] [32mINFO[39m: [36mGET /heartbeat-runs/032bb982-ef73-4656-aa77-36e0ba353a42/log?offset=24080&limitBytes=256000 304[39m
[11:45:47] [32mINFO[39m: [36mGET /heartbeat-runs/f0bd646b-4bba-4cda-86c4-506d8a0ee9b6/log?offset=24082&limitBytes=256000 304[39m
[11:45:48] [32mINFO[39m: [36mGET /companies/b9e2b5c9-9f24-49ca-bf0e-be3a6832453d/live-runs 304[39m
[11:45:49] [32mINFO[39m: [36mGET /heartbeat-runs/58b045b9-682f-4fe1-adf7-1dcbd5ab2b65/log?offset=21758&limitBytes=256000 304[39m
[11:45:49] [32mINFO[39m: [36mGET /heartbeat-runs/cf32563d-2372-4a10-813c-ca65a320db03/log?offset=22887&limitBytes=256000 304[39m
[11:45:49] [32mINFO[39m: [36mGET /heartbeat-runs/032bb982-ef73-4656-aa77-36e0ba353a42/log?offset=24080&limitBytes=256000 304[39m
[11:45:49] [32mINFO[39m: [36mGET /heartbeat-runs/f0bd646b-4bba-4cda-86c4-506d8a0ee9b6/log?offset=24082&limitBytes=256000 304[39m
[11:45:51] [32mINFO[39m: [36mGET /heartbeat-runs/cf32563d-2372-4a10-813c-ca65a320db03/log?offset=22887&limitBytes=256000 304[39m
[11:45:51] [32mINFO[39m: [36mGET /heartbeat-runs/032bb982-ef73-4656-aa77-36e0ba353a42/log?offset=24080&limitBytes=256000 304[39m
[11:45:51] [32mINFO[39m: [36mGET /heartbeat-runs/58b045b9-682f-4fe1-adf7-1dcbd5ab2b65/log?offset=21758&limitBytes=256000 304[39m
[11:45:51] [32mINFO[39m: [36mGET /heartbeat-runs/f0bd646b-4bba-4cda-86c4-506d8a0ee9b6/log?offset=24082&limitBytes=256000 304[39m
[11:45:53] [32mINFO[39m: [36mGET /companies/b9e2b5c9-9f24-49ca-bf0e-be3a6832453d/sidebar-badges 304[39m
[11:45:53] [32mINFO[39m: [36mGET /heartbeat-runs/f0bd646b-4bba-4cda-86c4-506d8a0ee9b6/log?offset=24082&limitBytes=256000 304[39m
[11:45:53] [32mINFO[39m: [36mGET /heartbeat-runs/cf32563d-2372-4a10-813c-ca65a320db03/log?offset=22887&limitBytes=256000 304[39m
[11:45:53] [32mINFO[39m: [36mGET /heartbeat-runs/58b045b9-682f-4fe1-adf7-1dcbd5ab2b65/log?offset=21758&limitBytes=256000 304[39m
[11:45:53] [32mINFO[39m: [36mGET /heartbeat-runs/032bb982-ef73-4656-aa77-36e0ba353a42/log?offset=24080&limitBytes=256000 304[39m
[11:45:55] [32mINFO[39m: [36mGET /heartbeat-runs/58b045b9-682f-4fe1-adf7-1dcbd5ab2b65/log?offset=21758&limitBytes=256000 304[39m
[11:45:55] [32mINFO[39m: [36mGET /heartbeat-runs/032bb982-ef73-4656-aa77-36e0ba353a42/log?offset=24080&limitBytes=256000 304[39m
[11:45:55] [32mINFO[39m: [36mGET /heartbeat-runs/cf32563d-2372-4a10-813c-ca65a320db03/log?offset=22887&limitBytes=256000 304[39m
[11:45:55] [32mINFO[39m: [36mGET /heartbeat-runs/f0bd646b-4bba-4cda-86c4-506d8a0ee9b6/log?offset=24082&limitBytes=256000 304[39m
[11:45:57] [32mINFO[39m: [36mGET /heartbeat-runs/58b045b9-682f-4fe1-adf7-1dcbd5ab2b65/log?offset=21758&limitBytes=256000 304[39m
[11:45:57] [32mINFO[39m: [36mGET /heartbeat-runs/f0bd646b-4bba-4cda-86c4-506d8a0ee9b6/log?offset=24082&limitBytes=256000 304[39m
[11:45:57] [32mINFO[39m: [36mGET /heartbeat-runs/032bb982-ef73-4656-aa77-36e0ba353a42/log?offset=24080&limitBytes=256000 304[39m
[11:45:57] [32mINFO[39m: [36mGET /heartbeat-runs/cf32563d-2372-4a10-813c-ca65a320db03/log?offset=22887&limitBytes=256000 304[39m
[11:45:58] [32mINFO[39m: [36mGET /companies/b9e2b5c9-9f24-49ca-bf0e-be3a6832453d/live-runs 304[39m
[11:45:59] [32mINFO[39m: [36mGET /heartbeat-runs/58b045b9-682f-4fe1-adf7-1dcbd5ab2b65/log?offset=21758&limitBytes=256000 304[39m
[11:45:59] [32mINFO[39m: [36mGET /heartbeat-runs/cf32563d-2372-4a10-813c-ca65a320db03/log?offset=22887&limitBytes=256000 304[39m
[11:45:59] [32mINFO[39m: [36mGET /heartbeat-runs/f0bd646b-4bba-4cda-86c4-506d8a0ee9b6/log?offset=24082&limitBytes=256000 304[39m
[11:45:59] [32mINFO[39m: [36mGET /heartbeat-runs/032bb982-ef73-4656-aa77-36e0ba353a42/log?offset=24080&limitBytes=256000 304[39m
[11:46:01] [32mINFO[39m: [36mGET /heartbeat-runs/58b045b9-682f-4fe1-adf7-1dcbd5ab2b65/log?offset=21758&limitBytes=256000 304[39m
[11:46:01] [32mINFO[39m: [36mGET /heartbeat-runs/cf32563d-2372-4a10-813c-ca65a320db03/log?offset=22887&limitBytes=256000 304[39m
[11:46:01] [32mINFO[39m: [36mGET /heartbeat-runs/032bb982-ef73-4656-aa77-36e0ba353a42/log?offset=24080&limitBytes=256000 304[39m
[11:46:01] [32mINFO[39m: [36mGET /heartbeat-runs/f0bd646b-4bba-4cda-86c4-506d8a0ee9b6/log?offset=24082&limitBytes=256000 304[39m
[11:46:03] [32mINFO[39m: [36mGET /heartbeat-runs/58b045b9-682f-4fe1-adf7-1dcbd5ab2b65/log?offset=21758&limitBytes=256000 304[39m
[11:46:03] [32mINFO[39m: [36mGET /heartbeat-runs/032bb982-ef73-4656-aa77-36e0ba353a42/log?offset=24080&limitBytes=256000 304[39m
[11:46:03] [32mINFO[39m: [36mGET /heartbeat-runs/cf32563d-2372-4a10-813c-ca65a320db03/log?offset=22887&limitBytes=256000 304[39m
[11:46:03] [32mINFO[39m: [36mGET /heartbeat-runs/f0bd646b-4bba-4cda-86c4-506d8a0ee9b6/log?offset=24082&limitBytes=256000 304[39m
[11:46:05] [32mINFO[39m: [36mGET /heartbeat-runs/58b045b9-682f-4fe1-adf7-1dcbd5ab2b65/log?offset=21758&limitBytes=256000 304[39m
[11:46:05] [32mINFO[39m: [36mGET /heartbeat-runs/032bb982-ef73-4656-aa77-36e0ba353a42/log?offset=24080&limitBytes=256000 304[39m
[11:46:05] [32mINFO[39m: [36mGET /heartbeat-runs/cf32563d-2372-4a10-813c-ca65a320db03/log?offset=22887&limitBytes=256000 304[39m
[11:46:05] [32mINFO[39m: [36mGET /heartbeat-runs/f0bd646b-4bba-4cda-86c4-506d8a0ee9b6/log?offset=24082&limitBytes=256000 304[39m
[11:46:07] [32mINFO[39m: [36mGET /heartbeat-runs/cf32563d-2372-4a10-813c-ca65a320db03/log?offset=22887&limitBytes=256000 304[39m
[11:46:07] [32mINFO[39m: [36mGET /heartbeat-runs/58b045b9-682f-4fe1-adf7-1dcbd5ab2b65/log?offset=21758&limitBytes=256000 304[39m
[11:46:07] [32mINFO[39m: [36mGET /heartbeat-runs/032bb982-ef73-4656-aa77-36e0ba353a42/log?offset=24080&limitBytes=256000 304[39m
[11:46:07] [32mINFO[39m: [36mGET /heartbeat-runs/f0bd646b-4bba-4cda-86c4-506d8a0ee9b6/log?offset=24082&limitBytes=256000 304[39m
[11:46:08] [32mINFO[39m: [36mGET /companies/b9e2b5c9-9f24-49ca-bf0e-be3a6832453d/live-runs 304[39m
[11:46:08] [32mINFO[39m: [36mGET /companies/b9e2b5c9-9f24-49ca-bf0e-be3a6832453d/sidebar-badges 304[39m
[11:46:09] [32mINFO[39m: [36mGET /heartbeat-runs/58b045b9-682f-4fe1-adf7-1dcbd5ab2b65/log?offset=21758&limitBytes=256000 304[39m
[11:46:09] [32mINFO[39m: [36mGET /heartbeat-runs/032bb982-ef73-4656-aa77-36e0ba353a42/log?offset=24080&limitBytes=256000 304[39m
[11:46:09] [32mINFO[39m: [36mGET /heartbeat-runs/f0bd646b-4bba-4cda-86c4-506d8a0ee9b6/log?offset=24082&limitBytes=256000 304[39m
[11:46:09] [32mINFO[39m: [36mGET /heartbeat-runs/cf32563d-2372-4a10-813c-ca65a320db03/log?offset=22887&limitBytes=256000 304[39m
[11:46:11] [32mINFO[39m: [36mGET /heartbeat-runs/58b045b9-682f-4fe1-adf7-1dcbd5ab2b65/log?offset=21758&limitBytes=256000 304[39m
[11:46:11] [32mINFO[39m: [36mGET /heartbeat-runs/f0bd646b-4bba-4cda-86c4-506d8a0ee9b6/log?offset=24082&limitBytes=256000 304[39m
[11:46:11] [32mINFO[39m: [36mGET /heartbeat-runs/032bb982-ef73-4656-aa77-36e0ba353a42/log?offset=24080&limitBytes=256000 304[39m
[11:46:11] [32mINFO[39m: [36mGET /heartbeat-runs/cf32563d-2372-4a10-813c-ca65a320db03/log?offset=22887&limitBytes=256000 304[39m
[11:46:13] [32mINFO[39m: [36mGET /heartbeat-runs/032bb982-ef73-4656-aa77-36e0ba353a42/log?offset=24080&limitBytes=256000 304[39m
[11:46:13] [32mINFO[39m: [36mGET /heartbeat-runs/f0bd646b-4bba-4cda-86c4-506d8a0ee9b6/log?offset=24082&limitBytes=256000 304[39m
[11:46:13] [32mINFO[39m: [36mGET /heartbeat-runs/58b045b9-682f-4fe1-adf7-1dcbd5ab2b65/log?offset=21758&limitBytes=256000 304[39m
[11:46:13] [32mINFO[39m: [36mGET /heartbeat-runs/cf32563d-2372-4a10-813c-ca65a320db03/log?offset=22887&limitBytes=256000 304[39m
[11:46:15] [32mINFO[39m: [36mGET /heartbeat-runs/cf32563d-2372-4a10-813c-ca65a320db03/log?offset=22887&limitBytes=256000 304[39m
[11:46:15] [32mINFO[39m: [36mGET /heartbeat-runs/58b045b9-682f-4fe1-adf7-1dcbd5ab2b65/log?offset=21758&limitBytes=256000 304[39m
[11:46:15] [32mINFO[39m: [36mGET /heartbeat-runs/032bb982-ef73-4656-aa77-36e0ba353a42/log?offset=24080&limitBytes=256000 304[39m
[11:46:15] [32mINFO[39m: [36mGET /heartbeat-runs/f0bd646b-4bba-4cda-86c4-506d8a0ee9b6/log?offset=24082&limitBytes=256000 304[39m
[11:46:17] [32mINFO[39m: [36mGET /heartbeat-runs/58b045b9-682f-4fe1-adf7-1dcbd5ab2b65/log?offset=21758&limitBytes=256000 304[39m
[11:46:17] [32mINFO[39m: [36mGET /heartbeat-runs/032bb982-ef73-4656-aa77-36e0ba353a42/log?offset=24080&limitBytes=256000 304[39m
[11:46:17] [32mINFO[39m: [36mGET /heartbeat-runs/cf32563d-2372-4a10-813c-ca65a320db03/log?offset=22887&limitBytes=256000 304[39m
[11:46:17] [32mINFO[39m: [36mGET /heartbeat-runs/f0bd646b-4bba-4cda-86c4-506d8a0ee9b6/log?offset=24082&limitBytes=256000 304[39m
[11:46:18] [32mINFO[39m: [36mGET /companies/b9e2b5c9-9f24-49ca-bf0e-be3a6832453d/live-runs 304[39m
[11:46:19] [32mINFO[39m: [36mGET /heartbeat-runs/cf32563d-2372-4a10-813c-ca65a320db03/log?offset=22887&limitBytes=256000 304[39m
[11:46:19] [32mINFO[39m: [36mGET /heartbeat-runs/58b045b9-682f-4fe1-adf7-1dcbd5ab2b65/log?offset=21758&limitBytes=256000 304[39m
[11:46:19] [32mINFO[39m: [36mGET /heartbeat-runs/032bb982-ef73-4656-aa77-36e0ba353a42/log?offset=24080&limitBytes=256000 304[39m
[11:46:19] [32mINFO[39m: [36mGET /heartbeat-runs/f0bd646b-4bba-4cda-86c4-506d8a0ee9b6/log?offset=24082&limitBytes=256000 304[39m
[11:46:21] [32mINFO[39m: [36mGET /heartbeat-runs/58b045b9-682f-4fe1-adf7-1dcbd5ab2b65/log?offset=21758&limitBytes=256000 304[39m
[11:46:21] [32mINFO[39m: [36mGET /heartbeat-runs/032bb982-ef73-4656-aa77-36e0ba353a42/log?offset=24080&limitBytes=256000 304[39m
[11:46:21] [32mINFO[39m: [36mGET /heartbeat-runs/f0bd646b-4bba-4cda-86c4-506d8a0ee9b6/log?offset=24082&limitBytes=256000 304[39m
[11:46:21] [32mINFO[39m: [36mGET /heartbeat-runs/cf32563d-2372-4a10-813c-ca65a320db03/log?offset=22887&limitBytes=256000 304[39m
[11:46:23] [32mINFO[39m: [36mGET /companies/b9e2b5c9-9f24-49ca-bf0e-be3a6832453d/sidebar-badges 304[39m
[11:46:23] [32mINFO[39m: [36mGET /heartbeat-runs/032bb982-ef73-4656-aa77-36e0ba353a42/log?offset=24080&limitBytes=256000 304[39m
[11:46:23] [32mINFO[39m: [36mGET /heartbeat-runs/58b045b9-682f-4fe1-adf7-1dcbd5ab2b65/log?offset=21758&limitBytes=256000 304[39m
[11:46:23] [32mINFO[39m: [36mGET /heartbeat-runs/f0bd646b-4bba-4cda-86c4-506d8a0ee9b6/log?offset=24082&limitBytes=256000 304[39m
[11:46:23] [32mINFO[39m: [36mGET /heartbeat-runs/cf32563d-2372-4a10-813c-ca65a320db03/log?offset=22887&limitBytes=256000 304[39m
[11:46:25] [32mINFO[39m: [36mGET /heartbeat-runs/032bb982-ef73-4656-aa77-36e0ba353a42/log?offset=24080&limitBytes=256000 304[39m
[11:46:25] [32mINFO[39m: [36mGET /heartbeat-runs/cf32563d-2372-4a10-813c-ca65a320db03/log?offset=22887&limitBytes=256000 304[39m
[11:46:25] [32mINFO[39m: [36mGET /heartbeat-runs/f0bd646b-4bba-4cda-86c4-506d8a0ee9b6/log?offset=24082&limitBytes=256000 304[39m
[11:46:25] [32mINFO[39m: [36mGET /heartbeat-runs/58b045b9-682f-4fe1-adf7-1dcbd5ab2b65/log?offset=21758&limitBytes=256000 304[39m
[11:46:27] [32mINFO[39m: [36mGET /heartbeat-runs/cf32563d-2372-4a10-813c-ca65a320db03/log?offset=22887&limitBytes=256000 304[39m
[11:46:27] [32mINFO[39m: [36mGET /heartbeat-runs/032bb982-ef73-4656-aa77-36e0ba353a42/log?offset=24080&limitBytes=256000 304[39m
[11:46:27] [32mINFO[39m: [36mGET /heartbeat-runs/f0bd646b-4bba-4cda-86c4-506d8a0ee9b6/log?offset=24082&limitBytes=256000 304[39m
[11:46:27] [32mINFO[39m: [36mGET /heartbeat-runs/58b045b9-682f-4fe1-adf7-1dcbd5ab2b65/log?offset=21758&limitBytes=256000 304[39m
[11:46:28] [32mINFO[39m: [36mGET /companies/b9e2b5c9-9f24-49ca-bf0e-be3a6832453d/live-runs 304[39m
[11:46:29] [32mINFO[39m: [36mGET /heartbeat-runs/cf32563d-2372-4a10-813c-ca65a320db03/log?offset=22887&limitBytes=256000 304[39m
[11:46:29] [32mINFO[39m: [36mGET /heartbeat-runs/032bb982-ef73-4656-aa77-36e0ba353a42/log?offset=24080&limitBytes=256000 304[39m
[11:46:29] [32mINFO[39m: [36mGET /heartbeat-runs/58b045b9-682f-4fe1-adf7-1dcbd5ab2b65/log?offset=21758&limitBytes=256000 304[39m
[11:46:29] [32mINFO[39m: [36mGET /heartbeat-runs/f0bd646b-4bba-4cda-86c4-506d8a0ee9b6/log?offset=24082&limitBytes=256000 304[39m
[11:46:31] [32mINFO[39m: [36mGET /heartbeat-runs/032bb982-ef73-4656-aa77-36e0ba353a42/log?offset=24080&limitBytes=256000 304[39m
[11:46:31] [32mINFO[39m: [36mGET /heartbeat-runs/58b045b9-682f-4fe1-adf7-1dcbd5ab2b65/log?offset=21758&limitBytes=256000 304[39m
[11:46:31] [32mINFO[39m: [36mGET /heartbeat-runs/f0bd646b-4bba-4cda-86c4-506d8a0ee9b6/log?offset=24082&limitBytes=256000 304[39m
[11:46:31] [32mINFO[39m: [36mGET /heartbeat-runs/cf32563d-2372-4a10-813c-ca65a320db03/log?offset=22887&limitBytes=256000 304[39m
[11:46:33] [32mINFO[39m: [36mGET /heartbeat-runs/cf32563d-2372-4a10-813c-ca65a320db03/log?offset=22887&limitBytes=256000 304[39m
[11:46:33] [32mINFO[39m: [36mGET /heartbeat-runs/f0bd646b-4bba-4cda-86c4-506d8a0ee9b6/log?offset=24082&limitBytes=256000 304[39m
[11:46:33] [32mINFO[39m: [36mGET /heartbeat-runs/58b045b9-682f-4fe1-adf7-1dcbd5ab2b65/log?offset=21758&limitBytes=256000 304[39m
[11:46:33] [32mINFO[39m: [36mGET /heartbeat-runs/032bb982-ef73-4656-aa77-36e0ba353a42/log?offset=24080&limitBytes=256000 304[39m
[11:46:35] [32mINFO[39m: [36mGET /heartbeat-runs/f0bd646b-4bba-4cda-86c4-506d8a0ee9b6/log?offset=24082&limitBytes=256000 304[39m
[11:46:35] [32mINFO[39m: [36mGET /heartbeat-runs/cf32563d-2372-4a10-813c-ca65a320db03/log?offset=22887&limitBytes=256000 304[39m
[11:46:35] [32mINFO[39m: [36mGET /heartbeat-runs/58b045b9-682f-4fe1-adf7-1dcbd5ab2b65/log?offset=21758&limitBytes=256000 304[39m
[11:46:35] [32mINFO[39m: [36mGET /heartbeat-runs/032bb982-ef73-4656-aa77-36e0ba353a42/log?offset=24080&limitBytes=256000 304[39m
[11:46:37] [32mINFO[39m: [36mGET /heartbeat-runs/58b045b9-682f-4fe1-adf7-1dcbd5ab2b65/log?offset=21758&limitBytes=256000 304[39m
[11:46:37] [32mINFO[39m: [36mGET /heartbeat-runs/cf32563d-2372-4a10-813c-ca65a320db03/log?offset=22887&limitBytes=256000 304[39m
[11:46:37] [32mINFO[39m: [36mGET /heartbeat-runs/032bb982-ef73-4656-aa77-36e0ba353a42/log?offset=24080&limitBytes=256000 304[39m
[11:46:37] [32mINFO[39m: [36mGET /heartbeat-runs/f0bd646b-4bba-4cda-86c4-506d8a0ee9b6/log?offset=24082&limitBytes=256000 304[39m
[11:46:38] [32mINFO[39m: [36mGET /companies/b9e2b5c9-9f24-49ca-bf0e-be3a6832453d/live-runs 304[39m
[11:46:38] [32mINFO[39m: [36mGET /companies/b9e2b5c9-9f24-49ca-bf0e-be3a6832453d/sidebar-badges 304[39m
[11:46:39] [32mINFO[39m: [36mGET /heartbeat-runs/58b045b9-682f-4fe1-adf7-1dcbd5ab2b65/log?offset=21758&limitBytes=256000 304[39m
[11:46:39] [32mINFO[39m: [36mGET /heartbeat-runs/cf32563d-2372-4a10-813c-ca65a320db03/log?offset=22887&limitBytes=256000 304[39m
[11:46:39] [32mINFO[39m: [36mGET /heartbeat-runs/032bb982-ef73-4656-aa77-36e0ba353a42/log?offset=24080&limitBytes=256000 304[39m
[11:46:39] [32mINFO[39m: [36mGET /heartbeat-runs/f0bd646b-4bba-4cda-86c4-506d8a0ee9b6/log?offset=24082&limitBytes=256000 304[39m
[11:46:41] [32mINFO[39m: [36mGET /heartbeat-runs/cf32563d-2372-4a10-813c-ca65a320db03/log?offset=22887&limitBytes=256000 304[39m
[11:46:41] [32mINFO[39m: [36mGET /heartbeat-runs/58b045b9-682f-4fe1-adf7-1dcbd5ab2b65/log?offset=21758&limitBytes=256000 304[39m
[11:46:41] [32mINFO[39m: [36mGET /heartbeat-runs/032bb982-ef73-4656-aa77-36e0ba353a42/log?offset=24080&limitBytes=256000 304[39m
[11:46:41] [32mINFO[39m: [36mGET /heartbeat-runs/f0bd646b-4bba-4cda-86c4-506d8a0ee9b6/log?offset=24082&limitBytes=256000 304[39m
[11:46:43] [32mINFO[39m: [36mGET /heartbeat-runs/58b045b9-682f-4fe1-adf7-1dcbd5ab2b65/log?offset=21758&limitBytes=256000 304[39m
[11:46:43] [32mINFO[39m: [36mGET /heartbeat-runs/032bb982-ef73-4656-aa77-36e0ba353a42/log?offset=24080&limitBytes=256000 304[39m
[11:46:43] [32mINFO[39m: [36mGET /heartbeat-runs/cf32563d-2372-4a10-813c-ca65a320db03/log?offset=22887&limitBytes=256000 304[39m
[11:46:43] [32mINFO[39m: [36mGET /heartbeat-runs/f0bd646b-4bba-4cda-86c4-506d8a0ee9b6/log?offset=24082&limitBytes=256000 304[39m
[11:46:45] [32mINFO[39m: [36mGET /heartbeat-runs/f0bd646b-4bba-4cda-86c4-506d8a0ee9b6/log?offset=24082&limitBytes=256000 304[39m
[11:46:45] [32mINFO[39m: [36mGET /heartbeat-runs/cf32563d-2372-4a10-813c-ca65a320db03/log?offset=22887&limitBytes=256000 304[39m
[11:46:45] [32mINFO[39m: [36mGET /heartbeat-runs/032bb982-ef73-4656-aa77-36e0ba353a42/log?offset=24080&limitBytes=256000 304[39m
[11:46:45] [32mINFO[39m: [36mGET /heartbeat-runs/58b045b9-682f-4fe1-adf7-1dcbd5ab2b65/log?offset=21758&limitBytes=256000 304[39m
[11:46:47] [32mINFO[39m: [36mGET /heartbeat-runs/58b045b9-682f-4fe1-adf7-1dcbd5ab2b65/log?offset=21758&limitBytes=256000 304[39m
[11:46:47] [32mINFO[39m: [36mGET /heartbeat-runs/f0bd646b-4bba-4cda-86c4-506d8a0ee9b6/log?offset=24082&limitBytes=256000 304[39m
[11:46:47] [32mINFO[39m: [36mGET /heartbeat-runs/032bb982-ef73-4656-aa77-36e0ba353a42/log?offset=24080&limitBytes=256000 304[39m
[11:46:47] [32mINFO[39m: [36mGET /heartbeat-runs/cf32563d-2372-4a10-813c-ca65a320db03/log?offset=22887&limitBytes=256000 304[39m
[11:46:48] [32mINFO[39m: [36mGET /companies/b9e2b5c9-9f24-49ca-bf0e-be3a6832453d/live-runs 304[39m
[11:46:49] [32mINFO[39m: [36mGET /heartbeat-runs/58b045b9-682f-4fe1-adf7-1dcbd5ab2b65/log?offset=21758&limitBytes=256000 304[39m
[11:46:49] [32mINFO[39m: [36mGET /heartbeat-runs/032bb982-ef73-4656-aa77-36e0ba353a42/log?offset=24080&limitBytes=256000 304[39m
[11:46:49] [32mINFO[39m: [36mGET /heartbeat-runs/cf32563d-2372-4a10-813c-ca65a320db03/log?offset=22887&limitBytes=256000 304[39m
[11:46:49] [32mINFO[39m: [36mGET /heartbeat-runs/f0bd646b-4bba-4cda-86c4-506d8a0ee9b6/log?offset=24082&limitBytes=256000 304[39m
[11:46:51] [32mINFO[39m: [36mGET /heartbeat-runs/58b045b9-682f-4fe1-adf7-1dcbd5ab2b65/log?offset=21758&limitBytes=256000 304[39m
[11:46:51] [32mINFO[39m: [36mGET /heartbeat-runs/f0bd646b-4bba-4cda-86c4-506d8a0ee9b6/log?offset=24082&limitBytes=256000 304[39m
[11:46:51] [32mINFO[39m: [36mGET /heartbeat-runs/cf32563d-2372-4a10-813c-ca65a320db03/log?offset=22887&limitBytes=256000 304[39m
[11:46:51] [32mINFO[39m: [36mGET /heartbeat-runs/032bb982-ef73-4656-aa77-36e0ba353a42/log?offset=24080&limitBytes=256000 304[39m
[11:46:53] [32mINFO[39m: [36mGET /companies/b9e2b5c9-9f24-49ca-bf0e-be3a6832453d/sidebar-badges 304[39m
[11:46:53] [32mINFO[39m: [36mGET /heartbeat-runs/032bb982-ef73-4656-aa77-36e0ba353a42/log?offset=24080&limitBytes=256000 304[39m
[11:46:53] [32mINFO[39m: [36mGET /heartbeat-runs/cf32563d-2372-4a10-813c-ca65a320db03/log?offset=22887&limitBytes=256000 304[39m
[11:46:53] [32mINFO[39m: [36mGET /heartbeat-runs/58b045b9-682f-4fe1-adf7-1dcbd5ab2b65/log?offset=21758&limitBytes=256000 304[39m
[11:46:53] [32mINFO[39m: [36mGET /heartbeat-runs/f0bd646b-4bba-4cda-86c4-506d8a0ee9b6/log?offset=24082&limitBytes=256000 304[39m
[11:46:55] [32mINFO[39m: [36mGET /heartbeat-runs/032bb982-ef73-4656-aa77-36e0ba353a42/log?offset=24080&limitBytes=256000 304[39m
[11:46:55] [32mINFO[39m: [36mGET /heartbeat-runs/58b045b9-682f-4fe1-adf7-1dcbd5ab2b65/log?offset=21758&limitBytes=256000 304[39m
[11:46:55] [32mINFO[39m: [36mGET /heartbeat-runs/cf32563d-2372-4a10-813c-ca65a320db03/log?offset=22887&limitBytes=256000 304[39m
[11:46:55] [32mINFO[39m: [36mGET /heartbeat-runs/f0bd646b-4bba-4cda-86c4-506d8a0ee9b6/log?offset=24082&limitBytes=256000 304[39m
[11:46:57] [32mINFO[39m: [36mGET /heartbeat-runs/58b045b9-682f-4fe1-adf7-1dcbd5ab2b65/log?offset=21758&limitBytes=256000 304[39m
[11:46:57] [32mINFO[39m: [36mGET /heartbeat-runs/032bb982-ef73-4656-aa77-36e0ba353a42/log?offset=24080&limitBytes=256000 304[39m
[11:46:57] [32mINFO[39m: [36mGET /heartbeat-runs/cf32563d-2372-4a10-813c-ca65a320db03/log?offset=22887&limitBytes=256000 304[39m
[11:46:57] [32mINFO[39m: [36mGET /heartbeat-runs/f0bd646b-4bba-4cda-86c4-506d8a0ee9b6/log?offset=24082&limitBytes=256000 304[39m
[11:46:58] [32mINFO[39m: [36mGET /companies/b9e2b5c9-9f24-49ca-bf0e-be3a6832453d/live-runs 304[39m
[11:46:59] [32mINFO[39m: [36mGET /heartbeat-runs/58b045b9-682f-4fe1-adf7-1dcbd5ab2b65/log?offset=21758&limitBytes=256000 304[39m
[11:46:59] [32mINFO[39m: [36mGET /heartbeat-runs/032bb982-ef73-4656-aa77-36e0ba353a42/log?offset=24080&limitBytes=256000 304[39m
[11:46:59] [32mINFO[39m: [36mGET /heartbeat-runs/cf32563d-2372-4a10-813c-ca65a320db03/log?offset=22887&limitBytes=256000 304[39m
[11:46:59] [32mINFO[39m: [36mGET /heartbeat-runs/f0bd646b-4bba-4cda-86c4-506d8a0ee9b6/log?offset=24082&limitBytes=256000 304[39m
[11:47:01] [32mINFO[39m: [36mGET /heartbeat-runs/032bb982-ef73-4656-aa77-36e0ba353a42/log?offset=24080&limitBytes=256000 304[39m
[11:47:01] [32mINFO[39m: [36mGET /heartbeat-runs/58b045b9-682f-4fe1-adf7-1dcbd5ab2b65/log?offset=21758&limitBytes=256000 304[39m
[11:47:01] [32mINFO[39m: [36mGET /heartbeat-runs/cf32563d-2372-4a10-813c-ca65a320db03/log?offset=22887&limitBytes=256000 304[39m
[11:47:01] [32mINFO[39m: [36mGET /heartbeat-runs/f0bd646b-4bba-4cda-86c4-506d8a0ee9b6/log?offset=24082&limitBytes=256000 304[39m
[11:47:03] [32mINFO[39m: [36mGET /heartbeat-runs/58b045b9-682f-4fe1-adf7-1dcbd5ab2b65/log?offset=21758&limitBytes=256000 304[39m
[11:47:03] [32mINFO[39m: [36mGET /heartbeat-runs/f0bd646b-4bba-4cda-86c4-506d8a0ee9b6/log?offset=24082&limitBytes=256000 304[39m
[11:47:03] [32mINFO[39m: [36mGET /heartbeat-runs/032bb982-ef73-4656-aa77-36e0ba353a42/log?offset=24080&limitBytes=256000 304[39m
[11:47:03] [32mINFO[39m: [36mGET /heartbeat-runs/cf32563d-2372-4a10-813c-ca65a320db03/log?offset=22887&limitBytes=256000 304[39m
[11:47:05] [32mINFO[39m: [36mGET /heartbeat-runs/032bb982-ef73-4656-aa77-36e0ba353a42/log?offset=24080&limitBytes=256000 304[39m
[11:47:05] [32mINFO[39m: [36mGET /heartbeat-runs/58b045b9-682f-4fe1-adf7-1dcbd5ab2b65/log?offset=21758&limitBytes=256000 304[39m
[11:47:05] [32mINFO[39m: [36mGET /heartbeat-runs/cf32563d-2372-4a10-813c-ca65a320db03/log?offset=22887&limitBytes=256000 304[39m
[11:47:05] [32mINFO[39m: [36mGET /heartbeat-runs/f0bd646b-4bba-4cda-86c4-506d8a0ee9b6/log?offset=24082&limitBytes=256000 304[39m
[11:47:07] [32mINFO[39m: [36mGET /heartbeat-runs/cf32563d-2372-4a10-813c-ca65a320db03/log?offset=22887&limitBytes=256000 304[39m
[11:47:07] [32mINFO[39m: [36mGET /heartbeat-runs/58b045b9-682f-4fe1-adf7-1dcbd5ab2b65/log?offset=21758&limitBytes=256000 304[39m
[11:47:07] [32mINFO[39m: [36mGET /heartbeat-runs/f0bd646b-4bba-4cda-86c4-506d8a0ee9b6/log?offset=24082&limitBytes=256000 304[39m
[11:47:07] [32mINFO[39m: [36mGET /heartbeat-runs/032bb982-ef73-4656-aa77-36e0ba353a42/log?offset=24080&limitBytes=256000 304[39m
[11:47:08] [32mINFO[39m: [36mGET /companies/b9e2b5c9-9f24-49ca-bf0e-be3a6832453d/live-runs 304[39m
[11:47:08] [32mINFO[39m: [36mGET /companies/b9e2b5c9-9f24-49ca-bf0e-be3a6832453d/sidebar-badges 304[39m
[11:47:09] [32mINFO[39m: [36mGET /heartbeat-runs/032bb982-ef73-4656-aa77-36e0ba353a42/log?offset=24080&limitBytes=256000 304[39m
[11:47:09] [32mINFO[39m: [36mGET /heartbeat-runs/58b045b9-682f-4fe1-adf7-1dcbd5ab2b65/log?offset=21758&limitBytes=256000 304[39m
[11:47:09] [32mINFO[39m: [36mGET /heartbeat-runs/f0bd646b-4bba-4cda-86c4-506d8a0ee9b6/log?offset=24082&limitBytes=256000 304[39m
[11:47:09] [32mINFO[39m: [36mGET /heartbeat-runs/cf32563d-2372-4a10-813c-ca65a320db03/log?offset=22887&limitBytes=256000 304[39m
[11:47:11] [32mINFO[39m: [36mGET /heartbeat-runs/58b045b9-682f-4fe1-adf7-1dcbd5ab2b65/log?offset=21758&limitBytes=256000 304[39m
[11:47:11] [32mINFO[39m: [36mGET /heartbeat-runs/032bb982-ef73-4656-aa77-36e0ba353a42/log?offset=24080&limitBytes=256000 304[39m
[11:47:11] [32mINFO[39m: [36mGET /heartbeat-runs/cf32563d-2372-4a10-813c-ca65a320db03/log?offset=22887&limitBytes=256000 304[39m
[11:47:11] [32mINFO[39m: [36mGET /heartbeat-runs/f0bd646b-4bba-4cda-86c4-506d8a0ee9b6/log?offset=24082&limitBytes=256000 304[39m
[11:47:13] [32mINFO[39m: [36mGET /heartbeat-runs/58b045b9-682f-4fe1-adf7-1dcbd5ab2b65/log?offset=21758&limitBytes=256000 304[39m
[11:47:13] [32mINFO[39m: [36mGET /heartbeat-runs/032bb982-ef73-4656-aa77-36e0ba353a42/log?offset=24080&limitBytes=256000 304[39m
[11:47:13] [32mINFO[39m: [36mGET /heartbeat-runs/cf32563d-2372-4a10-813c-ca65a320db03/log?offset=22887&limitBytes=256000 304[39m
[11:47:13] [32mINFO[39m: [36mGET /heartbeat-runs/f0bd646b-4bba-4cda-86c4-506d8a0ee9b6/log?offset=24082&limitBytes=256000 304[39m
[11:47:15] [32mINFO[39m: [36mGET /heartbeat-runs/58b045b9-682f-4fe1-adf7-1dcbd5ab2b65/log?offset=21758&limitBytes=256000 304[39m
[11:47:15] [32mINFO[39m: [36mGET /heartbeat-runs/032bb982-ef73-4656-aa77-36e0ba353a42/log?offset=24080&limitBytes=256000 304[39m
[11:47:15] [32mINFO[39m: [36mGET /heartbeat-runs/f0bd646b-4bba-4cda-86c4-506d8a0ee9b6/log?offset=24082&limitBytes=256000 304[39m
[11:47:15] [32mINFO[39m: [36mGET /heartbeat-runs/cf32563d-2372-4a10-813c-ca65a320db03/log?offset=22887&limitBytes=256000 304[39m
[11:47:17] [32mINFO[39m: [36mGET /heartbeat-runs/cf32563d-2372-4a10-813c-ca65a320db03/log?offset=22887&limitBytes=256000 304[39m
[11:47:17] [32mINFO[39m: [36mGET /heartbeat-runs/58b045b9-682f-4fe1-adf7-1dcbd5ab2b65/log?offset=21758&limitBytes=256000 304[39m
[11:47:17] [32mINFO[39m: [36mGET /heartbeat-runs/032bb982-ef73-4656-aa77-36e0ba353a42/log?offset=24080&limitBytes=256000 304[39m
[11:47:17] [32mINFO[39m: [36mGET /heartbeat-runs/f0bd646b-4bba-4cda-86c4-506d8a0ee9b6/log?offset=24082&limitBytes=256000 304[39m
[11:47:18] [32mINFO[39m: [36mGET /companies/b9e2b5c9-9f24-49ca-bf0e-be3a6832453d/live-runs 304[39m
[11:47:19] [32mINFO[39m: [36mGET /heartbeat-runs/58b045b9-682f-4fe1-adf7-1dcbd5ab2b65/log?offset=21758&limitBytes=256000 304[39m
[11:47:19] [32mINFO[39m: [36mGET /heartbeat-runs/cf32563d-2372-4a10-813c-ca65a320db03/log?offset=22887&limitBytes=256000 304[39m
[11:47:19] [32mINFO[39m: [36mGET /heartbeat-runs/f0bd646b-4bba-4cda-86c4-506d8a0ee9b6/log?offset=24082&limitBytes=256000 304[39m
[11:47:19] [32mINFO[39m: [36mGET /heartbeat-runs/032bb982-ef73-4656-aa77-36e0ba353a42/log?offset=24080&limitBytes=256000 304[39m
[11:47:21] [32mINFO[39m: [36mGET /heartbeat-runs/f0bd646b-4bba-4cda-86c4-506d8a0ee9b6/log?offset=24082&limitBytes=256000 304[39m
[11:47:21] [32mINFO[39m: [36mGET /heartbeat-runs/58b045b9-682f-4fe1-adf7-1dcbd5ab2b65/log?offset=21758&limitBytes=256000 304[39m
[11:47:21] [32mINFO[39m: [36mGET /heartbeat-runs/032bb982-ef73-4656-aa77-36e0ba353a42/log?offset=24080&limitBytes=256000 304[39m
[11:47:21] [32mINFO[39m: [36mGET /heartbeat-runs/cf32563d-2372-4a10-813c-ca65a320db03/log?offset=22887&limitBytes=256000 304[39m
[11:47:23] [32mINFO[39m: [36mGET /companies/b9e2b5c9-9f24-49ca-bf0e-be3a6832453d/sidebar-badges 304[39m
[11:47:23] [32mINFO[39m: [36mGET /heartbeat-runs/032bb982-ef73-4656-aa77-36e0ba353a42/log?offset=24080&limitBytes=256000 304[39m
[11:47:23] [32mINFO[39m: [36mGET /heartbeat-runs/f0bd646b-4bba-4cda-86c4-506d8a0ee9b6/log?offset=24082&limitBytes=256000 304[39m
[11:47:23] [32mINFO[39m: [36mGET /heartbeat-runs/58b045b9-682f-4fe1-adf7-1dcbd5ab2b65/log?offset=21758&limitBytes=256000 304[39m
[11:47:23] [32mINFO[39m: [36mGET /heartbeat-runs/cf32563d-2372-4a10-813c-ca65a320db03/log?offset=22887&limitBytes=256000 304[39m
[11:47:25] [32mINFO[39m: [36mGET /heartbeat-runs/58b045b9-682f-4fe1-adf7-1dcbd5ab2b65/log?offset=21758&limitBytes=256000 304[39m
[11:47:25] [32mINFO[39m: [36mGET /heartbeat-runs/cf32563d-2372-4a10-813c-ca65a320db03/log?offset=22887&limitBytes=256000 304[39m
[11:47:25] [32mINFO[39m: [36mGET /heartbeat-runs/f0bd646b-4bba-4cda-86c4-506d8a0ee9b6/log?offset=24082&limitBytes=256000 304[39m
[11:47:25] [32mINFO[39m: [36mGET /heartbeat-runs/032bb982-ef73-4656-aa77-36e0ba353a42/log?offset=24080&limitBytes=256000 304[39m
[11:47:27] [32mINFO[39m: [36mGET /heartbeat-runs/cf32563d-2372-4a10-813c-ca65a320db03/log?offset=22887&limitBytes=256000 304[39m
[11:47:27] [32mINFO[39m: [36mGET /heartbeat-runs/58b045b9-682f-4fe1-adf7-1dcbd5ab2b65/log?offset=21758&limitBytes=256000 304[39m
[11:47:27] [32mINFO[39m: [36mGET /heartbeat-runs/f0bd646b-4bba-4cda-86c4-506d8a0ee9b6/log?offset=24082&limitBytes=256000 304[39m
[11:47:27] [32mINFO[39m: [36mGET /heartbeat-runs/032bb982-ef73-4656-aa77-36e0ba353a42/log?offset=24080&limitBytes=256000 304[39m
[11:47:28] [32mINFO[39m: [36mGET /companies/b9e2b5c9-9f24-49ca-bf0e-be3a6832453d/live-runs 304[39m
[11:47:29] [32mINFO[39m: [36mGET /heartbeat-runs/58b045b9-682f-4fe1-adf7-1dcbd5ab2b65/log?offset=21758&limitBytes=256000 304[39m
[11:47:29] [32mINFO[39m: [36mGET /heartbeat-runs/cf32563d-2372-4a10-813c-ca65a320db03/log?offset=22887&limitBytes=256000 304[39m
[11:47:29] [32mINFO[39m: [36mGET /heartbeat-runs/f0bd646b-4bba-4cda-86c4-506d8a0ee9b6/log?offset=24082&limitBytes=256000 304[39m
[11:47:29] [32mINFO[39m: [36mGET /heartbeat-runs/032bb982-ef73-4656-aa77-36e0ba353a42/log?offset=24080&limitBytes=256000 304[39m
[11:47:31] [32mINFO[39m: [36mGET /heartbeat-runs/032bb982-ef73-4656-aa77-36e0ba353a42/log?offset=24080&limitBytes=256000 304[39m
[11:47:31] [32mINFO[39m: [36mGET /heartbeat-runs/f0bd646b-4bba-4cda-86c4-506d8a0ee9b6/log?offset=24082&limitBytes=256000 304[39m
[11:47:31] [32mINFO[39m: [36mGET /heartbeat-runs/cf32563d-2372-4a10-813c-ca65a320db03/log?offset=22887&limitBytes=256000 304[39m
[11:47:31] [32mINFO[39m: [36mGET /heartbeat-runs/58b045b9-682f-4fe1-adf7-1dcbd5ab2b65/log?offset=21758&limitBytes=256000 304[39m
[11:47:33] [32mINFO[39m: [36mGET /heartbeat-runs/58b045b9-682f-4fe1-adf7-1dcbd5ab2b65/log?offset=21758&limitBytes=256000 304[39m
[11:47:33] [32mINFO[39m: [36mGET /heartbeat-runs/cf32563d-2372-4a10-813c-ca65a320db03/log?offset=22887&limitBytes=256000 304[39m
[11:47:33] [32mINFO[39m: [36mGET /heartbeat-runs/032bb982-ef73-4656-aa77-36e0ba353a42/log?offset=24080&limitBytes=256000 304[39m
[11:47:33] [32mINFO[39m: [36mGET /heartbeat-runs/f0bd646b-4bba-4cda-86c4-506d8a0ee9b6/log?offset=24082&limitBytes=256000 304[39m
[11:47:35] [32mINFO[39m: [36mGET /heartbeat-runs/58b045b9-682f-4fe1-adf7-1dcbd5ab2b65/log?offset=21758&limitBytes=256000 304[39m
[11:47:35] [32mINFO[39m: [36mGET /heartbeat-runs/cf32563d-2372-4a10-813c-ca65a320db03/log?offset=22887&limitBytes=256000 304[39m
[11:47:35] [32mINFO[39m: [36mGET /heartbeat-runs/032bb982-ef73-4656-aa77-36e0ba353a42/log?offset=24080&limitBytes=256000 304[39m
[11:47:35] [32mINFO[39m: [36mGET /heartbeat-runs/f0bd646b-4bba-4cda-86c4-506d8a0ee9b6/log?offset=24082&limitBytes=256000 304[39m
[11:47:37] [32mINFO[39m: [36mGET /heartbeat-runs/032bb982-ef73-4656-aa77-36e0ba353a42/log?offset=24080&limitBytes=256000 304[39m
[11:47:37] [32mINFO[39m: [36mGET /heartbeat-runs/cf32563d-2372-4a10-813c-ca65a320db03/log?offset=22887&limitBytes=256000 304[39m
[11:47:37] [32mINFO[39m: [36mGET /heartbeat-runs/f0bd646b-4bba-4cda-86c4-506d8a0ee9b6/log?offset=24082&limitBytes=256000 304[39m
[11:47:37] [32mINFO[39m: [36mGET /heartbeat-runs/58b045b9-682f-4fe1-adf7-1dcbd5ab2b65/log?offset=21758&limitBytes=256000 304[39m
[11:47:38] [32mINFO[39m: [36mGET /companies/b9e2b5c9-9f24-49ca-bf0e-be3a6832453d/live-runs 304[39m
[11:47:38] [32mINFO[39m: [36mGET /companies/b9e2b5c9-9f24-49ca-bf0e-be3a6832453d/sidebar-badges 304[39m
[11:47:39] [32mINFO[39m: [36mGET /heartbeat-runs/58b045b9-682f-4fe1-adf7-1dcbd5ab2b65/log?offset=21758&limitBytes=256000 304[39m
[11:47:39] [32mINFO[39m: [36mGET /heartbeat-runs/cf32563d-2372-4a10-813c-ca65a320db03/log?offset=22887&limitBytes=256000 304[39m
[11:47:39] [32mINFO[39m: [36mGET /heartbeat-runs/f0bd646b-4bba-4cda-86c4-506d8a0ee9b6/log?offset=24082&limitBytes=256000 304[39m
[11:47:39] [32mINFO[39m: [36mGET /heartbeat-runs/032bb982-ef73-4656-aa77-36e0ba353a42/log?offset=24080&limitBytes=256000 304[39m
[11:47:41] [32mINFO[39m: [36mGET /heartbeat-runs/032bb982-ef73-4656-aa77-36e0ba353a42/log?offset=24080&limitBytes=256000 304[39m
[11:47:41] [32mINFO[39m: [36mGET /heartbeat-runs/58b045b9-682f-4fe1-adf7-1dcbd5ab2b65/log?offset=21758&limitBytes=256000 304[39m
[11:47:41] [32mINFO[39m: [36mGET /heartbeat-runs/cf32563d-2372-4a10-813c-ca65a320db03/log?offset=22887&limitBytes=256000 304[39m
[11:47:41] [32mINFO[39m: [36mGET /heartbeat-runs/f0bd646b-4bba-4cda-86c4-506d8a0ee9b6/log?offset=24082&limitBytes=256000 304[39m
[11:47:43] [32mINFO[39m: [36mGET /heartbeat-runs/032bb982-ef73-4656-aa77-36e0ba353a42/log?offset=24080&limitBytes=256000 304[39m
[11:47:43] [32mINFO[39m: [36mGET /heartbeat-runs/58b045b9-682f-4fe1-adf7-1dcbd5ab2b65/log?offset=21758&limitBytes=256000 304[39m
[11:47:43] [32mINFO[39m: [36mGET /heartbeat-runs/cf32563d-2372-4a10-813c-ca65a320db03/log?offset=22887&limitBytes=256000 304[39m
[11:47:43] [32mINFO[39m: [36mGET /heartbeat-runs/f0bd646b-4bba-4cda-86c4-506d8a0ee9b6/log?offset=24082&limitBytes=256000 304[39m
[11:47:45] [32mINFO[39m: [36mGET /heartbeat-runs/cf32563d-2372-4a10-813c-ca65a320db03/log?offset=22887&limitBytes=256000 304[39m
[11:47:45] [32mINFO[39m: [36mGET /heartbeat-runs/f0bd646b-4bba-4cda-86c4-506d8a0ee9b6/log?offset=24082&limitBytes=256000 304[39m
[11:47:45] [32mINFO[39m: [36mGET /heartbeat-runs/032bb982-ef73-4656-aa77-36e0ba353a42/log?offset=24080&limitBytes=256000 304[39m
[11:47:45] [32mINFO[39m: [36mGET /heartbeat-runs/58b045b9-682f-4fe1-adf7-1dcbd5ab2b65/log?offset=21758&limitBytes=256000 304[39m
[11:47:47] [32mINFO[39m: [36mGET /heartbeat-runs/58b045b9-682f-4fe1-adf7-1dcbd5ab2b65/log?offset=21758&limitBytes=256000 304[39m
[11:47:47] [32mINFO[39m: [36mGET /heartbeat-runs/cf32563d-2372-4a10-813c-ca65a320db03/log?offset=22887&limitBytes=256000 304[39m
[11:47:47] [32mINFO[39m: [36mGET /heartbeat-runs/032bb982-ef73-4656-aa77-36e0ba353a42/log?offset=24080&limitBytes=256000 304[39m
[11:47:47] [32mINFO[39m: [36mGET /heartbeat-runs/f0bd646b-4bba-4cda-86c4-506d8a0ee9b6/log?offset=24082&limitBytes=256000 304[39m
[11:47:48] [32mINFO[39m: [36mGET /companies/b9e2b5c9-9f24-49ca-bf0e-be3a6832453d/live-runs 304[39m
[11:47:49] [32mINFO[39m: [36mGET /heartbeat-runs/58b045b9-682f-4fe1-adf7-1dcbd5ab2b65/log?offset=21758&limitBytes=256000 304[39m
[11:47:49] [32mINFO[39m: [36mGET /heartbeat-runs/cf32563d-2372-4a10-813c-ca65a320db03/log?offset=22887&limitBytes=256000 304[39m
[11:47:49] [32mINFO[39m: [36mGET /heartbeat-runs/f0bd646b-4bba-4cda-86c4-506d8a0ee9b6/log?offset=24082&limitBytes=256000 304[39m
[11:47:49] [32mINFO[39m: [36mGET /heartbeat-runs/032bb982-ef73-4656-aa77-36e0ba353a42/log?offset=24080&limitBytes=256000 304[39m
[11:47:51] [32mINFO[39m: [36mGET /heartbeat-runs/58b045b9-682f-4fe1-adf7-1dcbd5ab2b65/log?offset=21758&limitBytes=256000 304[39m
[11:47:51] [32mINFO[39m: [36mGET /heartbeat-runs/032bb982-ef73-4656-aa77-36e0ba353a42/log?offset=24080&limitBytes=256000 304[39m
[11:47:51] [32mINFO[39m: [36mGET /heartbeat-runs/f0bd646b-4bba-4cda-86c4-506d8a0ee9b6/log?offset=24082&limitBytes=256000 304[39m
[11:47:51] [32mINFO[39m: [36mGET /heartbeat-runs/cf32563d-2372-4a10-813c-ca65a320db03/log?offset=22887&limitBytes=256000 304[39m
[11:47:53] [32mINFO[39m: [36mGET /companies/b9e2b5c9-9f24-49ca-bf0e-be3a6832453d/sidebar-badges 304[39m
[11:47:53] [32mINFO[39m: [36mGET /heartbeat-runs/58b045b9-682f-4fe1-adf7-1dcbd5ab2b65/log?offset=21758&limitBytes=256000 304[39m
[11:47:53] [32mINFO[39m: [36mGET /heartbeat-runs/f0bd646b-4bba-4cda-86c4-506d8a0ee9b6/log?offset=24082&limitBytes=256000 304[39m
[11:47:53] [32mINFO[39m: [36mGET /heartbeat-runs/cf32563d-2372-4a10-813c-ca65a320db03/log?offset=22887&limitBytes=256000 304[39m
[11:47:53] [32mINFO[39m: [36mGET /heartbeat-runs/032bb982-ef73-4656-aa77-36e0ba353a42/log?offset=24080&limitBytes=256000 304[39m
[11:47:55] [32mINFO[39m: [36mGET /heartbeat-runs/58b045b9-682f-4fe1-adf7-1dcbd5ab2b65/log?offset=21758&limitBytes=256000 304[39m
[11:47:55] [32mINFO[39m: [36mGET /heartbeat-runs/cf32563d-2372-4a10-813c-ca65a320db03/log?offset=22887&limitBytes=256000 304[39m
[11:47:55] [32mINFO[39m: [36mGET /heartbeat-runs/032bb982-ef73-4656-aa77-36e0ba353a42/log?offset=24080&limitBytes=256000 304[39m
[11:47:55] [32mINFO[39m: [36mGET /heartbeat-runs/f0bd646b-4bba-4cda-86c4-506d8a0ee9b6/log?offset=24082&limitBytes=256000 304[39m
[11:47:57] [32mINFO[39m: [36mGET /heartbeat-runs/58b045b9-682f-4fe1-adf7-1dcbd5ab2b65/log?offset=21758&limitBytes=256000 304[39m
[11:47:57] [32mINFO[39m: [36mGET /heartbeat-runs/cf32563d-2372-4a10-813c-ca65a320db03/log?offset=22887&limitBytes=256000 304[39m
[11:47:57] [32mINFO[39m: [36mGET /heartbeat-runs/f0bd646b-4bba-4cda-86c4-506d8a0ee9b6/log?offset=24082&limitBytes=256000 304[39m
[11:47:57] [32mINFO[39m: [36mGET /heartbeat-runs/032bb982-ef73-4656-aa77-36e0ba353a42/log?offset=24080&limitBytes=256000 304[39m
[11:47:58] [32mINFO[39m: [36mGET /companies/b9e2b5c9-9f24-49ca-bf0e-be3a6832453d/live-runs 304[39m
[11:47:59] [32mINFO[39m: [36mGET /heartbeat-runs/f0bd646b-4bba-4cda-86c4-506d8a0ee9b6/log?offset=24082&limitBytes=256000 304[39m
[11:47:59] [32mINFO[39m: [36mGET /heartbeat-runs/032bb982-ef73-4656-aa77-36e0ba353a42/log?offset=24080&limitBytes=256000 304[39m
[11:47:59] [32mINFO[39m: [36mGET /heartbeat-runs/58b045b9-682f-4fe1-adf7-1dcbd5ab2b65/log?offset=21758&limitBytes=256000 304[39m
[11:47:59] [32mINFO[39m: [36mGET /heartbeat-runs/cf32563d-2372-4a10-813c-ca65a320db03/log?offset=22887&limitBytes=256000 304[39m
[11:48:01] [32mINFO[39m: [36mGET /heartbeat-runs/f0bd646b-4bba-4cda-86c4-506d8a0ee9b6/log?offset=24082&limitBytes=256000 304[39m
[11:48:01] [32mINFO[39m: [36mGET /heartbeat-runs/cf32563d-2372-4a10-813c-ca65a320db03/log?offset=22887&limitBytes=256000 304[39m
[11:48:01] [32mINFO[39m: [36mGET /heartbeat-runs/58b045b9-682f-4fe1-adf7-1dcbd5ab2b65/log?offset=21758&limitBytes=256000 304[39m
[11:48:01] [32mINFO[39m: [36mGET /heartbeat-runs/032bb982-ef73-4656-aa77-36e0ba353a42/log?offset=24080&limitBytes=256000 304[39m
[11:48:03] [32mINFO[39m: [36mGET /heartbeat-runs/cf32563d-2372-4a10-813c-ca65a320db03/log?offset=22887&limitBytes=256000 304[39m
[11:48:03] [32mINFO[39m: [36mGET /heartbeat-runs/032bb982-ef73-4656-aa77-36e0ba353a42/log?offset=24080&limitBytes=256000 304[39m
[11:48:03] [32mINFO[39m: [36mGET /heartbeat-runs/58b045b9-682f-4fe1-adf7-1dcbd5ab2b65/log?offset=21758&limitBytes=256000 304[39m
[11:48:03] [32mINFO[39m: [36mGET /heartbeat-runs/f0bd646b-4bba-4cda-86c4-506d8a0ee9b6/log?offset=24082&limitBytes=256000 304[39m
[11:48:05] [32mINFO[39m: [36mGET /heartbeat-runs/58b045b9-682f-4fe1-adf7-1dcbd5ab2b65/log?offset=21758&limitBytes=256000 304[39m
[11:48:05] [32mINFO[39m: [36mGET /heartbeat-runs/032bb982-ef73-4656-aa77-36e0ba353a42/log?offset=24080&limitBytes=256000 304[39m
[11:48:05] [32mINFO[39m: [36mGET /heartbeat-runs/cf32563d-2372-4a10-813c-ca65a320db03/log?offset=22887&limitBytes=256000 304[39m
[11:48:05] [32mINFO[39m: [36mGET /heartbeat-runs/f0bd646b-4bba-4cda-86c4-506d8a0ee9b6/log?offset=24082&limitBytes=256000 304[39m
[11:48:07] [32mINFO[39m: [36mGET /heartbeat-runs/58b045b9-682f-4fe1-adf7-1dcbd5ab2b65/log?offset=21758&limitBytes=256000 304[39m
[11:48:07] [32mINFO[39m: [36mGET /heartbeat-runs/cf32563d-2372-4a10-813c-ca65a320db03/log?offset=22887&limitBytes=256000 304[39m
[11:48:07] [32mINFO[39m: [36mGET /heartbeat-runs/032bb982-ef73-4656-aa77-36e0ba353a42/log?offset=24080&limitBytes=256000 304[39m
[11:48:07] [32mINFO[39m: [36mGET /heartbeat-runs/f0bd646b-4bba-4cda-86c4-506d8a0ee9b6/log?offset=24082&limitBytes=256000 304[39m
[11:48:08] [32mINFO[39m: [36mGET /companies/b9e2b5c9-9f24-49ca-bf0e-be3a6832453d/live-runs 304[39m
[11:48:08] [32mINFO[39m: [36mGET /companies/b9e2b5c9-9f24-49ca-bf0e-be3a6832453d/sidebar-badges 304[39m
[11:48:09] [32mINFO[39m: [36mGET /heartbeat-runs/58b045b9-682f-4fe1-adf7-1dcbd5ab2b65/log?offset=21758&limitBytes=256000 304[39m
[11:48:09] [32mINFO[39m: [36mGET /heartbeat-runs/f0bd646b-4bba-4cda-86c4-506d8a0ee9b6/log?offset=24082&limitBytes=256000 304[39m
[11:48:09] [32mINFO[39m: [36mGET /heartbeat-runs/032bb982-ef73-4656-aa77-36e0ba353a42/log?offset=24080&limitBytes=256000 304[39m
[11:48:09] [32mINFO[39m: [36mGET /heartbeat-runs/cf32563d-2372-4a10-813c-ca65a320db03/log?offset=22887&limitBytes=256000 304[39m
[11:48:11] [32mINFO[39m: [36mGET /heartbeat-runs/58b045b9-682f-4fe1-adf7-1dcbd5ab2b65/log?offset=21758&limitBytes=256000 304[39m
[11:48:11] [32mINFO[39m: [36mGET /heartbeat-runs/cf32563d-2372-4a10-813c-ca65a320db03/log?offset=22887&limitBytes=256000 304[39m
[11:48:11] [32mINFO[39m: [36mGET /heartbeat-runs/f0bd646b-4bba-4cda-86c4-506d8a0ee9b6/log?offset=24082&limitBytes=256000 304[39m
[11:48:11] [32mINFO[39m: [36mGET /heartbeat-runs/032bb982-ef73-4656-aa77-36e0ba353a42/log?offset=24080&limitBytes=256000 304[39m
[11:48:13] [32mINFO[39m: [36mGET /heartbeat-runs/58b045b9-682f-4fe1-adf7-1dcbd5ab2b65/log?offset=21758&limitBytes=256000 304[39m
[11:48:13] [32mINFO[39m: [36mGET /heartbeat-runs/f0bd646b-4bba-4cda-86c4-506d8a0ee9b6/log?offset=24082&limitBytes=256000 304[39m
[11:48:13] [32mINFO[39m: [36mGET /heartbeat-runs/032bb982-ef73-4656-aa77-36e0ba353a42/log?offset=24080&limitBytes=256000 304[39m
[11:48:13] [32mINFO[39m: [36mGET /heartbeat-runs/cf32563d-2372-4a10-813c-ca65a320db03/log?offset=22887&limitBytes=256000 304[39m
[11:48:15] [32mINFO[39m: [36mGET /heartbeat-runs/032bb982-ef73-4656-aa77-36e0ba353a42/log?offset=24080&limitBytes=256000 304[39m
[11:48:15] [32mINFO[39m: [36mGET /heartbeat-runs/cf32563d-2372-4a10-813c-ca65a320db03/log?offset=22887&limitBytes=256000 304[39m
[11:48:15] [32mINFO[39m: [36mGET /heartbeat-runs/58b045b9-682f-4fe1-adf7-1dcbd5ab2b65/log?offset=21758&limitBytes=256000 304[39m
[11:48:15] [32mINFO[39m: [36mGET /heartbeat-runs/f0bd646b-4bba-4cda-86c4-506d8a0ee9b6/log?offset=24082&limitBytes=256000 304[39m
[11:48:17] [32mINFO[39m: [36mGET /heartbeat-runs/58b045b9-682f-4fe1-adf7-1dcbd5ab2b65/log?offset=21758&limitBytes=256000 304[39m
[11:48:17] [32mINFO[39m: [36mGET /heartbeat-runs/f0bd646b-4bba-4cda-86c4-506d8a0ee9b6/log?offset=24082&limitBytes=256000 304[39m
[11:48:17] [32mINFO[39m: [36mGET /heartbeat-runs/032bb982-ef73-4656-aa77-36e0ba353a42/log?offset=24080&limitBytes=256000 304[39m
[11:48:17] [32mINFO[39m: [36mGET /heartbeat-runs/cf32563d-2372-4a10-813c-ca65a320db03/log?offset=22887&limitBytes=256000 304[39m
[11:48:18] [32mINFO[39m: [36mGET /companies/b9e2b5c9-9f24-49ca-bf0e-be3a6832453d/live-runs 304[39m
[11:48:19] [32mINFO[39m: [36mGET /heartbeat-runs/cf32563d-2372-4a10-813c-ca65a320db03/log?offset=22887&limitBytes=256000 304[39m
[11:48:19] [32mINFO[39m: [36mGET /heartbeat-runs/58b045b9-682f-4fe1-adf7-1dcbd5ab2b65/log?offset=21758&limitBytes=256000 304[39m
[11:48:19] [32mINFO[39m: [36mGET /heartbeat-runs/f0bd646b-4bba-4cda-86c4-506d8a0ee9b6/log?offset=24082&limitBytes=256000 304[39m
[11:48:19] [32mINFO[39m: [36mGET /heartbeat-runs/032bb982-ef73-4656-aa77-36e0ba353a42/log?offset=24080&limitBytes=256000 304[39m
[11:48:21] [32mINFO[39m: [36mGET /heartbeat-runs/58b045b9-682f-4fe1-adf7-1dcbd5ab2b65/log?offset=21758&limitBytes=256000 304[39m
[11:48:21] [32mINFO[39m: [36mGET /heartbeat-runs/032bb982-ef73-4656-aa77-36e0ba353a42/log?offset=24080&limitBytes=256000 304[39m
[11:48:21] [32mINFO[39m: [36mGET /heartbeat-runs/f0bd646b-4bba-4cda-86c4-506d8a0ee9b6/log?offset=24082&limitBytes=256000 304[39m
[11:48:21] [32mINFO[39m: [36mGET /heartbeat-runs/cf32563d-2372-4a10-813c-ca65a320db03/log?offset=22887&limitBytes=256000 304[39m
[11:48:23] [32mINFO[39m: [36mGET /heartbeat-runs/cf32563d-2372-4a10-813c-ca65a320db03/log?offset=22887&limitBytes=256000 304[39m
[11:48:23] [32mINFO[39m: [36mGET /heartbeat-runs/f0bd646b-4bba-4cda-86c4-506d8a0ee9b6/log?offset=24082&limitBytes=256000 304[39m
[11:48:23] [32mINFO[39m: [36mGET /heartbeat-runs/032bb982-ef73-4656-aa77-36e0ba353a42/log?offset=24080&limitBytes=256000 304[39m
[11:48:23] [32mINFO[39m: [36mGET /heartbeat-runs/58b045b9-682f-4fe1-adf7-1dcbd5ab2b65/log?offset=21758&limitBytes=256000 304[39m
[11:48:23] [32mINFO[39m: [36mGET /companies/b9e2b5c9-9f24-49ca-bf0e-be3a6832453d/sidebar-badges 304[39m
[11:48:25] [32mINFO[39m: [36mGET /heartbeat-runs/58b045b9-682f-4fe1-adf7-1dcbd5ab2b65/log?offset=21758&limitBytes=256000 304[39m
[11:48:25] [32mINFO[39m: [36mGET /heartbeat-runs/cf32563d-2372-4a10-813c-ca65a320db03/log?offset=22887&limitBytes=256000 304[39m
[11:48:25] [32mINFO[39m: [36mGET /heartbeat-runs/032bb982-ef73-4656-aa77-36e0ba353a42/log?offset=24080&limitBytes=256000 304[39m
[11:48:25] [32mINFO[39m: [36mGET /heartbeat-runs/f0bd646b-4bba-4cda-86c4-506d8a0ee9b6/log?offset=24082&limitBytes=256000 304[39m
[11:48:27] [32mINFO[39m: [36mGET /heartbeat-runs/58b045b9-682f-4fe1-adf7-1dcbd5ab2b65/log?offset=21758&limitBytes=256000 304[39m
[11:48:27] [32mINFO[39m: [36mGET /heartbeat-runs/032bb982-ef73-4656-aa77-36e0ba353a42/log?offset=24080&limitBytes=256000 304[39m
[11:48:27] [32mINFO[39m: [36mGET /heartbeat-runs/cf32563d-2372-4a10-813c-ca65a320db03/log?offset=22887&limitBytes=256000 304[39m
[11:48:27] [32mINFO[39m: [36mGET /heartbeat-runs/f0bd646b-4bba-4cda-86c4-506d8a0ee9b6/log?offset=24082&limitBytes=256000 304[39m
[11:48:28] [32mINFO[39m: [36mGET /companies/b9e2b5c9-9f24-49ca-bf0e-be3a6832453d/live-runs 304[39m
[11:48:29] [32mINFO[39m: [36mGET /heartbeat-runs/f0bd646b-4bba-4cda-86c4-506d8a0ee9b6/log?offset=24082&limitBytes=256000 304[39m
[11:48:29] [32mINFO[39m: [36mGET /heartbeat-runs/032bb982-ef73-4656-aa77-36e0ba353a42/log?offset=24080&limitBytes=256000 304[39m
[11:48:29] [32mINFO[39m: [36mGET /heartbeat-runs/cf32563d-2372-4a10-813c-ca65a320db03/log?offset=22887&limitBytes=256000 304[39m
[11:48:29] [32mINFO[39m: [36mGET /heartbeat-runs/58b045b9-682f-4fe1-adf7-1dcbd5ab2b65/log?offset=21758&limitBytes=256000 304[39m
[11:48:31] [32mINFO[39m: [36mGET /heartbeat-runs/58b045b9-682f-4fe1-adf7-1dcbd5ab2b65/log?offset=21758&limitBytes=256000 304[39m
[11:48:31] [32mINFO[39m: [36mGET /heartbeat-runs/cf32563d-2372-4a10-813c-ca65a320db03/log?offset=22887&limitBytes=256000 304[39m
[11:48:31] [32mINFO[39m: [36mGET /heartbeat-runs/032bb982-ef73-4656-aa77-36e0ba353a42/log?offset=24080&limitBytes=256000 304[39m
[11:48:31] [32mINFO[39m: [36mGET /heartbeat-runs/f0bd646b-4bba-4cda-86c4-506d8a0ee9b6/log?offset=24082&limitBytes=256000 304[39m
[11:48:33] [32mINFO[39m: [36mGET /heartbeat-runs/f0bd646b-4bba-4cda-86c4-506d8a0ee9b6/log?offset=24082&limitBytes=256000 304[39m
[11:48:33] [32mINFO[39m: [36mGET /heartbeat-runs/58b045b9-682f-4fe1-adf7-1dcbd5ab2b65/log?offset=21758&limitBytes=256000 304[39m
[11:48:33] [32mINFO[39m: [36mGET /heartbeat-runs/032bb982-ef73-4656-aa77-36e0ba353a42/log?offset=24080&limitBytes=256000 304[39m
[11:48:33] [32mINFO[39m: [36mGET /heartbeat-runs/cf32563d-2372-4a10-813c-ca65a320db03/log?offset=22887&limitBytes=256000 304[39m
[11:48:35] [32mINFO[39m: [36mGET /heartbeat-runs/f0bd646b-4bba-4cda-86c4-506d8a0ee9b6/log?offset=24082&limitBytes=256000 304[39m
[11:48:35] [32mINFO[39m: [36mGET /heartbeat-runs/58b045b9-682f-4fe1-adf7-1dcbd5ab2b65/log?offset=21758&limitBytes=256000 304[39m
[11:48:35] [32mINFO[39m: [36mGET /heartbeat-runs/032bb982-ef73-4656-aa77-36e0ba353a42/log?offset=24080&limitBytes=256000 304[39m
[11:48:35] [32mINFO[39m: [36mGET /heartbeat-runs/cf32563d-2372-4a10-813c-ca65a320db03/log?offset=22887&limitBytes=256000 304[39m
[11:48:37] [32mINFO[39m: [36mGET /heartbeat-runs/58b045b9-682f-4fe1-adf7-1dcbd5ab2b65/log?offset=21758&limitBytes=256000 304[39m
[11:48:37] [32mINFO[39m: [36mGET /heartbeat-runs/cf32563d-2372-4a10-813c-ca65a320db03/log?offset=22887&limitBytes=256000 304[39m
[11:48:37] [32mINFO[39m: [36mGET /heartbeat-runs/f0bd646b-4bba-4cda-86c4-506d8a0ee9b6/log?offset=24082&limitBytes=256000 304[39m
[11:48:37] [32mINFO[39m: [36mGET /heartbeat-runs/032bb982-ef73-4656-aa77-36e0ba353a42/log?offset=24080&limitBytes=256000 304[39m
[11:48:38] [32mINFO[39m: [36mGET /companies/b9e2b5c9-9f24-49ca-bf0e-be3a6832453d/live-runs 304[39m
[11:48:38] [32mINFO[39m: [36mGET /companies/b9e2b5c9-9f24-49ca-bf0e-be3a6832453d/sidebar-badges 304[39m
[11:48:39] [32mINFO[39m: [36mGET /heartbeat-runs/cf32563d-2372-4a10-813c-ca65a320db03/log?offset=22887&limitBytes=256000 304[39m
[11:48:39] [32mINFO[39m: [36mGET /heartbeat-runs/58b045b9-682f-4fe1-adf7-1dcbd5ab2b65/log?offset=21758&limitBytes=256000 304[39m
[11:48:39] [32mINFO[39m: [36mGET /heartbeat-runs/f0bd646b-4bba-4cda-86c4-506d8a0ee9b6/log?offset=24082&limitBytes=256000 304[39m
[11:48:39] [32mINFO[39m: [36mGET /heartbeat-runs/032bb982-ef73-4656-aa77-36e0ba353a42/log?offset=24080&limitBytes=256000 304[39m
[11:48:41] [32mINFO[39m: [36mGET /heartbeat-runs/cf32563d-2372-4a10-813c-ca65a320db03/log?offset=22887&limitBytes=256000 304[39m
[11:48:41] [32mINFO[39m: [36mGET /heartbeat-runs/f0bd646b-4bba-4cda-86c4-506d8a0ee9b6/log?offset=24082&limitBytes=256000 304[39m
[11:48:41] [32mINFO[39m: [36mGET /heartbeat-runs/032bb982-ef73-4656-aa77-36e0ba353a42/log?offset=24080&limitBytes=256000 304[39m
[11:48:41] [32mINFO[39m: [36mGET /heartbeat-runs/58b045b9-682f-4fe1-adf7-1dcbd5ab2b65/log?offset=21758&limitBytes=256000 304[39m
[11:48:43] [32mINFO[39m: [36mGET /heartbeat-runs/58b045b9-682f-4fe1-adf7-1dcbd5ab2b65/log?offset=21758&limitBytes=256000 304[39m
[11:48:43] [32mINFO[39m: [36mGET /heartbeat-runs/f0bd646b-4bba-4cda-86c4-506d8a0ee9b6/log?offset=24082&limitBytes=256000 304[39m
[11:48:43] [32mINFO[39m: [36mGET /heartbeat-runs/032bb982-ef73-4656-aa77-36e0ba353a42/log?offset=24080&limitBytes=256000 304[39m
[11:48:43] [32mINFO[39m: [36mGET /heartbeat-runs/cf32563d-2372-4a10-813c-ca65a320db03/log?offset=22887&limitBytes=256000 304[39m
[11:48:45] [32mINFO[39m: [36mGET /heartbeat-runs/f0bd646b-4bba-4cda-86c4-506d8a0ee9b6/log?offset=24082&limitBytes=256000 304[39m
[11:48:45] [32mINFO[39m: [36mGET /heartbeat-runs/58b045b9-682f-4fe1-adf7-1dcbd5ab2b65/log?offset=21758&limitBytes=256000 304[39m
[11:48:45] [32mINFO[39m: [36mGET /heartbeat-runs/cf32563d-2372-4a10-813c-ca65a320db03/log?offset=22887&limitBytes=256000 304[39m
[11:48:45] [32mINFO[39m: [36mGET /heartbeat-runs/032bb982-ef73-4656-aa77-36e0ba353a42/log?offset=24080&limitBytes=256000 304[39m
[11:48:47] [32mINFO[39m: [36mGET /heartbeat-runs/032bb982-ef73-4656-aa77-36e0ba353a42/log?offset=24080&limitBytes=256000 304[39m
[11:48:47] [32mINFO[39m: [36mGET /heartbeat-runs/cf32563d-2372-4a10-813c-ca65a320db03/log?offset=22887&limitBytes=256000 304[39m
[11:48:47] [32mINFO[39m: [36mGET /heartbeat-runs/58b045b9-682f-4fe1-adf7-1dcbd5ab2b65/log?offset=21758&limitBytes=256000 304[39m
[11:48:47] [32mINFO[39m: [36mGET /heartbeat-runs/f0bd646b-4bba-4cda-86c4-506d8a0ee9b6/log?offset=24082&limitBytes=256000 304[39m
[11:48:48] [32mINFO[39m: [36mGET /companies/b9e2b5c9-9f24-49ca-bf0e-be3a6832453d/live-runs 304[39m
[11:48:49] [32mINFO[39m: [36mGET /heartbeat-runs/cf32563d-2372-4a10-813c-ca65a320db03/log?offset=22887&limitBytes=256000 304[39m
[11:48:49] [32mINFO[39m: [36mGET /heartbeat-runs/58b045b9-682f-4fe1-adf7-1dcbd5ab2b65/log?offset=21758&limitBytes=256000 304[39m
[11:48:49] [32mINFO[39m: [36mGET /heartbeat-runs/f0bd646b-4bba-4cda-86c4-506d8a0ee9b6/log?offset=24082&limitBytes=256000 304[39m
[11:48:49] [32mINFO[39m: [36mGET /heartbeat-runs/032bb982-ef73-4656-aa77-36e0ba353a42/log?offset=24080&limitBytes=256000 304[39m
[11:48:51] [32mINFO[39m: [36mGET /heartbeat-runs/cf32563d-2372-4a10-813c-ca65a320db03/log?offset=22887&limitBytes=256000 304[39m
[11:48:51] [32mINFO[39m: [36mGET /heartbeat-runs/032bb982-ef73-4656-aa77-36e0ba353a42/log?offset=24080&limitBytes=256000 304[39m
[11:48:51] [32mINFO[39m: [36mGET /heartbeat-runs/58b045b9-682f-4fe1-adf7-1dcbd5ab2b65/log?offset=21758&limitBytes=256000 304[39m
[11:48:51] [32mINFO[39m: [36mGET /heartbeat-runs/f0bd646b-4bba-4cda-86c4-506d8a0ee9b6/log?offset=24082&limitBytes=256000 304[39m
[11:48:53] [32mINFO[39m: [36mGET /heartbeat-runs/032bb982-ef73-4656-aa77-36e0ba353a42/log?offset=24080&limitBytes=256000 304[39m
[11:48:53] [32mINFO[39m: [36mGET /heartbeat-runs/58b045b9-682f-4fe1-adf7-1dcbd5ab2b65/log?offset=21758&limitBytes=256000 304[39m
[11:48:53] [32mINFO[39m: [36mGET /heartbeat-runs/f0bd646b-4bba-4cda-86c4-506d8a0ee9b6/log?offset=24082&limitBytes=256000 304[39m
[11:48:53] [32mINFO[39m: [36mGET /heartbeat-runs/cf32563d-2372-4a10-813c-ca65a320db03/log?offset=22887&limitBytes=256000 304[39m
[11:48:53] [32mINFO[39m: [36mGET /companies/b9e2b5c9-9f24-49ca-bf0e-be3a6832453d/sidebar-badges 304[39m
[11:48:55] [32mINFO[39m: [36mGET /heartbeat-runs/f0bd646b-4bba-4cda-86c4-506d8a0ee9b6/log?offset=24082&limitBytes=256000 304[39m
[11:48:55] [32mINFO[39m: [36mGET /heartbeat-runs/cf32563d-2372-4a10-813c-ca65a320db03/log?offset=22887&limitBytes=256000 304[39m
[11:48:55] [32mINFO[39m: [36mGET /heartbeat-runs/032bb982-ef73-4656-aa77-36e0ba353a42/log?offset=24080&limitBytes=256000 304[39m
[11:48:55] [32mINFO[39m: [36mGET /heartbeat-runs/58b045b9-682f-4fe1-adf7-1dcbd5ab2b65/log?offset=21758&limitBytes=256000 304[39m
[11:48:57] [32mINFO[39m: [36mGET /heartbeat-runs/58b045b9-682f-4fe1-adf7-1dcbd5ab2b65/log?offset=21758&limitBytes=256000 304[39m
[11:48:57] [32mINFO[39m: [36mGET /heartbeat-runs/cf32563d-2372-4a10-813c-ca65a320db03/log?offset=22887&limitBytes=256000 304[39m
[11:48:57] [32mINFO[39m: [36mGET /heartbeat-runs/032bb982-ef73-4656-aa77-36e0ba353a42/log?offset=24080&limitBytes=256000 304[39m
[11:48:57] [32mINFO[39m: [36mGET /heartbeat-runs/f0bd646b-4bba-4cda-86c4-506d8a0ee9b6/log?offset=24082&limitBytes=256000 304[39m
[11:48:59] [32mINFO[39m: [36mGET /heartbeat-runs/58b045b9-682f-4fe1-adf7-1dcbd5ab2b65/log?offset=21758&limitBytes=256000 304[39m
[11:48:59] [32mINFO[39m: [36mGET /heartbeat-runs/cf32563d-2372-4a10-813c-ca65a320db03/log?offset=22887&limitBytes=256000 304[39m
[11:48:59] [32mINFO[39m: [36mGET /heartbeat-runs/f0bd646b-4bba-4cda-86c4-506d8a0ee9b6/log?offset=24082&limitBytes=256000 304[39m
[11:48:59] [32mINFO[39m: [36mGET /heartbeat-runs/032bb982-ef73-4656-aa77-36e0ba353a42/log?offset=24080&limitBytes=256000 304[39m
[11:49:01] [32mINFO[39m: [36mGET /heartbeat-runs/032bb982-ef73-4656-aa77-36e0ba353a42/log?offset=24080&limitBytes=256000 304[39m
[11:49:01] [32mINFO[39m: [36mGET /heartbeat-runs/cf32563d-2372-4a10-813c-ca65a320db03/log?offset=22887&limitBytes=256000 304[39m
[11:49:01] [32mINFO[39m: [36mGET /heartbeat-runs/58b045b9-682f-4fe1-adf7-1dcbd5ab2b65/log?offset=21758&limitBytes=256000 304[39m
[11:49:01] [32mINFO[39m: [36mGET /heartbeat-runs/f0bd646b-4bba-4cda-86c4-506d8a0ee9b6/log?offset=24082&limitBytes=256000 304[39m
[11:49:03] [32mINFO[39m: [36mGET /heartbeat-runs/58b045b9-682f-4fe1-adf7-1dcbd5ab2b65/log?offset=21758&limitBytes=256000 304[39m
[11:49:03] [32mINFO[39m: [36mGET /heartbeat-runs/032bb982-ef73-4656-aa77-36e0ba353a42/log?offset=24080&limitBytes=256000 304[39m
[11:49:03] [32mINFO[39m: [36mGET /heartbeat-runs/f0bd646b-4bba-4cda-86c4-506d8a0ee9b6/log?offset=24082&limitBytes=256000 304[39m
[11:49:03] [32mINFO[39m: [36mGET /heartbeat-runs/cf32563d-2372-4a10-813c-ca65a320db03/log?offset=22887&limitBytes=256000 304[39m
[11:49:05] [32mINFO[39m: [36mGET /heartbeat-runs/58b045b9-682f-4fe1-adf7-1dcbd5ab2b65/log?offset=21758&limitBytes=256000 304[39m
[11:49:05] [32mINFO[39m: [36mGET /heartbeat-runs/cf32563d-2372-4a10-813c-ca65a320db03/log?offset=22887&limitBytes=256000 304[39m
[11:49:05] [32mINFO[39m: [36mGET /heartbeat-runs/032bb982-ef73-4656-aa77-36e0ba353a42/log?offset=24080&limitBytes=256000 304[39m
[11:49:05] [32mINFO[39m: [36mGET /heartbeat-runs/f0bd646b-4bba-4cda-86c4-506d8a0ee9b6/log?offset=24082&limitBytes=256000 304[39m
[11:49:07] [32mINFO[39m: [36mGET /heartbeat-runs/58b045b9-682f-4fe1-adf7-1dcbd5ab2b65/log?offset=21758&limitBytes=256000 304[39m
[11:49:07] [32mINFO[39m: [36mGET /heartbeat-runs/032bb982-ef73-4656-aa77-36e0ba353a42/log?offset=24080&limitBytes=256000 304[39m
[11:49:07] [32mINFO[39m: [36mGET /heartbeat-runs/cf32563d-2372-4a10-813c-ca65a320db03/log?offset=22887&limitBytes=256000 304[39m
[11:49:07] [32mINFO[39m: [36mGET /heartbeat-runs/f0bd646b-4bba-4cda-86c4-506d8a0ee9b6/log?offset=24082&limitBytes=256000 304[39m
[11:49:09] [32mINFO[39m: [36mGET /heartbeat-runs/58b045b9-682f-4fe1-adf7-1dcbd5ab2b65/log?offset=21758&limitBytes=256000 304[39m
[11:49:09] [32mINFO[39m: [36mGET /heartbeat-runs/032bb982-ef73-4656-aa77-36e0ba353a42/log?offset=24080&limitBytes=256000 304[39m
[11:49:09] [32mINFO[39m: [36mGET /heartbeat-runs/f0bd646b-4bba-4cda-86c4-506d8a0ee9b6/log?offset=24082&limitBytes=256000 304[39m
[11:49:09] [32mINFO[39m: [36mGET /heartbeat-runs/cf32563d-2372-4a10-813c-ca65a320db03/log?offset=22887&limitBytes=256000 304[39m
[11:49:11] [32mINFO[39m: [36mGET /heartbeat-runs/f0bd646b-4bba-4cda-86c4-506d8a0ee9b6/log?offset=24082&limitBytes=256000 304[39m
[11:49:11] [32mINFO[39m: [36mGET /heartbeat-runs/58b045b9-682f-4fe1-adf7-1dcbd5ab2b65/log?offset=21758&limitBytes=256000 304[39m
[11:49:11] [32mINFO[39m: [36mGET /heartbeat-runs/cf32563d-2372-4a10-813c-ca65a320db03/log?offset=22887&limitBytes=256000 304[39m
[11:49:11] [32mINFO[39m: [36mGET /heartbeat-runs/032bb982-ef73-4656-aa77-36e0ba353a42/log?offset=24080&limitBytes=256000 304[39m
[11:49:13] [32mINFO[39m: [36mGET /heartbeat-runs/58b045b9-682f-4fe1-adf7-1dcbd5ab2b65/log?offset=21758&limitBytes=256000 304[39m
[11:49:13] [32mINFO[39m: [36mGET /heartbeat-runs/cf32563d-2372-4a10-813c-ca65a320db03/log?offset=22887&limitBytes=256000 304[39m
[11:49:13] [32mINFO[39m: [36mGET /heartbeat-runs/032bb982-ef73-4656-aa77-36e0ba353a42/log?offset=24080&limitBytes=256000 304[39m
[11:49:13] [32mINFO[39m: [36mGET /heartbeat-runs/f0bd646b-4bba-4cda-86c4-506d8a0ee9b6/log?offset=24082&limitBytes=256000 304[39m
[11:49:15] [32mINFO[39m: [36mGET /heartbeat-runs/f0bd646b-4bba-4cda-86c4-506d8a0ee9b6/log?offset=24082&limitBytes=256000 304[39m
[11:49:15] [32mINFO[39m: [36mGET /heartbeat-runs/58b045b9-682f-4fe1-adf7-1dcbd5ab2b65/log?offset=21758&limitBytes=256000 304[39m
[11:49:15] [32mINFO[39m: [36mGET /heartbeat-runs/032bb982-ef73-4656-aa77-36e0ba353a42/log?offset=24080&limitBytes=256000 304[39m
[11:49:15] [32mINFO[39m: [36mGET /heartbeat-runs/cf32563d-2372-4a10-813c-ca65a320db03/log?offset=22887&limitBytes=256000 304[39m
[11:49:17] [32mINFO[39m: [36mGET /heartbeat-runs/cf32563d-2372-4a10-813c-ca65a320db03/log?offset=22887&limitBytes=256000 304[39m
[11:49:17] [32mINFO[39m: [36mGET /heartbeat-runs/58b045b9-682f-4fe1-adf7-1dcbd5ab2b65/log?offset=21758&limitBytes=256000 304[39m
[11:49:17] [32mINFO[39m: [36mGET /heartbeat-runs/032bb982-ef73-4656-aa77-36e0ba353a42/log?offset=24080&limitBytes=256000 304[39m
[11:49:17] [32mINFO[39m: [36mGET /heartbeat-runs/f0bd646b-4bba-4cda-86c4-506d8a0ee9b6/log?offset=24082&limitBytes=256000 304[39m
[11:49:19] [32mINFO[39m: [36mGET /heartbeat-runs/cf32563d-2372-4a10-813c-ca65a320db03/log?offset=22887&limitBytes=256000 304[39m
[11:49:19] [32mINFO[39m: [36mGET /heartbeat-runs/58b045b9-682f-4fe1-adf7-1dcbd5ab2b65/log?offset=21758&limitBytes=256000 304[39m
[11:49:19] [32mINFO[39m: [36mGET /heartbeat-runs/032bb982-ef73-4656-aa77-36e0ba353a42/log?offset=24080&limitBytes=256000 304[39m
[11:49:19] [32mINFO[39m: [36mGET /heartbeat-runs/f0bd646b-4bba-4cda-86c4-506d8a0ee9b6/log?offset=24082&limitBytes=256000 304[39m
[11:49:21] [32mINFO[39m: [36mGET /heartbeat-runs/58b045b9-682f-4fe1-adf7-1dcbd5ab2b65/log?offset=21758&limitBytes=256000 304[39m
[11:49:21] [32mINFO[39m: [36mGET /heartbeat-runs/032bb982-ef73-4656-aa77-36e0ba353a42/log?offset=24080&limitBytes=256000 304[39m
[11:49:21] [32mINFO[39m: [36mGET /heartbeat-runs/f0bd646b-4bba-4cda-86c4-506d8a0ee9b6/log?offset=24082&limitBytes=256000 304[39m
[11:49:21] [32mINFO[39m: [36mGET /heartbeat-runs/cf32563d-2372-4a10-813c-ca65a320db03/log?offset=22887&limitBytes=256000 304[39m
[11:49:23] [32mINFO[39m: [36mGET /heartbeat-runs/58b045b9-682f-4fe1-adf7-1dcbd5ab2b65/log?offset=21758&limitBytes=256000 304[39m
[11:49:23] [32mINFO[39m: [36mGET /heartbeat-runs/cf32563d-2372-4a10-813c-ca65a320db03/log?offset=22887&limitBytes=256000 304[39m
[11:49:23] [32mINFO[39m: [36mGET /heartbeat-runs/032bb982-ef73-4656-aa77-36e0ba353a42/log?offset=24080&limitBytes=256000 304[39m
[11:49:23] [32mINFO[39m: [36mGET /heartbeat-runs/f0bd646b-4bba-4cda-86c4-506d8a0ee9b6/log?offset=24082&limitBytes=256000 304[39m
[11:49:25] [32mINFO[39m: [36mGET /heartbeat-runs/58b045b9-682f-4fe1-adf7-1dcbd5ab2b65/log?offset=21758&limitBytes=256000 304[39m
[11:49:25] [32mINFO[39m: [36mGET /heartbeat-runs/cf32563d-2372-4a10-813c-ca65a320db03/log?offset=22887&limitBytes=256000 304[39m
[11:49:25] [32mINFO[39m: [36mGET /heartbeat-runs/f0bd646b-4bba-4cda-86c4-506d8a0ee9b6/log?offset=24082&limitBytes=256000 304[39m
[11:49:25] [32mINFO[39m: [36mGET /heartbeat-runs/032bb982-ef73-4656-aa77-36e0ba353a42/log?offset=24080&limitBytes=256000 304[39m
[11:49:27] [32mINFO[39m: [36mGET /heartbeat-runs/58b045b9-682f-4fe1-adf7-1dcbd5ab2b65/log?offset=21758&limitBytes=256000 304[39m
[11:49:27] [32mINFO[39m: [36mGET /heartbeat-runs/032bb982-ef73-4656-aa77-36e0ba353a42/log?offset=24080&limitBytes=256000 304[39m
[11:49:27] [32mINFO[39m: [36mGET /heartbeat-runs/cf32563d-2372-4a10-813c-ca65a320db03/log?offset=22887&limitBytes=256000 304[39m
[11:49:27] [32mINFO[39m: [36mGET /heartbeat-runs/f0bd646b-4bba-4cda-86c4-506d8a0ee9b6/log?offset=24082&limitBytes=256000 304[39m
[11:49:29] [32mINFO[39m: [36mGET /heartbeat-runs/58b045b9-682f-4fe1-adf7-1dcbd5ab2b65/log?offset=21758&limitBytes=256000 304[39m
[11:49:29] [32mINFO[39m: [36mGET /heartbeat-runs/cf32563d-2372-4a10-813c-ca65a320db03/log?offset=22887&limitBytes=256000 304[39m
[11:49:29] [32mINFO[39m: [36mGET /heartbeat-runs/032bb982-ef73-4656-aa77-36e0ba353a42/log?offset=24080&limitBytes=256000 304[39m
[11:49:29] [32mINFO[39m: [36mGET /heartbeat-runs/f0bd646b-4bba-4cda-86c4-506d8a0ee9b6/log?offset=24082&limitBytes=256000 304[39m
[11:49:31] [32mINFO[39m: [36mGET /heartbeat-runs/032bb982-ef73-4656-aa77-36e0ba353a42/log?offset=24080&limitBytes=256000 304[39m
[11:49:31] [32mINFO[39m: [36mGET /heartbeat-runs/f0bd646b-4bba-4cda-86c4-506d8a0ee9b6/log?offset=24082&limitBytes=256000 304[39m
[11:49:31] [32mINFO[39m: [36mGET /heartbeat-runs/cf32563d-2372-4a10-813c-ca65a320db03/log?offset=22887&limitBytes=256000 304[39m
[11:49:31] [32mINFO[39m: [36mGET /heartbeat-runs/58b045b9-682f-4fe1-adf7-1dcbd5ab2b65/log?offset=21758&limitBytes=256000 304[39m
[11:49:33] [32mINFO[39m: [36mGET /heartbeat-runs/cf32563d-2372-4a10-813c-ca65a320db03/log?offset=22887&limitBytes=256000 304[39m
[11:49:33] [32mINFO[39m: [36mGET /heartbeat-runs/032bb982-ef73-4656-aa77-36e0ba353a42/log?offset=24080&limitBytes=256000 304[39m
[11:49:33] [32mINFO[39m: [36mGET /heartbeat-runs/58b045b9-682f-4fe1-adf7-1dcbd5ab2b65/log?offset=21758&limitBytes=256000 304[39m
[11:49:33] [32mINFO[39m: [36mGET /heartbeat-runs/f0bd646b-4bba-4cda-86c4-506d8a0ee9b6/log?offset=24082&limitBytes=256000 304[39m
[11:49:35] [32mINFO[39m: [36mGET /heartbeat-runs/f0bd646b-4bba-4cda-86c4-506d8a0ee9b6/log?offset=24082&limitBytes=256000 304[39m
[11:49:35] [32mINFO[39m: [36mGET /heartbeat-runs/58b045b9-682f-4fe1-adf7-1dcbd5ab2b65/log?offset=21758&limitBytes=256000 304[39m
[11:49:35] [32mINFO[39m: [36mGET /heartbeat-runs/cf32563d-2372-4a10-813c-ca65a320db03/log?offset=22887&limitBytes=256000 304[39m
[11:49:35] [32mINFO[39m: [36mGET /heartbeat-runs/032bb982-ef73-4656-aa77-36e0ba353a42/log?offset=24080&limitBytes=256000 304[39m
[11:49:37] [32mINFO[39m: [36mGET /heartbeat-runs/58b045b9-682f-4fe1-adf7-1dcbd5ab2b65/log?offset=21758&limitBytes=256000 304[39m
[11:49:37] [32mINFO[39m: [36mGET /heartbeat-runs/032bb982-ef73-4656-aa77-36e0ba353a42/log?offset=24080&limitBytes=256000 304[39m
[11:49:37] [32mINFO[39m: [36mGET /heartbeat-runs/f0bd646b-4bba-4cda-86c4-506d8a0ee9b6/log?offset=24082&limitBytes=256000 304[39m
[11:49:37] [32mINFO[39m: [36mGET /heartbeat-runs/cf32563d-2372-4a10-813c-ca65a320db03/log?offset=22887&limitBytes=256000 304[39m
[11:49:39] [32mINFO[39m: [36mGET /heartbeat-runs/58b045b9-682f-4fe1-adf7-1dcbd5ab2b65/log?offset=21758&limitBytes=256000 304[39m
[11:49:39] [32mINFO[39m: [36mGET /heartbeat-runs/032bb982-ef73-4656-aa77-36e0ba353a42/log?offset=24080&limitBytes=256000 304[39m
[11:49:39] [32mINFO[39m: [36mGET /heartbeat-runs/f0bd646b-4bba-4cda-86c4-506d8a0ee9b6/log?offset=24082&limitBytes=256000 304[39m
[11:49:39] [32mINFO[39m: [36mGET /heartbeat-runs/cf32563d-2372-4a10-813c-ca65a320db03/log?offset=22887&limitBytes=256000 304[39m
[11:49:41] [32mINFO[39m: [36mGET /heartbeat-runs/032bb982-ef73-4656-aa77-36e0ba353a42/log?offset=24080&limitBytes=256000 304[39m
[11:49:41] [32mINFO[39m: [36mGET /heartbeat-runs/58b045b9-682f-4fe1-adf7-1dcbd5ab2b65/log?offset=21758&limitBytes=256000 304[39m
[11:49:41] [32mINFO[39m: [36mGET /heartbeat-runs/cf32563d-2372-4a10-813c-ca65a320db03/log?offset=22887&limitBytes=256000 304[39m
[11:49:41] [32mINFO[39m: [36mGET /heartbeat-runs/f0bd646b-4bba-4cda-86c4-506d8a0ee9b6/log?offset=24082&limitBytes=256000 304[39m
[11:49:43] [32mINFO[39m: [36mGET /heartbeat-runs/58b045b9-682f-4fe1-adf7-1dcbd5ab2b65/log?offset=21758&limitBytes=256000 304[39m
[11:49:43] [32mINFO[39m: [36mGET /heartbeat-runs/cf32563d-2372-4a10-813c-ca65a320db03/log?offset=22887&limitBytes=256000 304[39m
[11:49:43] [32mINFO[39m: [36mGET /heartbeat-runs/f0bd646b-4bba-4cda-86c4-506d8a0ee9b6/log?offset=24082&limitBytes=256000 304[39m
[11:49:43] [32mINFO[39m: [36mGET /heartbeat-runs/032bb982-ef73-4656-aa77-36e0ba353a42/log?offset=24080&limitBytes=256000 304[39m
[11:49:45] [32mINFO[39m: [36mGET /heartbeat-runs/58b045b9-682f-4fe1-adf7-1dcbd5ab2b65/log?offset=21758&limitBytes=256000 304[39m
[11:49:45] [32mINFO[39m: [36mGET /heartbeat-runs/f0bd646b-4bba-4cda-86c4-506d8a0ee9b6/log?offset=24082&limitBytes=256000 304[39m
[11:49:45] [32mINFO[39m: [36mGET /heartbeat-runs/cf32563d-2372-4a10-813c-ca65a320db03/log?offset=22887&limitBytes=256000 304[39m
[11:49:45] [32mINFO[39m: [36mGET /heartbeat-runs/032bb982-ef73-4656-aa77-36e0ba353a42/log?offset=24080&limitBytes=256000 304[39m
[11:49:47] [32mINFO[39m: [36mGET /heartbeat-runs/032bb982-ef73-4656-aa77-36e0ba353a42/log?offset=24080&limitBytes=256000 304[39m
[11:49:47] [32mINFO[39m: [36mGET /heartbeat-runs/cf32563d-2372-4a10-813c-ca65a320db03/log?offset=22887&limitBytes=256000 304[39m
[11:49:47] [32mINFO[39m: [36mGET /heartbeat-runs/58b045b9-682f-4fe1-adf7-1dcbd5ab2b65/log?offset=21758&limitBytes=256000 304[39m
[11:49:47] [32mINFO[39m: [36mGET /heartbeat-runs/f0bd646b-4bba-4cda-86c4-506d8a0ee9b6/log?offset=24082&limitBytes=256000 304[39m
[11:49:49] [32mINFO[39m: [36mGET /heartbeat-runs/58b045b9-682f-4fe1-adf7-1dcbd5ab2b65/log?offset=21758&limitBytes=256000 304[39m
[11:49:49] [32mINFO[39m: [36mGET /heartbeat-runs/cf32563d-2372-4a10-813c-ca65a320db03/log?offset=22887&limitBytes=256000 304[39m
[11:49:49] [32mINFO[39m: [36mGET /heartbeat-runs/032bb982-ef73-4656-aa77-36e0ba353a42/log?offset=24080&limitBytes=256000 304[39m
[11:49:49] [32mINFO[39m: [36mGET /heartbeat-runs/f0bd646b-4bba-4cda-86c4-506d8a0ee9b6/log?offset=24082&limitBytes=256000 304[39m
[11:49:51] [32mINFO[39m: [36mGET /heartbeat-runs/58b045b9-682f-4fe1-adf7-1dcbd5ab2b65/log?offset=21758&limitBytes=256000 304[39m
[11:49:51] [32mINFO[39m: [36mGET /heartbeat-runs/f0bd646b-4bba-4cda-86c4-506d8a0ee9b6/log?offset=24082&limitBytes=256000 304[39m
[11:49:51] [32mINFO[39m: [36mGET /heartbeat-runs/cf32563d-2372-4a10-813c-ca65a320db03/log?offset=22887&limitBytes=256000 304[39m
[11:49:51] [32mINFO[39m: [36mGET /heartbeat-runs/032bb982-ef73-4656-aa77-36e0ba353a42/log?offset=24080&limitBytes=256000 304[39m
[11:49:53] [32mINFO[39m: [36mGET /heartbeat-runs/58b045b9-682f-4fe1-adf7-1dcbd5ab2b65/log?offset=21758&limitBytes=256000 304[39m
[11:49:53] [32mINFO[39m: [36mGET /heartbeat-runs/cf32563d-2372-4a10-813c-ca65a320db03/log?offset=22887&limitBytes=256000 304[39m
[11:49:53] [32mINFO[39m: [36mGET /heartbeat-runs/032bb982-ef73-4656-aa77-36e0ba353a42/log?offset=24080&limitBytes=256000 304[39m
[11:49:53] [32mINFO[39m: [36mGET /heartbeat-runs/f0bd646b-4bba-4cda-86c4-506d8a0ee9b6/log?offset=24082&limitBytes=256000 304[39m
[11:49:55] [32mINFO[39m: [36mGET /heartbeat-runs/58b045b9-682f-4fe1-adf7-1dcbd5ab2b65/log?offset=21758&limitBytes=256000 304[39m
[11:49:55] [32mINFO[39m: [36mGET /heartbeat-runs/f0bd646b-4bba-4cda-86c4-506d8a0ee9b6/log?offset=24082&limitBytes=256000 304[39m
[11:49:55] [32mINFO[39m: [36mGET /heartbeat-runs/032bb982-ef73-4656-aa77-36e0ba353a42/log?offset=24080&limitBytes=256000 304[39m
[11:49:55] [32mINFO[39m: [36mGET /heartbeat-runs/cf32563d-2372-4a10-813c-ca65a320db03/log?offset=22887&limitBytes=256000 304[39m
[11:50:12] [32mINFO[39m: [36mGET /heartbeat-runs/58b045b9-682f-4fe1-adf7-1dcbd5ab2b65/log?offset=21758&limitBytes=256000 304[39m
[11:50:12] [32mINFO[39m: [36mGET /heartbeat-runs/032bb982-ef73-4656-aa77-36e0ba353a42/log?offset=24080&limitBytes=256000 304[39m
[11:50:12] [32mINFO[39m: [36mGET /heartbeat-runs/cf32563d-2372-4a10-813c-ca65a320db03/log?offset=22887&limitBytes=256000 304[39m
[11:50:12] [32mINFO[39m: [36mGET /heartbeat-runs/f0bd646b-4bba-4cda-86c4-506d8a0ee9b6/log?offset=24082&limitBytes=256000 304[39m
[11:51:04] [32mINFO[39m: [36mGET /plugins/ui-contributions 304[39m
[11:51:04] [32mINFO[39m: [36mGET /companies/b9e2b5c9-9f24-49ca-bf0e-be3a6832453d/approvals 304[39m
[11:51:04] [32mINFO[39m: [36mGET /companies/b9e2b5c9-9f24-49ca-bf0e-be3a6832453d/join-requests?status=pending_approval 304[39m
[11:51:04] [32mINFO[39m: [36mGET /companies/b9e2b5c9-9f24-49ca-bf0e-be3a6832453d/heartbeat-runs 304[39m
[11:51:04] [32mINFO[39m: [36mGET /companies/b9e2b5c9-9f24-49ca-bf0e-be3a6832453d/live-runs 304[39m
[11:51:04] [32mINFO[39m: [36mGET /companies/b9e2b5c9-9f24-49ca-bf0e-be3a6832453d/issues?status=backlog%2Ctodo%2Cin_progress%2Cin_review%2Cblocked%2Cdone&touchedByUserId=me 304[39m
[11:51:04] [32mINFO[39m: [36mGET /companies/b9e2b5c9-9f24-49ca-bf0e-be3a6832453d/agents 304[39m
[11:51:04] [32mINFO[39m: [36mGET /companies/b9e2b5c9-9f24-49ca-bf0e-be3a6832453d/dashboard 304[39m
[11:51:04] [32mINFO[39m: [36mGET /companies/b9e2b5c9-9f24-49ca-bf0e-be3a6832453d/activity 304[39m
[11:51:04] [32mINFO[39m: [36mGET /companies/b9e2b5c9-9f24-49ca-bf0e-be3a6832453d/issues 304[39m
[11:51:04] [32mINFO[39m: [36mGET /companies/b9e2b5c9-9f24-49ca-bf0e-be3a6832453d/sidebar-badges 304[39m
[11:51:04] [32mINFO[39m: [36mGET /companies/b9e2b5c9-9f24-49ca-bf0e-be3a6832453d/projects 304[39m
[11:51:04] [32mINFO[39m: [36mGET /companies/b9e2b5c9-9f24-49ca-bf0e-be3a6832453d/live-runs?minCount=4 304[39m
[11:51:05] [32mINFO[39m: [36mGET /heartbeat-runs/58b045b9-682f-4fe1-adf7-1dcbd5ab2b65/log?offset=0&limitBytes=256000 304[39m
[11:51:05] [32mINFO[39m: [36mGET /heartbeat-runs/032bb982-ef73-4656-aa77-36e0ba353a42/log?offset=0&limitBytes=256000 304[39m
[11:51:05] [32mINFO[39m: [36mGET /heartbeat-runs/f0bd646b-4bba-4cda-86c4-506d8a0ee9b6/log?offset=0&limitBytes=256000 304[39m
[11:51:05] [32mINFO[39m: [36mGET /heartbeat-runs/cf32563d-2372-4a10-813c-ca65a320db03/log?offset=0&limitBytes=256000 304[39m
[11:51:06] [32mINFO[39m: [36mGET /heartbeat-runs/58b045b9-682f-4fe1-adf7-1dcbd5ab2b65/log?offset=21758&limitBytes=256000 304[39m
[11:51:06] [32mINFO[39m: [36mGET /heartbeat-runs/cf32563d-2372-4a10-813c-ca65a320db03/log?offset=22887&limitBytes=256000 304[39m
[11:51:06] [32mINFO[39m: [36mGET /heartbeat-runs/032bb982-ef73-4656-aa77-36e0ba353a42/log?offset=24080&limitBytes=256000 304[39m
[11:51:06] [32mINFO[39m: [36mGET /heartbeat-runs/f0bd646b-4bba-4cda-86c4-506d8a0ee9b6/log?offset=24082&limitBytes=256000 304[39m
[11:51:08] [32mINFO[39m: [36mGET /heartbeat-runs/58b045b9-682f-4fe1-adf7-1dcbd5ab2b65/log?offset=21758&limitBytes=256000 304[39m
[11:51:08] [32mINFO[39m: [36mGET /heartbeat-runs/032bb982-ef73-4656-aa77-36e0ba353a42/log?offset=24080&limitBytes=256000 304[39m
[11:51:08] [32mINFO[39m: [36mGET /heartbeat-runs/cf32563d-2372-4a10-813c-ca65a320db03/log?offset=22887&limitBytes=256000 304[39m
[11:51:08] [32mINFO[39m: [36mGET /heartbeat-runs/f0bd646b-4bba-4cda-86c4-506d8a0ee9b6/log?offset=24082&limitBytes=256000 304[39m
[11:51:10] [32mINFO[39m: [36mGET /heartbeat-runs/58b045b9-682f-4fe1-adf7-1dcbd5ab2b65/log?offset=21758&limitBytes=256000 304[39m
[11:51:10] [32mINFO[39m: [36mGET /heartbeat-runs/cf32563d-2372-4a10-813c-ca65a320db03/log?offset=22887&limitBytes=256000 304[39m
[11:51:10] [32mINFO[39m: [36mGET /heartbeat-runs/f0bd646b-4bba-4cda-86c4-506d8a0ee9b6/log?offset=24082&limitBytes=256000 304[39m
[11:51:10] [32mINFO[39m: [36mGET /heartbeat-runs/032bb982-ef73-4656-aa77-36e0ba353a42/log?offset=24080&limitBytes=256000 304[39m
[11:51:12] [32mINFO[39m: [36mGET /heartbeat-runs/032bb982-ef73-4656-aa77-36e0ba353a42/log?offset=24080&limitBytes=256000 304[39m
[11:51:12] [32mINFO[39m: [36mGET /heartbeat-runs/58b045b9-682f-4fe1-adf7-1dcbd5ab2b65/log?offset=21758&limitBytes=256000 304[39m
[11:51:12] [32mINFO[39m: [36mGET /heartbeat-runs/cf32563d-2372-4a10-813c-ca65a320db03/log?offset=22887&limitBytes=256000 304[39m
[11:51:12] [32mINFO[39m: [36mGET /heartbeat-runs/f0bd646b-4bba-4cda-86c4-506d8a0ee9b6/log?offset=24082&limitBytes=256000 304[39m
[11:51:14] [32mINFO[39m: [36mGET /heartbeat-runs/58b045b9-682f-4fe1-adf7-1dcbd5ab2b65/log?offset=21758&limitBytes=256000 304[39m
[11:51:14] [32mINFO[39m: [36mGET /heartbeat-runs/032bb982-ef73-4656-aa77-36e0ba353a42/log?offset=24080&limitBytes=256000 304[39m
[11:51:14] [32mINFO[39m: [36mGET /heartbeat-runs/f0bd646b-4bba-4cda-86c4-506d8a0ee9b6/log?offset=24082&limitBytes=256000 304[39m
[11:51:14] [32mINFO[39m: [36mGET /heartbeat-runs/cf32563d-2372-4a10-813c-ca65a320db03/log?offset=22887&limitBytes=256000 304[39m
[11:51:16] [32mINFO[39m: [36mGET /heartbeat-runs/58b045b9-682f-4fe1-adf7-1dcbd5ab2b65/log?offset=21758&limitBytes=256000 304[39m
[11:51:16] [32mINFO[39m: [36mGET /heartbeat-runs/cf32563d-2372-4a10-813c-ca65a320db03/log?offset=22887&limitBytes=256000 304[39m
[11:51:16] [32mINFO[39m: [36mGET /heartbeat-runs/f0bd646b-4bba-4cda-86c4-506d8a0ee9b6/log?offset=24082&limitBytes=256000 304[39m
[11:51:16] [32mINFO[39m: [36mGET /heartbeat-runs/032bb982-ef73-4656-aa77-36e0ba353a42/log?offset=24080&limitBytes=256000 304[39m
[11:51:18] [32mINFO[39m: [36mGET /heartbeat-runs/032bb982-ef73-4656-aa77-36e0ba353a42/log?offset=24080&limitBytes=256000 304[39m
[11:51:18] [32mINFO[39m: [36mGET /heartbeat-runs/cf32563d-2372-4a10-813c-ca65a320db03/log?offset=22887&limitBytes=256000 304[39m
[11:51:18] [32mINFO[39m: [36mGET /heartbeat-runs/58b045b9-682f-4fe1-adf7-1dcbd5ab2b65/log?offset=21758&limitBytes=256000 304[39m
[11:51:18] [32mINFO[39m: [36mGET /heartbeat-runs/f0bd646b-4bba-4cda-86c4-506d8a0ee9b6/log?offset=24082&limitBytes=256000 304[39m
[11:51:20] [32mINFO[39m: [36mGET /heartbeat-runs/cf32563d-2372-4a10-813c-ca65a320db03/log?offset=22887&limitBytes=256000 304[39m
[11:51:20] [32mINFO[39m: [36mGET /heartbeat-runs/58b045b9-682f-4fe1-adf7-1dcbd5ab2b65/log?offset=21758&limitBytes=256000 304[39m
[11:51:20] [32mINFO[39m: [36mGET /heartbeat-runs/032bb982-ef73-4656-aa77-36e0ba353a42/log?offset=24080&limitBytes=256000 304[39m
[11:51:20] [32mINFO[39m: [36mGET /heartbeat-runs/f0bd646b-4bba-4cda-86c4-506d8a0ee9b6/log?offset=24082&limitBytes=256000 304[39m
[11:51:22] [32mINFO[39m: [36mGET /heartbeat-runs/032bb982-ef73-4656-aa77-36e0ba353a42/log?offset=24080&limitBytes=256000 304[39m
[11:51:22] [32mINFO[39m: [36mGET /heartbeat-runs/58b045b9-682f-4fe1-adf7-1dcbd5ab2b65/log?offset=21758&limitBytes=256000 304[39m
[11:51:22] [32mINFO[39m: [36mGET /heartbeat-runs/f0bd646b-4bba-4cda-86c4-506d8a0ee9b6/log?offset=24082&limitBytes=256000 304[39m
[11:51:22] [32mINFO[39m: [36mGET /heartbeat-runs/cf32563d-2372-4a10-813c-ca65a320db03/log?offset=22887&limitBytes=256000 304[39m
[11:51:24] [32mINFO[39m: [36mGET /heartbeat-runs/f0bd646b-4bba-4cda-86c4-506d8a0ee9b6/log?offset=24082&limitBytes=256000 304[39m
[11:51:24] [32mINFO[39m: [36mGET /heartbeat-runs/032bb982-ef73-4656-aa77-36e0ba353a42/log?offset=24080&limitBytes=256000 304[39m
[11:51:24] [32mINFO[39m: [36mGET /heartbeat-runs/58b045b9-682f-4fe1-adf7-1dcbd5ab2b65/log?offset=21758&limitBytes=256000 304[39m
[11:51:24] [32mINFO[39m: [36mGET /heartbeat-runs/cf32563d-2372-4a10-813c-ca65a320db03/log?offset=22887&limitBytes=256000 304[39m
[11:51:26] [32mINFO[39m: [36mGET /heartbeat-runs/58b045b9-682f-4fe1-adf7-1dcbd5ab2b65/log?offset=21758&limitBytes=256000 304[39m
[11:51:26] [32mINFO[39m: [36mGET /heartbeat-runs/f0bd646b-4bba-4cda-86c4-506d8a0ee9b6/log?offset=24082&limitBytes=256000 304[39m
[11:51:26] [32mINFO[39m: [36mGET /heartbeat-runs/cf32563d-2372-4a10-813c-ca65a320db03/log?offset=22887&limitBytes=256000 304[39m
[11:51:26] [32mINFO[39m: [36mGET /heartbeat-runs/032bb982-ef73-4656-aa77-36e0ba353a42/log?offset=24080&limitBytes=256000 304[39m
[11:51:28] [32mINFO[39m: [36mGET /heartbeat-runs/cf32563d-2372-4a10-813c-ca65a320db03/log?offset=22887&limitBytes=256000 304[39m
[11:51:28] [32mINFO[39m: [36mGET /heartbeat-runs/58b045b9-682f-4fe1-adf7-1dcbd5ab2b65/log?offset=21758&limitBytes=256000 304[39m
[11:51:28] [32mINFO[39m: [36mGET /heartbeat-runs/f0bd646b-4bba-4cda-86c4-506d8a0ee9b6/log?offset=24082&limitBytes=256000 304[39m
[11:51:28] [32mINFO[39m: [36mGET /heartbeat-runs/032bb982-ef73-4656-aa77-36e0ba353a42/log?offset=24080&limitBytes=256000 304[39m
[11:51:30] [32mINFO[39m: [36mGET /heartbeat-runs/cf32563d-2372-4a10-813c-ca65a320db03/log?offset=22887&limitBytes=256000 304[39m
[11:51:30] [32mINFO[39m: [36mGET /heartbeat-runs/032bb982-ef73-4656-aa77-36e0ba353a42/log?offset=24080&limitBytes=256000 304[39m
[11:51:30] [32mINFO[39m: [36mGET /heartbeat-runs/f0bd646b-4bba-4cda-86c4-506d8a0ee9b6/log?offset=24082&limitBytes=256000 304[39m
[11:51:30] [32mINFO[39m: [36mGET /heartbeat-runs/58b045b9-682f-4fe1-adf7-1dcbd5ab2b65/log?offset=21758&limitBytes=256000 304[39m
[11:51:32] [32mINFO[39m: [36mGET /heartbeat-runs/58b045b9-682f-4fe1-adf7-1dcbd5ab2b65/log?offset=21758&limitBytes=256000 304[39m
[11:51:32] [32mINFO[39m: [36mGET /heartbeat-runs/cf32563d-2372-4a10-813c-ca65a320db03/log?offset=22887&limitBytes=256000 304[39m
[11:51:32] [32mINFO[39m: [36mGET /heartbeat-runs/f0bd646b-4bba-4cda-86c4-506d8a0ee9b6/log?offset=24082&limitBytes=256000 304[39m
[11:51:32] [32mINFO[39m: [36mGET /heartbeat-runs/032bb982-ef73-4656-aa77-36e0ba353a42/log?offset=24080&limitBytes=256000 304[39m
[11:51:34] [32mINFO[39m: [36mGET /heartbeat-runs/58b045b9-682f-4fe1-adf7-1dcbd5ab2b65/log?offset=21758&limitBytes=256000 304[39m
[11:51:34] [32mINFO[39m: [36mGET /heartbeat-runs/f0bd646b-4bba-4cda-86c4-506d8a0ee9b6/log?offset=24082&limitBytes=256000 304[39m
[11:51:34] [32mINFO[39m: [36mGET /heartbeat-runs/cf32563d-2372-4a10-813c-ca65a320db03/log?offset=22887&limitBytes=256000 304[39m
[11:51:34] [32mINFO[39m: [36mGET /heartbeat-runs/032bb982-ef73-4656-aa77-36e0ba353a42/log?offset=24080&limitBytes=256000 304[39m
[11:51:36] [32mINFO[39m: [36mGET /heartbeat-runs/032bb982-ef73-4656-aa77-36e0ba353a42/log?offset=24080&limitBytes=256000 304[39m
[11:51:36] [32mINFO[39m: [36mGET /heartbeat-runs/58b045b9-682f-4fe1-adf7-1dcbd5ab2b65/log?offset=21758&limitBytes=256000 304[39m
[11:51:36] [32mINFO[39m: [36mGET /heartbeat-runs/f0bd646b-4bba-4cda-86c4-506d8a0ee9b6/log?offset=24082&limitBytes=256000 304[39m
[11:51:36] [32mINFO[39m: [36mGET /heartbeat-runs/cf32563d-2372-4a10-813c-ca65a320db03/log?offset=22887&limitBytes=256000 304[39m
[11:51:38] [32mINFO[39m: [36mGET /heartbeat-runs/58b045b9-682f-4fe1-adf7-1dcbd5ab2b65/log?offset=21758&limitBytes=256000 304[39m
[11:51:38] [32mINFO[39m: [36mGET /heartbeat-runs/f0bd646b-4bba-4cda-86c4-506d8a0ee9b6/log?offset=24082&limitBytes=256000 304[39m
[11:51:38] [32mINFO[39m: [36mGET /heartbeat-runs/032bb982-ef73-4656-aa77-36e0ba353a42/log?offset=24080&limitBytes=256000 304[39m
[11:51:38] [32mINFO[39m: [36mGET /heartbeat-runs/cf32563d-2372-4a10-813c-ca65a320db03/log?offset=22887&limitBytes=256000 304[39m
[11:51:40] [32mINFO[39m: [36mGET /heartbeat-runs/58b045b9-682f-4fe1-adf7-1dcbd5ab2b65/log?offset=21758&limitBytes=256000 304[39m
[11:51:40] [32mINFO[39m: [36mGET /heartbeat-runs/032bb982-ef73-4656-aa77-36e0ba353a42/log?offset=24080&limitBytes=256000 304[39m
[11:51:40] [32mINFO[39m: [36mGET /heartbeat-runs/cf32563d-2372-4a10-813c-ca65a320db03/log?offset=22887&limitBytes=256000 304[39m
[11:51:40] [32mINFO[39m: [36mGET /heartbeat-runs/f0bd646b-4bba-4cda-86c4-506d8a0ee9b6/log?offset=24082&limitBytes=256000 304[39m
[11:51:42] [32mINFO[39m: [36mGET /heartbeat-runs/58b045b9-682f-4fe1-adf7-1dcbd5ab2b65/log?offset=21758&limitBytes=256000 304[39m
[11:51:42] [32mINFO[39m: [36mGET /heartbeat-runs/032bb982-ef73-4656-aa77-36e0ba353a42/log?offset=24080&limitBytes=256000 304[39m
[11:51:42] [32mINFO[39m: [36mGET /heartbeat-runs/f0bd646b-4bba-4cda-86c4-506d8a0ee9b6/log?offset=24082&limitBytes=256000 304[39m
[11:51:42] [32mINFO[39m: [36mGET /heartbeat-runs/cf32563d-2372-4a10-813c-ca65a320db03/log?offset=22887&limitBytes=256000 304[39m
[11:51:44] [32mINFO[39m: [36mGET /heartbeat-runs/58b045b9-682f-4fe1-adf7-1dcbd5ab2b65/log?offset=21758&limitBytes=256000 304[39m
[11:51:44] [32mINFO[39m: [36mGET /heartbeat-runs/cf32563d-2372-4a10-813c-ca65a320db03/log?offset=22887&limitBytes=256000 304[39m
[11:51:44] [32mINFO[39m: [36mGET /heartbeat-runs/032bb982-ef73-4656-aa77-36e0ba353a42/log?offset=24080&limitBytes=256000 304[39m
[11:51:44] [32mINFO[39m: [36mGET /heartbeat-runs/f0bd646b-4bba-4cda-86c4-506d8a0ee9b6/log?offset=24082&limitBytes=256000 304[39m
[11:51:46] [32mINFO[39m: [36mGET /heartbeat-runs/58b045b9-682f-4fe1-adf7-1dcbd5ab2b65/log?offset=21758&limitBytes=256000 304[39m
[11:51:46] [32mINFO[39m: [36mGET /heartbeat-runs/f0bd646b-4bba-4cda-86c4-506d8a0ee9b6/log?offset=24082&limitBytes=256000 304[39m
[11:51:46] [32mINFO[39m: [36mGET /heartbeat-runs/cf32563d-2372-4a10-813c-ca65a320db03/log?offset=22887&limitBytes=256000 304[39m
[11:51:46] [32mINFO[39m: [36mGET /heartbeat-runs/032bb982-ef73-4656-aa77-36e0ba353a42/log?offset=24080&limitBytes=256000 304[39m
[11:51:48] [32mINFO[39m: [36mGET /heartbeat-runs/032bb982-ef73-4656-aa77-36e0ba353a42/log?offset=24080&limitBytes=256000 304[39m
[11:51:48] [32mINFO[39m: [36mGET /heartbeat-runs/f0bd646b-4bba-4cda-86c4-506d8a0ee9b6/log?offset=24082&limitBytes=256000 304[39m
[11:51:48] [32mINFO[39m: [36mGET /heartbeat-runs/58b045b9-682f-4fe1-adf7-1dcbd5ab2b65/log?offset=21758&limitBytes=256000 304[39m
[11:51:48] [32mINFO[39m: [36mGET /heartbeat-runs/cf32563d-2372-4a10-813c-ca65a320db03/log?offset=22887&limitBytes=256000 304[39m
[11:51:50] [32mINFO[39m: [36mGET /heartbeat-runs/032bb982-ef73-4656-aa77-36e0ba353a42/log?offset=24080&limitBytes=256000 304[39m
[11:51:50] [32mINFO[39m: [36mGET /heartbeat-runs/cf32563d-2372-4a10-813c-ca65a320db03/log?offset=22887&limitBytes=256000 304[39m
[11:51:50] [32mINFO[39m: [36mGET /heartbeat-runs/f0bd646b-4bba-4cda-86c4-506d8a0ee9b6/log?offset=24082&limitBytes=256000 304[39m
[11:51:50] [32mINFO[39m: [36mGET /heartbeat-runs/58b045b9-682f-4fe1-adf7-1dcbd5ab2b65/log?offset=21758&limitBytes=256000 304[39m
[11:51:52] [32mINFO[39m: [36mGET /heartbeat-runs/58b045b9-682f-4fe1-adf7-1dcbd5ab2b65/log?offset=21758&limitBytes=256000 304[39m
[11:51:52] [32mINFO[39m: [36mGET /heartbeat-runs/cf32563d-2372-4a10-813c-ca65a320db03/log?offset=22887&limitBytes=256000 304[39m
[11:51:52] [32mINFO[39m: [36mGET /heartbeat-runs/032bb982-ef73-4656-aa77-36e0ba353a42/log?offset=24080&limitBytes=256000 304[39m
[11:51:52] [32mINFO[39m: [36mGET /heartbeat-runs/f0bd646b-4bba-4cda-86c4-506d8a0ee9b6/log?offset=24082&limitBytes=256000 304[39m
[11:51:54] [32mINFO[39m: [36mGET /heartbeat-runs/58b045b9-682f-4fe1-adf7-1dcbd5ab2b65/log?offset=21758&limitBytes=256000 304[39m
[11:51:54] [32mINFO[39m: [36mGET /heartbeat-runs/032bb982-ef73-4656-aa77-36e0ba353a42/log?offset=24080&limitBytes=256000 304[39m
[11:51:54] [32mINFO[39m: [36mGET /heartbeat-runs/f0bd646b-4bba-4cda-86c4-506d8a0ee9b6/log?offset=24082&limitBytes=256000 304[39m
[11:51:54] [32mINFO[39m: [36mGET /heartbeat-runs/cf32563d-2372-4a10-813c-ca65a320db03/log?offset=22887&limitBytes=256000 304[39m
[11:51:56] [32mINFO[39m: [36mGET /heartbeat-runs/58b045b9-682f-4fe1-adf7-1dcbd5ab2b65/log?offset=21758&limitBytes=256000 304[39m
[11:51:56] [32mINFO[39m: [36mGET /heartbeat-runs/cf32563d-2372-4a10-813c-ca65a320db03/log?offset=22887&limitBytes=256000 304[39m
[11:51:56] [32mINFO[39m: [36mGET /heartbeat-runs/f0bd646b-4bba-4cda-86c4-506d8a0ee9b6/log?offset=24082&limitBytes=256000 304[39m
[11:51:56] [32mINFO[39m: [36mGET /heartbeat-runs/032bb982-ef73-4656-aa77-36e0ba353a42/log?offset=24080&limitBytes=256000 304[39m
[11:51:58] [32mINFO[39m: [36mGET /heartbeat-runs/58b045b9-682f-4fe1-adf7-1dcbd5ab2b65/log?offset=21758&limitBytes=256000 304[39m
[11:51:58] [32mINFO[39m: [36mGET /heartbeat-runs/cf32563d-2372-4a10-813c-ca65a320db03/log?offset=22887&limitBytes=256000 304[39m
[11:51:58] [32mINFO[39m: [36mGET /heartbeat-runs/032bb982-ef73-4656-aa77-36e0ba353a42/log?offset=24080&limitBytes=256000 304[39m
[11:51:58] [32mINFO[39m: [36mGET /heartbeat-runs/f0bd646b-4bba-4cda-86c4-506d8a0ee9b6/log?offset=24082&limitBytes=256000 304[39m
[11:52:00] [32mINFO[39m: [36mGET /heartbeat-runs/032bb982-ef73-4656-aa77-36e0ba353a42/log?offset=24080&limitBytes=256000 304[39m
[11:52:00] [32mINFO[39m: [36mGET /heartbeat-runs/cf32563d-2372-4a10-813c-ca65a320db03/log?offset=22887&limitBytes=256000 304[39m
[11:52:00] [32mINFO[39m: [36mGET /heartbeat-runs/58b045b9-682f-4fe1-adf7-1dcbd5ab2b65/log?offset=21758&limitBytes=256000 304[39m
[11:52:00] [32mINFO[39m: [36mGET /heartbeat-runs/f0bd646b-4bba-4cda-86c4-506d8a0ee9b6/log?offset=24082&limitBytes=256000 304[39m
[11:52:02] [32mINFO[39m: [36mGET /heartbeat-runs/58b045b9-682f-4fe1-adf7-1dcbd5ab2b65/log?offset=21758&limitBytes=256000 304[39m
[11:52:02] [32mINFO[39m: [36mGET /heartbeat-runs/f0bd646b-4bba-4cda-86c4-506d8a0ee9b6/log?offset=24082&limitBytes=256000 304[39m
[11:52:02] [32mINFO[39m: [36mGET /heartbeat-runs/032bb982-ef73-4656-aa77-36e0ba353a42/log?offset=24080&limitBytes=256000 304[39m
[11:52:02] [32mINFO[39m: [36mGET /heartbeat-runs/cf32563d-2372-4a10-813c-ca65a320db03/log?offset=22887&limitBytes=256000 304[39m
[11:52:04] [32mINFO[39m: [36mGET /heartbeat-runs/58b045b9-682f-4fe1-adf7-1dcbd5ab2b65/log?offset=21758&limitBytes=256000 304[39m
[11:52:04] [32mINFO[39m: [36mGET /heartbeat-runs/032bb982-ef73-4656-aa77-36e0ba353a42/log?offset=24080&limitBytes=256000 304[39m
[11:52:04] [32mINFO[39m: [36mGET /heartbeat-runs/cf32563d-2372-4a10-813c-ca65a320db03/log?offset=22887&limitBytes=256000 304[39m
[11:52:04] [32mINFO[39m: [36mGET /heartbeat-runs/f0bd646b-4bba-4cda-86c4-506d8a0ee9b6/log?offset=24082&limitBytes=256000 304[39m
[11:52:12] [32mINFO[39m: [36mGET /heartbeat-runs/58b045b9-682f-4fe1-adf7-1dcbd5ab2b65/log?offset=21758&limitBytes=256000 304[39m
[11:52:12] [32mINFO[39m: [36mGET /heartbeat-runs/032bb982-ef73-4656-aa77-36e0ba353a42/log?offset=24080&limitBytes=256000 304[39m
[11:52:12] [32mINFO[39m: [36mGET /heartbeat-runs/f0bd646b-4bba-4cda-86c4-506d8a0ee9b6/log?offset=24082&limitBytes=256000 304[39m
[11:52:12] [32mINFO[39m: [36mGET /heartbeat-runs/cf32563d-2372-4a10-813c-ca65a320db03/log?offset=22887&limitBytes=256000 304[39m
[11:53:12] [32mINFO[39m: [36mGET /heartbeat-runs/58b045b9-682f-4fe1-adf7-1dcbd5ab2b65/log?offset=21758&limitBytes=256000 304[39m
[11:53:12] [32mINFO[39m: [36mGET /heartbeat-runs/f0bd646b-4bba-4cda-86c4-506d8a0ee9b6/log?offset=24082&limitBytes=256000 304[39m
[11:53:12] [32mINFO[39m: [36mGET /heartbeat-runs/032bb982-ef73-4656-aa77-36e0ba353a42/log?offset=24080&limitBytes=256000 304[39m
[11:53:12] [32mINFO[39m: [36mGET /heartbeat-runs/cf32563d-2372-4a10-813c-ca65a320db03/log?offset=22887&limitBytes=256000 304[39m
[11:54:02] [32mINFO[39m: [36mGET /sw.js 304[39m
[11:54:12] [32mINFO[39m: [36mGET /heartbeat-runs/58b045b9-682f-4fe1-adf7-1dcbd5ab2b65/log?offset=21758&limitBytes=256000 304[39m
[11:54:12] [32mINFO[39m: [36mGET /heartbeat-runs/032bb982-ef73-4656-aa77-36e0ba353a42/log?offset=24080&limitBytes=256000 304[39m
[11:54:12] [32mINFO[39m: [36mGET /heartbeat-runs/f0bd646b-4bba-4cda-86c4-506d8a0ee9b6/log?offset=24082&limitBytes=256000 304[39m
[11:54:12] [32mINFO[39m: [36mGET /heartbeat-runs/cf32563d-2372-4a10-813c-ca65a320db03/log?offset=22887&limitBytes=256000 304[39m
[11:55:12] [32mINFO[39m: [36mGET /heartbeat-runs/58b045b9-682f-4fe1-adf7-1dcbd5ab2b65/log?offset=21758&limitBytes=256000 304[39m
[11:55:12] [32mINFO[39m: [36mGET /heartbeat-runs/f0bd646b-4bba-4cda-86c4-506d8a0ee9b6/log?offset=24082&limitBytes=256000 304[39m
[11:55:12] [32mINFO[39m: [36mGET /heartbeat-runs/cf32563d-2372-4a10-813c-ca65a320db03/log?offset=22887&limitBytes=256000 304[39m
[11:55:12] [32mINFO[39m: [36mGET /heartbeat-runs/032bb982-ef73-4656-aa77-36e0ba353a42/log?offset=24080&limitBytes=256000 304[39m
11:16:31 PM [tsx] Previous process hasn't exited yet. Force killing...
11:16:31 PM [tsx] Previous process hasn't exited yet. Force killing...
[tac] Building UI...

> @paperclipai/ui@0.0.1 build /Users/james/Dev/theagent-company/ui
> tsc -b && vite build

vite v6.4.1 building for production...
transforming...
✓ 4789 modules transformed.
rendering chunks...
computing gzip size...
dist/index.html                                           3.63 kB │ gzip:   1.17 kB
dist/assets/index-BM5tPATl.css                          224.18 kB │ gzip:  35.70 kB
dist/assets/clone-C_6WJ0zp.js                             0.10 kB │ gzip:   0.11 kB
dist/assets/channel-BIGYBAix.js                           0.11 kB │ gzip:   0.13 kB
dist/assets/init-Gi6I4Gst.js                              0.15 kB │ gzip:   0.13 kB
dist/assets/chunk-QZHKN3VN-OXQ0kID0.js                    0.19 kB │ gzip:   0.16 kB
dist/assets/chunk-55IACEB6-B4mZgcX6.js                    0.24 kB │ gzip:   0.21 kB
dist/assets/chunk-4BX2VUAB-Cr-f2Bfe.js                    0.30 kB │ gzip:   0.20 kB
dist/assets/diff-DbItnlRl.js                              0.31 kB │ gzip:   0.24 kB
dist/assets/chunk-FMBD7UC4-BAx1qTZh.js                    0.37 kB │ gzip:   0.27 kB
dist/assets/chunk-QN33PNHL-BEV_q53V.js                    0.53 kB │ gzip:   0.37 kB
dist/assets/stateDiagram-v2-4FDKWEC3-rvzehhYV.js          0.57 kB │ gzip:   0.36 kB
dist/assets/classDiagram-2ON5EDUG-CcY7E-tw.js             0.61 kB │ gzip:   0.37 kB
dist/assets/classDiagram-v2-WZHVMYZB-CcY7E-tw.js          0.61 kB │ gzip:   0.37 kB
dist/assets/brainfuck-C4LP7Hcl.js                         0.61 kB │ gzip:   0.33 kB
dist/assets/properties-C78fOPTZ.js                        0.67 kB │ gzip:   0.34 kB
dist/assets/cmake-BQqOBYOt.js                             0.78 kB │ gzip:   0.46 kB
dist/assets/asciiarmor-Df11BRmG.js                        0.79 kB │ gzip:   0.40 kB
dist/assets/http-DBlCnlav.js                              0.85 kB │ gzip:   0.42 kB
dist/assets/protobuf-ChK-085T.js                          0.86 kB │ gzip:   0.52 kB
dist/assets/solr-DehyRSwq.js                              0.87 kB │ gzip:   0.45 kB
dist/assets/infoDiagram-HS3SLOUP-CUKB-8qu.js              0.87 kB │ gzip:   0.53 kB
dist/assets/troff-wAsdV37c.js                             0.96 kB │ gzip:   0.44 kB
dist/assets/spreadsheet-BCZA_wO0.js                       1.14 kB │ gzip:   0.54 kB
dist/assets/toml-Bm5Em-hy.js                              1.14 kB │ gzip:   0.54 kB
dist/assets/ordinal-Cboi1Yqb.js                           1.19 kB │ gzip:   0.57 kB
dist/assets/mbox-CNhZ1qSd.js                              1.40 kB │ gzip:   0.65 kB
dist/assets/chunk-TZMSLE5B-DFm2f1DW.js                    1.44 kB │ gzip:   0.63 kB
dist/assets/sieve-C3Gn_uJK.js                             1.62 kB │ gzip:   0.77 kB
dist/assets/rpm-CTu-6PCP.js                               1.62 kB │ gzip:   0.82 kB
dist/assets/factor-kuTfRLto.js                            1.67 kB │ gzip:   0.61 kB
dist/assets/z80-Hz9HOZM7.js                               1.75 kB │ gzip:   0.81 kB
dist/assets/eiffel-CnydiIhH.js                            1.81 kB │ gzip:   0.91 kB
dist/assets/elm-vLlmbW-K.js                               1.89 kB │ gzip:   0.81 kB
dist/assets/mathematica-DTrFuWx2.js                       1.92 kB │ gzip:   0.81 kB
dist/assets/dockerfile-BKs6k2Af.js                        1.95 kB │ gzip:   0.67 kB
dist/assets/turtle-B1tBg_DP.js                            1.98 kB │ gzip:   0.90 kB
dist/assets/ebnf-CDyGwa7X.js                              1.99 kB │ gzip:   0.80 kB
dist/assets/smalltalk-CnHTOXQT.js                         2.01 kB │ gzip:   0.85 kB
dist/assets/dtd-DF_7sFjM.js                               2.06 kB │ gzip:   0.87 kB
dist/assets/mumps-BT43cFF4.js                             2.07 kB │ gzip:   0.98 kB
dist/assets/fcl-Kvtd6kyn.js                               2.08 kB │ gzip:   0.95 kB
dist/assets/ntriples-BfvgReVJ.js                          2.10 kB │ gzip:   0.74 kB
dist/assets/yacas-BJ4BC0dw.js                             2.15 kB │ gzip:   1.09 kB
dist/assets/simple-mode-GW_nhZxv.js                       2.28 kB │ gzip:   1.09 kB
dist/assets/apl-B4CMkyY2.js                               2.30 kB │ gzip:   1.20 kB
dist/assets/pascal--L3eBynH.js                            2.30 kB │ gzip:   1.19 kB
dist/assets/octave-Ck1zUtKM.js                            2.31 kB │ gzip:   1.09 kB
dist/assets/commonlisp-DBKNyK5s.js                        2.32 kB │ gzip:   1.09 kB
dist/assets/tcl-DVfN8rqt.js                               2.36 kB │ gzip:   1.22 kB
dist/assets/webidl-ZXfAyPTL.js                            2.52 kB │ gzip:   1.24 kB
dist/assets/pig-CevX1Tat.js                               2.53 kB │ gzip:   1.35 kB
dist/assets/puppet-DMA9R1ak.js                            2.54 kB │ gzip:   1.19 kB
dist/assets/forth-Ffai-XNe.js                             2.54 kB │ gzip:   1.31 kB
dist/assets/shell-CjFT_Tl9.js                             2.57 kB │ gzip:   1.20 kB
dist/assets/_basePickBy-BGgs8ky3.js                       2.59 kB │ gzip:   1.29 kB
dist/assets/index-h987jnHq.js                             2.59 kB │ gzip:   1.55 kB
dist/assets/velocity-D8B20fx6.js                          2.67 kB │ gzip:   1.11 kB
dist/assets/tiddlywiki-DO-Gjzrf.js                        2.78 kB │ gzip:   1.06 kB
dist/assets/modelica-Dc1JOy9r.js                          2.79 kB │ gzip:   1.28 kB
dist/assets/index-BTyuHGZ1.js                             2.81 kB │ gzip:   1.54 kB
dist/assets/oz-BzwKVEFT.js                                2.90 kB │ gzip:   1.28 kB
dist/assets/r-B6wPVr8A.js                                 2.94 kB │ gzip:   1.36 kB
dist/assets/stex-C3f8Ysf7.js                              3.12 kB │ gzip:   1.20 kB
dist/assets/tiki-DGYXhP31.js                              3.25 kB │ gzip:   1.26 kB
dist/assets/vhdl-lSbBsy5d.js                              3.35 kB │ gzip:   1.51 kB
dist/assets/lua-BgMRiT3U.js                               3.40 kB │ gzip:   1.42 kB
dist/assets/arc-C-JuX1uj.js                               3.42 kB │ gzip:   1.45 kB
dist/assets/mscgen-BA5vi2Kp.js                            3.51 kB │ gzip:   0.97 kB
dist/assets/sparql-DkYu6x3z.js                            3.55 kB │ gzip:   1.61 kB
dist/assets/cypher-C_CwsFkJ.js                            3.56 kB │ gzip:   1.52 kB
dist/assets/index-KIyI3WUA.js                             3.58 kB │ gzip:   1.78 kB
dist/assets/d-pRatUO7H.js                                 3.72 kB │ gzip:   1.67 kB
dist/assets/coffeescript-S37ZYGWr.js                      3.87 kB │ gzip:   1.67 kB
dist/assets/vb-CmGdzxic.js                                3.90 kB │ gzip:   1.78 kB
dist/assets/swift-BzpIVaGY.js                             3.96 kB │ gzip:   1.78 kB
dist/assets/asn1-EdZsLKOL.js                              3.98 kB │ gzip:   1.92 kB
dist/assets/q-pXgVlZs6.js                                 4.03 kB │ gzip:   1.66 kB
dist/assets/ttcn-cfg-B9xdYoR4.js                          4.05 kB │ gzip:   1.69 kB
dist/assets/dylan-DwRh75JA.js                             4.05 kB │ gzip:   1.64 kB
dist/assets/livescript-BwQOo05w.js                        4.09 kB │ gzip:   1.62 kB
dist/assets/groovy-D9Dt4D0W.js                            4.14 kB │ gzip:   1.76 kB
dist/assets/haskell-Cw1EW3IL.js                           4.17 kB │ gzip:   1.86 kB
dist/assets/asterisk-B-8jnY81.js                          4.48 kB │ gzip:   1.78 kB
dist/assets/diagram-S2PKOQOG-BvbK4hPB.js                  4.52 kB │ gzip:   1.97 kB
dist/assets/gas-Bneqetm1.js                               4.57 kB │ gzip:   1.28 kB
dist/assets/fortran-DYz_wnZ1.js                           4.65 kB │ gzip:   2.00 kB
dist/assets/defaultLocale-DX6XiGOO.js                     4.69 kB │ gzip:   2.17 kB
dist/assets/mllike-CXdrOF99.js                            4.79 kB │ gzip:   1.54 kB
dist/assets/ttcn-CfJYG6tj.js                              4.80 kB │ gzip:   2.10 kB
dist/assets/ecl-Cabwm37j.js                               5.13 kB │ gzip:   2.29 kB
dist/assets/crystal-SjHAIU92.js                           5.13 kB │ gzip:   2.05 kB
dist/assets/ruby-B2Rjki9n.js                              5.16 kB │ gzip:   2.13 kB
dist/assets/index-BjYwu8xd.js                             5.24 kB │ gzip:   2.44 kB
dist/assets/julia-DuME0IfC.js                             5.39 kB │ gzip:   2.12 kB
dist/assets/pieDiagram-ADFJNKIX-CKl1Gtpp.js               5.44 kB │ gzip:   2.41 kB
dist/assets/linear-nzXCtE5g.js                            5.66 kB │ gzip:   2.31 kB
dist/assets/vbscript-BuJXcnF6.js                          5.82 kB │ gzip:   2.55 kB
dist/assets/mirc-CjQqDB4T.js                              5.92 kB │ gzip:   2.66 kB
dist/assets/graph-CHCjuDNa.js                             5.92 kB │ gzip:   1.87 kB
dist/assets/cobol-CWcv1MsR.js                             6.20 kB │ gzip:   2.91 kB
dist/assets/diagram-QEK2KX5R-irUL3dwP.js                  6.23 kB │ gzip:   2.62 kB
dist/assets/scheme-C41bIUwD.js                            6.37 kB │ gzip:   2.39 kB
dist/assets/python-BuPzkPfP.js                            6.48 kB │ gzip:   2.71 kB
dist/assets/xquery-DzFWVndE.js                            6.62 kB │ gzip:   2.56 kB
dist/assets/pug-DeIclll2.js                               6.67 kB │ gzip:   1.95 kB
dist/assets/textile-CnDTJFAw.js                           6.80 kB │ gzip:   2.43 kB
dist/assets/nsis-LdVXkNf5.js                              6.81 kB │ gzip:   2.96 kB
dist/assets/nginx-DdIZxoE0.js                             7.34 kB │ gzip:   2.73 kB
dist/assets/powershell-CFHJl5sT.js                        7.77 kB │ gzip:   3.30 kB
dist/assets/haxe-H-WmDvRZ.js                              7.89 kB │ gzip:   2.92 kB
dist/assets/erlang-BNw1qcRV.js                            8.10 kB │ gzip:   2.86 kB
dist/assets/verilog-C6RDOZhf.js                           8.24 kB │ gzip:   3.47 kB
dist/assets/sas-B4kiWyti.js                               9.33 kB │ gzip:   4.07 kB
dist/assets/perl-CdXCOZ3F.js                              9.75 kB │ gzip:   3.40 kB
dist/assets/gherkin-heZmZLOM.js                          10.16 kB │ gzip:   4.96 kB
dist/assets/stateDiagram-FKZM4ZOC-Cik2bh4G.js            10.56 kB │ gzip:   3.71 kB
dist/assets/clojure-BMjYHr_A.js                          10.82 kB │ gzip:   3.96 kB
dist/assets/dagre-6UL2VRFP-Ku2HD4az.js                   11.44 kB │ gzip:   4.28 kB
dist/assets/idl-BEugSyMb.js                              11.63 kB │ gzip:   4.54 kB
dist/assets/_baseUniq-CStkQvm2.js                        11.90 kB │ gzip:   4.63 kB
dist/assets/index-ChkP33gZ.js                            12.87 kB │ gzip:   5.57 kB
dist/assets/index-rn5rJboi.js                            14.97 kB │ gzip:   5.97 kB
dist/assets/diagram-PSM6KHXK-G7hhLatm.js                 16.16 kB │ gzip:   5.78 kB
dist/assets/index-31obdxpg.js                            16.49 kB │ gzip:   7.31 kB
dist/assets/javascript-iXu5QeM3.js                       17.08 kB │ gzip:   5.72 kB
dist/assets/index-efMYo7Gz.js                            19.86 kB │ gzip:   9.14 kB
dist/assets/kanban-definition-3W4ZIXB7-COU2d-SN.js       20.78 kB │ gzip:   7.27 kB
dist/assets/index-CINYHVgI.js                            21.09 kB │ gzip:   9.20 kB
dist/assets/mindmap-definition-VGOIOE7T-KCL3xbRE.js      21.21 kB │ gzip:   7.35 kB
dist/assets/clike-B9uivgTg.js                            22.30 kB │ gzip:   7.79 kB
dist/assets/sankeyDiagram-TZEHDZUN-CI70cD_y.js           22.41 kB │ gzip:   8.19 kB
dist/assets/index-DZlow2SE.js                            23.24 kB │ gzip:  10.09 kB
dist/assets/journeyDiagram-XKPGCS4Q-Rl19zqd5.js          23.72 kB │ gzip:   8.35 kB
dist/assets/timeline-definition-IT6M3QCI-C9G3_5sd.js     23.89 kB │ gzip:   8.31 kB
dist/assets/gitGraphDiagram-V2S2FVAM-B_HxVZ3Q.js         24.90 kB │ gzip:   7.66 kB
dist/assets/erDiagram-Q2GNP2WA-Cwq8vvtM.js               25.52 kB │ gzip:   8.85 kB
dist/assets/stylus-B533Al4x.js                           25.80 kB │ gzip:   8.62 kB
dist/assets/index-BEiz8JR6.js                            26.03 kB │ gzip:  11.45 kB
dist/assets/index-BaKurRA0.js                            26.39 kB │ gzip:   8.82 kB
dist/assets/css-BnMrqG3P.js                              27.13 kB │ gzip:   8.49 kB
dist/assets/layout-BsdpmoXZ.js                           27.39 kB │ gzip:   9.72 kB
dist/assets/index-Ce1WU2nX.js                            28.86 kB │ gzip:  11.47 kB
dist/assets/requirementDiagram-UZGBJVZJ-D206s6lw.js      30.44 kB │ gzip:   9.45 kB
dist/assets/index-71-gKmgL.js                            30.97 kB │ gzip:  12.42 kB
dist/assets/index-piqWeV9F.js                            32.50 kB │ gzip:  13.05 kB
dist/assets/quadrantDiagram-AYHSOK5B-DAnNueVd.js         34.50 kB │ gzip:  10.07 kB
dist/assets/chunk-DI55MBZ5-DVYQVLlh.js                   36.80 kB │ gzip:  11.85 kB
dist/assets/sql-D0XecflT.js                              37.05 kB │ gzip:  10.91 kB
dist/assets/xychartDiagram-PRI3JC2R-CFxdJtBI.js          40.39 kB │ gzip:  11.43 kB
dist/assets/vendor-tanstack-D-u36eqh.js                  40.82 kB │ gzip:  12.16 kB
dist/assets/index-CRVCfqmS.js                            40.91 kB │ gzip:  16.24 kB
dist/assets/index-C1Q4bDVx.js                            44.33 kB │ gzip:  15.39 kB
dist/assets/index-BXEWiuxG.js                            45.28 kB │ gzip:  18.73 kB
dist/assets/chunk-B4BG7PRW-DoGdRBOz.js                   45.41 kB │ gzip:  14.55 kB
dist/assets/vendor-dnd-D9flXMQ8.js                       50.12 kB │ gzip:  16.60 kB
dist/assets/vendor-i18n-D7Z1H7Kb.js                      57.07 kB │ gzip:  18.42 kB
dist/assets/flowDiagram-NV44I4VS-Ba4D5F8o.js             61.29 kB │ gzip:  19.39 kB
dist/assets/ganttDiagram-JELNMOA3-CdgFlRA8.js            68.48 kB │ gzip:  22.95 kB
dist/assets/c4Diagram-YG6GDRKO-trAnYNGy.js               70.34 kB │ gzip:  19.62 kB
dist/assets/index-B-eHj98q.js                            70.98 kB │ gzip:  25.16 kB
dist/assets/blockDiagram-VD42YOAC-DKDlaMe6.js            73.33 kB │ gzip:  20.75 kB
dist/assets/cose-bilkent-S5V4N54A-DIQ_DqW2.js            81.89 kB │ gzip:  22.47 kB
dist/assets/index-C6QcNsak.js                            86.81 kB │ gzip:  33.63 kB
dist/assets/index-BDeaUvBb.js                            98.03 kB │ gzip:  28.03 kB
dist/assets/sequenceDiagram-WL72ISMW-CDSEYOVk.js         98.31 kB │ gzip:  26.86 kB
dist/assets/index-VFSlWbqE.js                           100.73 kB │ gzip:  32.62 kB
dist/assets/vendor-radix-Bv30JGBl.js                    118.34 kB │ gzip:  36.18 kB
dist/assets/architectureDiagram-VXUJARFQ-Bwtc-BnL.js    149.14 kB │ gzip:  42.00 kB
dist/assets/katex-O9d3_IXG.js                           258.51 kB │ gzip:  76.54 kB
dist/assets/cytoscape.esm-BQaXIfA_.js                   442.44 kB │ gzip: 141.29 kB
dist/assets/treemap-GDKQZRPO-BKufowXX.js                454.87 kB │ gzip: 107.69 kB
dist/assets/vendor-react-CJhteRp4.js                    477.93 kB │ gzip: 152.31 kB
dist/assets/mermaid.core-Cwf5ltth.js                    498.96 kB │ gzip: 139.36 kB
dist/assets/index-DfpcF3Cy.js                         2,165.90 kB │ gzip: 600.76 kB
✓ built in 7.60s
[tac] Starting server...

> @paperclipai/server@0.3.1 dev:watch /Users/james/Dev/theagent-company/server
> cross-env PAPERCLIP_MIGRATION_PROMPT=never PAPERCLIP_MIGRATION_AUTO_APPLY=true tsx watch --ignore ../ui/node_modules --ignore ../ui/.vite --ignore ../ui/dist src/index.ts

[12:16:51] [32mINFO[39m: [36mUsing embedded PostgreSQL because no DATABASE_URL set (dataDir=/Users/james/.paperclip/instances/default/db, port=54329)[39m
[12:16:51] [32mINFO[39m: [36mEmbedded PostgreSQL cluster already exists (/Users/james/.paperclip/instances/default/db/PG_VERSION); skipping init[39m

[36m██████╗  █████╗ ██████╗ ███████╗██████╗  ██████╗██╗     ██╗██████╗ [0m
[36m██╔══██╗██╔══██╗██╔══██╗██╔════╝██╔══██╗██╔════╝██║     ██║██╔══██╗[0m
[36m██████╔╝███████║██████╔╝█████╗  ██████╔╝██║     ██║     ██║██████╔╝[0m
[36m██╔═══╝ ██╔══██║██╔═══╝ ██╔══╝  ██╔══██╗██║     ██║     ██║██╔═══╝ [0m
[36m██║     ██║  ██║██║     ███████╗██║  ██║╚██████╗███████╗██║██║     [0m
[36m╚═╝     ╚═╝  ╚═╝╚═╝     ╚══════╝╚═╝  ╚═╝ ╚═════╝╚══════╝╚═╝╚═╝     [0m
[34m  ───────────────────────────────────────────────────────[0m
[2mMode            [0m [32membedded-postgres[0m  |  [35mstatic-ui[0m
[2mDeploy          [0m authenticated (private)
[2mAuth            [0m [32mready[0m
[2mServer          [0m 3100
[2mAPI             [0m http://localhost:3100/api [2m(health: http://localhost:3100/api/health)[0m
[2mUI              [0m http://localhost:3100
[2mDatabase        [0m /Users/james/.paperclip/instances/default/db [2m(pg:54329)[0m
[2mMigrations      [0m already applied
[2mAgent JWT       [0m [32mset[0m
[2mHeartbeat       [0m enabled [2m(30000ms)[0m
[2mDB Backup       [0m enabled [2m(every 60m, keep 30d)[0m
[2mBackup Dir      [0m /Users/james/.paperclip/instances/default/data/backups
[2mConfig          [0m /Users/james/.paperclip/instances/default/config.json
[34m  ───────────────────────────────────────────────────────[0m

[12:16:51] [32mINFO[39m: [36mEmbedded PostgreSQL ready[39m
[12:16:52] [32mINFO[39m: [36mAuthenticated mode auth origin configuration[39m [90m{"authBaseUrlMode":"auto","authPublicBaseUrl":null,"trustedOrigins":["https://zifeis-mac-mini.tailf9f88d.ts.net","http://zifeis-mac-mini.tailf9f88d.ts.net"],"trustedOriginsSource":{"derived":2,"env":0}}[39m
[12:16:52] [32mINFO[39m: [36mplugin job coordinator started — listening to lifecycle events[39m [90m{"service":"plugin-job-coordinator"}[39m
[12:16:52] [32mINFO[39m: [36mplugin job scheduler started[39m [90m{"service":"plugin-job-scheduler","tickIntervalMs":30000,"maxConcurrentJobs":10}[39m
[12:16:52] [32mINFO[39m: [36minitializing plugin tool dispatcher[39m [90m{"service":"plugin-tool-dispatcher"}[39m
[12:16:52] [32mINFO[39m: [36mplugin-loader: loading all ready plugins[39m [90m{"service":"plugin-loader"}[39m
[12:16:52] [32mINFO[39m: [36mAutomatic database backups enabled[39m [90m{"intervalMinutes":60,"retentionDays":30,"backupDir":"/Users/james/.paperclip/instances/default/data/backups"}[39m
[12:16:52] [32mINFO[39m: [36mServer listening on 0.0.0.0:3100[39m
[12:16:52] [32mINFO[39m: [36mloaded tools from ready plugins[39m [90m{"service":"plugin-tool-dispatcher","readyPlugins":0,"registeredTools":0}[39m
[12:16:52] [32mINFO[39m: [36mplugin tool dispatcher initialized[39m [90m{"service":"plugin-tool-dispatcher","totalTools":0}[39m
[12:16:52] [32mINFO[39m: [36mplugin-loader: no ready plugins to load[39m [90m{"service":"plugin-loader"}[39m
[12:17:04] [32mINFO[39m: [36mGET / 200[39m
[12:17:08] [32mINFO[39m: [36mGET / 200[39m
[12:17:08] [32mINFO[39m: [36mGET /assets/vendor-radix-Bv30JGBl.js 200[39m
[12:17:08] [32mINFO[39m: [36mGET /assets/vendor-i18n-D7Z1H7Kb.js 200[39m
[12:17:08] [32mINFO[39m: [36mGET /assets/vendor-tanstack-D-u36eqh.js 200[39m
[12:17:08] [32mINFO[39m: [36mGET /assets/vendor-dnd-D9flXMQ8.js 200[39m
[12:17:08] [32mINFO[39m: [36mGET /site.webmanifest 200[39m
[12:17:08] [32mINFO[39m: [36mGET /assets/vendor-react-CJhteRp4.js 200[39m
[12:17:08] [32mINFO[39m: [36mGET /assets/index-BM5tPATl.css 200[39m
[12:17:08] [32mINFO[39m: [36mGET /assets/index-DfpcF3Cy.js 200[39m
[12:17:08] [33mWARN[39m: [36mGET /api/auth/get-session 401[39m [90m{"routePath":"/api/auth/get-session"}[39m
[12:17:08] [33mWARN[39m: [36mGET /api/companies 403[39m [90m{"routePath":"/"}[39m
[12:17:08] [32mINFO[39m: [36mGET / 304[39m
[12:17:08] [32mINFO[39m: [36mGET /android-chrome-192x192.png 200[39m
[12:17:10] [32mINFO[39m: [36mGET /sw.js 200[39m
[12:20:44] [32mINFO[39m: [36mGET /plugins/ui-contributions 304[39m
[12:20:44] [32mINFO[39m: [36mGET /companies/b9e2b5c9-9f24-49ca-bf0e-be3a6832453d/issues 304[39m
[12:20:44] [32mINFO[39m: [36mGET /companies/b9e2b5c9-9f24-49ca-bf0e-be3a6832453d/projects 304[39m
[12:20:44] [32mINFO[39m: [36mGET /companies/b9e2b5c9-9f24-49ca-bf0e-be3a6832453d/join-requests?status=pending_approval 304[39m
[12:20:44] [32mINFO[39m: [36mGET /companies/b9e2b5c9-9f24-49ca-bf0e-be3a6832453d/approvals 304[39m
[12:20:44] [32mINFO[39m: [36mGET / 304[39m
[12:20:44] [32mINFO[39m: [36mGET /api/auth/get-session 304[39m
[12:20:44] [32mINFO[39m: [36mGET / 304[39m
[12:20:44] [32mINFO[39m: [36mGET /companies/b9e2b5c9-9f24-49ca-bf0e-be3a6832453d/agents 304[39m
[12:20:44] [32mINFO[39m: [36mGET /companies/b9e2b5c9-9f24-49ca-bf0e-be3a6832453d/issues?status=backlog%2Ctodo%2Cin_progress%2Cin_review%2Cblocked%2Cdone&touchedByUserId=me 304[39m
[12:20:44] [32mINFO[39m: [36mGET /companies/b9e2b5c9-9f24-49ca-bf0e-be3a6832453d/live-runs 304[39m
[12:20:44] [32mINFO[39m: [36mGET /companies/b9e2b5c9-9f24-49ca-bf0e-be3a6832453d/heartbeat-runs 304[39m
[12:20:44] [32mINFO[39m: [36mGET /companies/b9e2b5c9-9f24-49ca-bf0e-be3a6832453d/dashboard 304[39m
[12:20:44] [32mINFO[39m: [36mGET /companies/b9e2b5c9-9f24-49ca-bf0e-be3a6832453d/sidebar-badges 304[39m
[12:20:44] [32mINFO[39m: [36mGET /ORR/inbox/recent 200[39m
[12:20:44] [32mINFO[39m: [36mGET /assets/vendor-tanstack-D-u36eqh.js 200[39m
[12:20:44] [32mINFO[39m: [36mGET /assets/vendor-i18n-D7Z1H7Kb.js 200[39m
[12:20:44] [32mINFO[39m: [36mGET /assets/vendor-radix-Bv30JGBl.js 200[39m
[12:20:44] [32mINFO[39m: [36mGET /assets/vendor-react-CJhteRp4.js 200[39m
[12:20:44] [32mINFO[39m: [36mGET /assets/vendor-dnd-D9flXMQ8.js 200[39m
[12:20:44] [32mINFO[39m: [36mGET /assets/index-BM5tPATl.css 200[39m
[12:20:44] [32mINFO[39m: [36mGET /assets/index-DfpcF3Cy.js 200[39m
[12:20:44] [32mINFO[39m: [36mGET /api/auth/get-session 200[39m
[12:20:44] [32mINFO[39m: [36mGET / 200[39m
[12:20:45] [32mINFO[39m: [36mGET /favicon.svg 200[39m
[12:20:45] [32mINFO[39m: [36mGET / 200[39m
[12:20:45] [32mINFO[39m: [36mGET /plugins/ui-contributions 304[39m
[12:20:45] [32mINFO[39m: [36mGET /companies/b9e2b5c9-9f24-49ca-bf0e-be3a6832453d/heartbeat-runs 304[39m
[12:20:45] [32mINFO[39m: [36mGET /companies/b9e2b5c9-9f24-49ca-bf0e-be3a6832453d/approvals 304[39m
[12:20:45] [32mINFO[39m: [36mGET /companies/b9e2b5c9-9f24-49ca-bf0e-be3a6832453d/live-runs 304[39m
[12:20:45] [32mINFO[39m: [36mGET /favicon.svg 304[39m
[12:20:45] [32mINFO[39m: [36mGET /companies/b9e2b5c9-9f24-49ca-bf0e-be3a6832453d/issues 304[39m
[12:20:45] [32mINFO[39m: [36mGET /companies/b9e2b5c9-9f24-49ca-bf0e-be3a6832453d/agents 304[39m
[12:20:45] [32mINFO[39m: [36mGET /companies/b9e2b5c9-9f24-49ca-bf0e-be3a6832453d/join-requests?status=pending_approval 304[39m
[12:20:45] [32mINFO[39m: [36mGET /companies/b9e2b5c9-9f24-49ca-bf0e-be3a6832453d/projects 304[39m
[12:20:45] [32mINFO[39m: [36mGET /companies/b9e2b5c9-9f24-49ca-bf0e-be3a6832453d/issues?status=backlog%2Ctodo%2Cin_progress%2Cin_review%2Cblocked%2Cdone&touchedByUserId=me 304[39m
[12:20:45] [32mINFO[39m: [36mGET /companies/b9e2b5c9-9f24-49ca-bf0e-be3a6832453d/dashboard 304[39m
[12:20:48] [32mINFO[39m: [36mGET /ORR/inbox/recent 200[39m
[12:20:48] [32mINFO[39m: [36mGET /assets/index-BM5tPATl.css 200[39m
[12:20:48] [32mINFO[39m: [36mGET /assets/vendor-i18n-D7Z1H7Kb.js 200[39m
[12:20:48] [32mINFO[39m: [36mGET /assets/vendor-radix-Bv30JGBl.js 200[39m
[12:20:48] [32mINFO[39m: [36mGET /assets/vendor-tanstack-D-u36eqh.js 200[39m
[12:20:48] [32mINFO[39m: [36mGET /assets/vendor-dnd-D9flXMQ8.js 200[39m
[12:20:48] [32mINFO[39m: [36mGET /assets/vendor-react-CJhteRp4.js 200[39m
[12:20:48] [32mINFO[39m: [36mGET /assets/index-DfpcF3Cy.js 200[39m
[12:20:48] [32mINFO[39m: [36mGET /api/auth/get-session 200[39m
[12:20:48] [32mINFO[39m: [36mGET / 200[39m
[12:20:48] [32mINFO[39m: [36mGET /favicon.svg 200[39m
[12:20:48] [32mINFO[39m: [36mGET / 200[39m
[12:20:48] [32mINFO[39m: [36mGET /companies/b9e2b5c9-9f24-49ca-bf0e-be3a6832453d/approvals 304[39m
[12:20:48] [32mINFO[39m: [36mGET /plugins/ui-contributions 304[39m
[12:20:48] [32mINFO[39m: [36mGET /favicon.svg 304[39m
[12:20:48] [32mINFO[39m: [36mGET /companies/b9e2b5c9-9f24-49ca-bf0e-be3a6832453d/join-requests?status=pending_approval 304[39m
[12:20:48] [32mINFO[39m: [36mGET /companies/b9e2b5c9-9f24-49ca-bf0e-be3a6832453d/live-runs 304[39m
[12:20:48] [32mINFO[39m: [36mGET /companies/b9e2b5c9-9f24-49ca-bf0e-be3a6832453d/heartbeat-runs 304[39m
[12:20:48] [32mINFO[39m: [36mGET /companies/b9e2b5c9-9f24-49ca-bf0e-be3a6832453d/agents 304[39m
[12:20:48] [32mINFO[39m: [36mGET /companies/b9e2b5c9-9f24-49ca-bf0e-be3a6832453d/issues 304[39m
[12:20:48] [32mINFO[39m: [36mGET /companies/b9e2b5c9-9f24-49ca-bf0e-be3a6832453d/issues?status=backlog%2Ctodo%2Cin_progress%2Cin_review%2Cblocked%2Cdone&touchedByUserId=me 304[39m
[12:20:48] [32mINFO[39m: [36mGET /companies/b9e2b5c9-9f24-49ca-bf0e-be3a6832453d/projects 304[39m
[12:20:48] [32mINFO[39m: [36mGET /companies/b9e2b5c9-9f24-49ca-bf0e-be3a6832453d/dashboard 304[39m
[12:20:52] [32mINFO[39m: [36mGET /ORR/inbox/recent 200[39m
[12:20:52] [32mINFO[39m: [36mGET /assets/vendor-tanstack-D-u36eqh.js 304[39m
[12:20:52] [32mINFO[39m: [36mGET /assets/vendor-react-CJhteRp4.js 304[39m
[12:20:52] [32mINFO[39m: [36mGET /assets/vendor-i18n-D7Z1H7Kb.js 304[39m
[12:20:52] [32mINFO[39m: [36mGET /assets/index-BM5tPATl.css 304[39m
[12:20:52] [32mINFO[39m: [36mGET /assets/vendor-dnd-D9flXMQ8.js 304[39m
[12:20:52] [32mINFO[39m: [36mGET /assets/vendor-radix-Bv30JGBl.js 304[39m
[12:20:52] [32mINFO[39m: [36mGET /assets/index-DfpcF3Cy.js 304[39m
[12:20:52] [32mINFO[39m: [36mGET / 304[39m
[12:20:52] [32mINFO[39m: [36mGET /api/auth/get-session 304[39m
[12:20:52] [32mINFO[39m: [36mGET /favicon.svg 304[39m
[12:20:52] [32mINFO[39m: [36mGET / 304[39m
[12:20:53] [32mINFO[39m: [36mGET /plugins/ui-contributions 304[39m
[12:20:53] [32mINFO[39m: [36mGET /companies/b9e2b5c9-9f24-49ca-bf0e-be3a6832453d/approvals 304[39m
[12:20:53] [32mINFO[39m: [36mGET /favicon.svg 304[39m
[12:20:53] [32mINFO[39m: [36mGET /companies/b9e2b5c9-9f24-49ca-bf0e-be3a6832453d/join-requests?status=pending_approval 304[39m
[12:20:53] [32mINFO[39m: [36mGET /companies/b9e2b5c9-9f24-49ca-bf0e-be3a6832453d/live-runs 304[39m
[12:20:53] [32mINFO[39m: [36mGET /companies/b9e2b5c9-9f24-49ca-bf0e-be3a6832453d/agents 304[39m
[12:20:53] [32mINFO[39m: [36mGET /companies/b9e2b5c9-9f24-49ca-bf0e-be3a6832453d/projects 304[39m
[12:20:53] [32mINFO[39m: [36mGET /companies/b9e2b5c9-9f24-49ca-bf0e-be3a6832453d/heartbeat-runs 304[39m
[12:20:53] [32mINFO[39m: [36mGET /companies/b9e2b5c9-9f24-49ca-bf0e-be3a6832453d/issues 304[39m
[12:20:53] [32mINFO[39m: [36mGET /companies/b9e2b5c9-9f24-49ca-bf0e-be3a6832453d/issues?status=backlog%2Ctodo%2Cin_progress%2Cin_review%2Cblocked%2Cdone&touchedByUserId=me 304[39m
[12:20:53] [32mINFO[39m: [36mGET /companies/b9e2b5c9-9f24-49ca-bf0e-be3a6832453d/dashboard 304[39m
[12:20:54] [32mINFO[39m: [36mGET /sw.js 200[39m
[12:20:55] [32mINFO[39m: [36mGET /instance/settings/experimental 304[39m
[12:21:00] [32mINFO[39m: [36mGET /ORR/inbox 200[39m
[12:21:01] [32mINFO[39m: [36mGET /assets/vendor-i18n-D7Z1H7Kb.js 200[39m
[12:21:01] [32mINFO[39m: [36mGET /assets/vendor-radix-Bv30JGBl.js 200[39m
[12:21:01] [32mINFO[39m: [36mGET /assets/vendor-tanstack-D-u36eqh.js 200[39m
[12:21:01] [32mINFO[39m: [36mGET /assets/vendor-dnd-D9flXMQ8.js 200[39m
[12:21:01] [32mINFO[39m: [36mGET /assets/index-BM5tPATl.css 200[39m
[12:21:01] [32mINFO[39m: [36mGET /assets/vendor-react-CJhteRp4.js 200[39m
[12:21:01] [32mINFO[39m: [36mGET /assets/index-DfpcF3Cy.js 200[39m
[12:21:01] [32mINFO[39m: [36mGET /api/auth/get-session 200[39m
[12:21:01] [32mINFO[39m: [36mGET / 200[39m
[12:21:01] [32mINFO[39m: [36mGET /favicon.svg 200[39m
[12:21:01] [32mINFO[39m: [36mGET / 200[39m
[12:21:01] [32mINFO[39m: [36mGET /plugins/ui-contributions 304[39m
[12:21:01] [32mINFO[39m: [36mGET /companies/b9e2b5c9-9f24-49ca-bf0e-be3a6832453d/projects 304[39m
[12:21:01] [32mINFO[39m: [36mGET /companies/b9e2b5c9-9f24-49ca-bf0e-be3a6832453d/approvals 304[39m
[12:21:01] [32mINFO[39m: [36mGET /favicon.svg 304[39m
[12:21:01] [32mINFO[39m: [36mGET /companies/b9e2b5c9-9f24-49ca-bf0e-be3a6832453d/join-requests?status=pending_approval 304[39m
[12:21:01] [32mINFO[39m: [36mGET /companies/b9e2b5c9-9f24-49ca-bf0e-be3a6832453d/heartbeat-runs 304[39m
[12:21:01] [32mINFO[39m: [36mGET /companies/b9e2b5c9-9f24-49ca-bf0e-be3a6832453d/live-runs 304[39m
[12:21:01] [32mINFO[39m: [36mGET /companies/b9e2b5c9-9f24-49ca-bf0e-be3a6832453d/agents 304[39m
[12:21:01] [32mINFO[39m: [36mGET /companies/b9e2b5c9-9f24-49ca-bf0e-be3a6832453d/issues 304[39m
[12:21:01] [32mINFO[39m: [36mGET /companies/b9e2b5c9-9f24-49ca-bf0e-be3a6832453d/issues?status=backlog%2Ctodo%2Cin_progress%2Cin_review%2Cblocked%2Cdone&touchedByUserId=me 304[39m
[12:21:01] [32mINFO[39m: [36mGET /companies/b9e2b5c9-9f24-49ca-bf0e-be3a6832453d/dashboard 304[39m
[12:21:03] [32mINFO[39m: [36mGET /companies/b9e2b5c9-9f24-49ca-bf0e-be3a6832453d/openclaw/usage 304[39m
[12:21:03] [32mINFO[39m: [36mGET /companies/b9e2b5c9-9f24-49ca-bf0e-be3a6832453d/costs/by-project 304[39m
[12:21:05] [32mINFO[39m: [36mGET /openclaw/models 304[39m
[12:21:15] [32mINFO[39m: [36mGET /companies/b9e2b5c9-9f24-49ca-bf0e-be3a6832453d/live-runs 304[39m
[12:21:25] [32mINFO[39m: [36mGET /companies/b9e2b5c9-9f24-49ca-bf0e-be3a6832453d/live-runs 304[39m
[12:21:35] [32mINFO[39m: [36mGET /api/auth/get-session 304[39m
[12:21:35] [32mINFO[39m: [36mGET /companies/b9e2b5c9-9f24-49ca-bf0e-be3a6832453d/approvals 304[39m
[12:21:35] [32mINFO[39m: [36mGET / 304[39m
[12:21:35] [32mINFO[39m: [36mGET / 304[39m
[12:21:35] [32mINFO[39m: [36mGET /companies/b9e2b5c9-9f24-49ca-bf0e-be3a6832453d/join-requests?status=pending_approval 304[39m
[12:21:35] [32mINFO[39m: [36mGET /companies/b9e2b5c9-9f24-49ca-bf0e-be3a6832453d/issues?status=backlog%2Ctodo%2Cin_progress%2Cin_review%2Cblocked%2Cdone&touchedByUserId=me 304[39m
[12:21:35] [32mINFO[39m: [36mGET /companies/b9e2b5c9-9f24-49ca-bf0e-be3a6832453d/heartbeat-runs 304[39m
[12:21:35] [32mINFO[39m: [36mGET /plugins/ui-contributions 304[39m
[12:21:35] [32mINFO[39m: [36mGET /companies/b9e2b5c9-9f24-49ca-bf0e-be3a6832453d/live-runs 304[39m
[12:21:35] [32mINFO[39m: [36mGET /companies/b9e2b5c9-9f24-49ca-bf0e-be3a6832453d/projects 304[39m
[12:21:35] [32mINFO[39m: [36mGET /companies/b9e2b5c9-9f24-49ca-bf0e-be3a6832453d/agents 304[39m
[12:21:35] [32mINFO[39m: [36mGET /companies/b9e2b5c9-9f24-49ca-bf0e-be3a6832453d/activity 304[39m
[12:21:35] [32mINFO[39m: [36mGET /companies/b9e2b5c9-9f24-49ca-bf0e-be3a6832453d/issues 304[39m
[12:21:35] [32mINFO[39m: [36mGET /companies/b9e2b5c9-9f24-49ca-bf0e-be3a6832453d/dashboard 304[39m
[12:21:35] [32mINFO[39m: [36mGET /companies/b9e2b5c9-9f24-49ca-bf0e-be3a6832453d/live-runs?minCount=4 304[39m
[12:21:35] [32mINFO[39m: [36mGET /heartbeat-runs/58b045b9-682f-4fe1-adf7-1dcbd5ab2b65/log?offset=21758&limitBytes=256000 304[39m
[12:21:35] [32mINFO[39m: [36mGET /heartbeat-runs/cf32563d-2372-4a10-813c-ca65a320db03/log?offset=22887&limitBytes=256000 304[39m
[12:21:35] [32mINFO[39m: [36mGET /heartbeat-runs/f0bd646b-4bba-4cda-86c4-506d8a0ee9b6/log?offset=24082&limitBytes=256000 304[39m
[12:21:35] [32mINFO[39m: [36mGET /heartbeat-runs/032bb982-ef73-4656-aa77-36e0ba353a42/log?offset=24080&limitBytes=256000 304[39m
[12:21:35] [32mINFO[39m: [36mGET /companies/b9e2b5c9-9f24-49ca-bf0e-be3a6832453d/sidebar-badges 304[39m
[12:21:35] [32mINFO[39m: [36mGET /companies/b9e2b5c9-9f24-49ca-bf0e-be3a6832453d/live-runs 304[39m
[12:21:36] [32mINFO[39m: [36mGET /heartbeat-runs/032bb982-ef73-4656-aa77-36e0ba353a42/log?offset=24080&limitBytes=256000 304[39m
[12:21:36] [32mINFO[39m: [36mGET /heartbeat-runs/58b045b9-682f-4fe1-adf7-1dcbd5ab2b65/log?offset=21758&limitBytes=256000 304[39m
[12:21:36] [32mINFO[39m: [36mGET /heartbeat-runs/cf32563d-2372-4a10-813c-ca65a320db03/log?offset=22887&limitBytes=256000 304[39m
[12:21:36] [32mINFO[39m: [36mGET /heartbeat-runs/f0bd646b-4bba-4cda-86c4-506d8a0ee9b6/log?offset=24082&limitBytes=256000 304[39m
[12:21:37] [32mINFO[39m: [36mGET /ORR/dashboard 200[39m
[12:21:37] [32mINFO[39m: [36mGET /assets/vendor-tanstack-D-u36eqh.js 200[39m
[12:21:37] [32mINFO[39m: [36mGET /assets/vendor-i18n-D7Z1H7Kb.js 200[39m
[12:21:37] [32mINFO[39m: [36mGET /assets/vendor-radix-Bv30JGBl.js 200[39m
[12:21:37] [32mINFO[39m: [36mGET /assets/vendor-react-CJhteRp4.js 200[39m
[12:21:37] [32mINFO[39m: [36mGET /assets/index-BM5tPATl.css 200[39m
[12:21:37] [32mINFO[39m: [36mGET /assets/vendor-dnd-D9flXMQ8.js 200[39m
[12:21:37] [32mINFO[39m: [36mGET /assets/index-DfpcF3Cy.js 200[39m
[12:21:37] [32mINFO[39m: [36mGET /api/auth/get-session 304[39m
[12:21:37] [32mINFO[39m: [36mGET / 304[39m
[12:21:37] [32mINFO[39m: [36mGET / 304[39m
[12:21:37] [32mINFO[39m: [36mGET /favicon.svg 200[39m
[12:21:37] [32mINFO[39m: [36mGET /plugins/ui-contributions 304[39m
[12:21:37] [32mINFO[39m: [36mGET /companies/b9e2b5c9-9f24-49ca-bf0e-be3a6832453d/approvals 304[39m
[12:21:37] [32mINFO[39m: [36mGET /companies/b9e2b5c9-9f24-49ca-bf0e-be3a6832453d/join-requests?status=pending_approval 304[39m
[12:21:37] [32mINFO[39m: [36mGET /companies/b9e2b5c9-9f24-49ca-bf0e-be3a6832453d/projects 304[39m
[12:21:37] [32mINFO[39m: [36mGET /companies/b9e2b5c9-9f24-49ca-bf0e-be3a6832453d/issues?status=backlog%2Ctodo%2Cin_progress%2Cin_review%2Cblocked%2Cdone&touchedByUserId=me 304[39m
[12:21:37] [32mINFO[39m: [36mGET /companies/b9e2b5c9-9f24-49ca-bf0e-be3a6832453d/live-runs 304[39m
[12:21:37] [32mINFO[39m: [36mGET /companies/b9e2b5c9-9f24-49ca-bf0e-be3a6832453d/heartbeat-runs 304[39m
[12:21:37] [32mINFO[39m: [36mGET /companies/b9e2b5c9-9f24-49ca-bf0e-be3a6832453d/agents 304[39m
[12:21:37] [32mINFO[39m: [36mGET /companies/b9e2b5c9-9f24-49ca-bf0e-be3a6832453d/dashboard 304[39m
[12:21:37] [32mINFO[39m: [36mGET /companies/b9e2b5c9-9f24-49ca-bf0e-be3a6832453d/activity 304[39m
[12:21:37] [32mINFO[39m: [36mGET /favicon.svg 304[39m
[12:21:37] [32mINFO[39m: [36mGET /companies/b9e2b5c9-9f24-49ca-bf0e-be3a6832453d/issues 304[39m
[12:21:37] [32mINFO[39m: [36mGET /companies/b9e2b5c9-9f24-49ca-bf0e-be3a6832453d/live-runs?minCount=4 304[39m
[12:21:37] [32mINFO[39m: [36mGET /heartbeat-runs/cf32563d-2372-4a10-813c-ca65a320db03/log?offset=0&limitBytes=256000 304[39m
[12:21:37] [32mINFO[39m: [36mGET /heartbeat-runs/032bb982-ef73-4656-aa77-36e0ba353a42/log?offset=0&limitBytes=256000 304[39m
[12:21:37] [32mINFO[39m: [36mGET /heartbeat-runs/58b045b9-682f-4fe1-adf7-1dcbd5ab2b65/log?offset=0&limitBytes=256000 304[39m
[12:21:37] [32mINFO[39m: [36mGET /heartbeat-runs/f0bd646b-4bba-4cda-86c4-506d8a0ee9b6/log?offset=0&limitBytes=256000 304[39m
[12:21:39] [32mINFO[39m: [36mGET /sw.js 200[39m
[12:21:39] [32mINFO[39m: [36mGET /heartbeat-runs/58b045b9-682f-4fe1-adf7-1dcbd5ab2b65/log?offset=21758&limitBytes=256000 304[39m
[12:21:39] [32mINFO[39m: [36mGET /heartbeat-runs/f0bd646b-4bba-4cda-86c4-506d8a0ee9b6/log?offset=24082&limitBytes=256000 304[39m
[12:21:39] [32mINFO[39m: [36mGET /heartbeat-runs/032bb982-ef73-4656-aa77-36e0ba353a42/log?offset=24080&limitBytes=256000 304[39m
[12:21:39] [32mINFO[39m: [36mGET /heartbeat-runs/cf32563d-2372-4a10-813c-ca65a320db03/log?offset=22887&limitBytes=256000 304[39m
[12:21:45] [32mINFO[39m: [36mGET /companies/b9e2b5c9-9f24-49ca-bf0e-be3a6832453d/live-runs 304[39m
[12:21:56] [32mINFO[39m: [36mGET /companies/b9e2b5c9-9f24-49ca-bf0e-be3a6832453d/live-runs 304[39m
[12:22:06] [32mINFO[39m: [36mGET /companies/b9e2b5c9-9f24-49ca-bf0e-be3a6832453d/live-runs 304[39m
[12:22:16] [32mINFO[39m: [36mGET /companies/b9e2b5c9-9f24-49ca-bf0e-be3a6832453d/live-runs 304[39m
[12:22:26] [32mINFO[39m: [36mGET /companies/b9e2b5c9-9f24-49ca-bf0e-be3a6832453d/live-runs 304[39m
[12:22:36] [32mINFO[39m: [36mGET /companies/b9e2b5c9-9f24-49ca-bf0e-be3a6832453d/live-runs 304[39m
[12:22:46] [32mINFO[39m: [36mGET /companies/b9e2b5c9-9f24-49ca-bf0e-be3a6832453d/live-runs 304[39m
[12:22:56] [32mINFO[39m: [36mGET /companies/b9e2b5c9-9f24-49ca-bf0e-be3a6832453d/live-runs 304[39m
[12:23:06] [32mINFO[39m: [36mGET /companies/b9e2b5c9-9f24-49ca-bf0e-be3a6832453d/live-runs 304[39m
[12:23:16] [32mINFO[39m: [36mGET /companies/b9e2b5c9-9f24-49ca-bf0e-be3a6832453d/live-runs 304[39m
[12:23:26] [32mINFO[39m: [36mGET /companies/b9e2b5c9-9f24-49ca-bf0e-be3a6832453d/live-runs 304[39m
[12:23:36] [32mINFO[39m: [36mGET /companies/b9e2b5c9-9f24-49ca-bf0e-be3a6832453d/live-runs 304[39m
[12:23:46] [32mINFO[39m: [36mGET /companies/b9e2b5c9-9f24-49ca-bf0e-be3a6832453d/live-runs 304[39m
[12:23:56] [32mINFO[39m: [36mGET /companies/b9e2b5c9-9f24-49ca-bf0e-be3a6832453d/live-runs 304[39m
[12:24:06] [32mINFO[39m: [36mGET /companies/b9e2b5c9-9f24-49ca-bf0e-be3a6832453d/live-runs 304[39m
[12:24:16] [32mINFO[39m: [36mGET /companies/b9e2b5c9-9f24-49ca-bf0e-be3a6832453d/live-runs 304[39m
[12:24:26] [32mINFO[39m: [36mGET /companies/b9e2b5c9-9f24-49ca-bf0e-be3a6832453d/live-runs 304[39m
[12:24:36] [32mINFO[39m: [36mGET /companies/b9e2b5c9-9f24-49ca-bf0e-be3a6832453d/live-runs 304[39m
[12:24:46] [32mINFO[39m: [36mGET /companies/b9e2b5c9-9f24-49ca-bf0e-be3a6832453d/live-runs 304[39m
[12:24:57] [32mINFO[39m: [36mGET /companies/b9e2b5c9-9f24-49ca-bf0e-be3a6832453d/live-runs 304[39m
[12:25:07] [32mINFO[39m: [36mGET /companies/b9e2b5c9-9f24-49ca-bf0e-be3a6832453d/live-runs 304[39m
[12:25:17] [32mINFO[39m: [36mGET /companies/b9e2b5c9-9f24-49ca-bf0e-be3a6832453d/live-runs 304[39m
[12:25:27] [32mINFO[39m: [36mGET /companies/b9e2b5c9-9f24-49ca-bf0e-be3a6832453d/live-runs 304[39m
[12:25:37] [32mINFO[39m: [36mGET /companies/b9e2b5c9-9f24-49ca-bf0e-be3a6832453d/live-runs 304[39m
[12:25:47] [32mINFO[39m: [36mGET /companies/b9e2b5c9-9f24-49ca-bf0e-be3a6832453d/live-runs 304[39m
[12:25:57] [32mINFO[39m: [36mGET /companies/b9e2b5c9-9f24-49ca-bf0e-be3a6832453d/live-runs 304[39m
[12:26:07] [32mINFO[39m: [36mGET /companies/b9e2b5c9-9f24-49ca-bf0e-be3a6832453d/live-runs 304[39m
[12:26:17] [32mINFO[39m: [36mGET /companies/b9e2b5c9-9f24-49ca-bf0e-be3a6832453d/live-runs 304[39m
[12:26:27] [32mINFO[39m: [36mGET /companies/b9e2b5c9-9f24-49ca-bf0e-be3a6832453d/live-runs 304[39m
[12:26:37] [32mINFO[39m: [36mGET /companies/b9e2b5c9-9f24-49ca-bf0e-be3a6832453d/live-runs 304[39m
[12:26:47] [32mINFO[39m: [36mGET /companies/b9e2b5c9-9f24-49ca-bf0e-be3a6832453d/live-runs 304[39m
[12:26:57] [32mINFO[39m: [36mGET /companies/b9e2b5c9-9f24-49ca-bf0e-be3a6832453d/live-runs 304[39m
[12:27:07] [32mINFO[39m: [36mGET /companies/b9e2b5c9-9f24-49ca-bf0e-be3a6832453d/live-runs 304[39m
[12:27:17] [32mINFO[39m: [36mGET /companies/b9e2b5c9-9f24-49ca-bf0e-be3a6832453d/live-runs 304[39m
[12:27:27] [32mINFO[39m: [36mGET /companies/b9e2b5c9-9f24-49ca-bf0e-be3a6832453d/live-runs 304[39m
[12:27:37] [32mINFO[39m: [36mGET /companies/b9e2b5c9-9f24-49ca-bf0e-be3a6832453d/live-runs 304[39m
[12:27:47] [32mINFO[39m: [36mGET /companies/b9e2b5c9-9f24-49ca-bf0e-be3a6832453d/live-runs 304[39m
[12:27:57] [32mINFO[39m: [36mGET /companies/b9e2b5c9-9f24-49ca-bf0e-be3a6832453d/live-runs 304[39m
[12:28:07] [32mINFO[39m: [36mGET /companies/b9e2b5c9-9f24-49ca-bf0e-be3a6832453d/live-runs 304[39m
[12:28:17] [32mINFO[39m: [36mGET /companies/b9e2b5c9-9f24-49ca-bf0e-be3a6832453d/live-runs 304[39m
[12:28:28] [32mINFO[39m: [36mGET /companies/b9e2b5c9-9f24-49ca-bf0e-be3a6832453d/live-runs 304[39m
[12:28:38] [32mINFO[39m: [36mGET /companies/b9e2b5c9-9f24-49ca-bf0e-be3a6832453d/live-runs 304[39m
[12:28:48] [32mINFO[39m: [36mGET /companies/b9e2b5c9-9f24-49ca-bf0e-be3a6832453d/live-runs 304[39m
[12:28:58] [32mINFO[39m: [36mGET /companies/b9e2b5c9-9f24-49ca-bf0e-be3a6832453d/live-runs 304[39m
[12:29:08] [32mINFO[39m: [36mGET /companies/b9e2b5c9-9f24-49ca-bf0e-be3a6832453d/live-runs 304[39m
[12:29:18] [32mINFO[39m: [36mGET /companies/b9e2b5c9-9f24-49ca-bf0e-be3a6832453d/live-runs 304[39m
[12:29:28] [32mINFO[39m: [36mGET /companies/b9e2b5c9-9f24-49ca-bf0e-be3a6832453d/live-runs 304[39m
[12:29:38] [32mINFO[39m: [36mGET /companies/b9e2b5c9-9f24-49ca-bf0e-be3a6832453d/live-runs 304[39m
[12:29:48] [32mINFO[39m: [36mGET /companies/b9e2b5c9-9f24-49ca-bf0e-be3a6832453d/live-runs 304[39m
[12:29:52] [32mINFO[39m: [36mheartbeat timer tick enqueued runs[39m [90m{"checked":1,"enqueued":1,"skipped":0}[39m
[12:29:52] [31mERROR[39m: [36mheartbeat execution failed[39m [90m{"runId":"1dab9b6e-febd-42be-b8f5-aaf8e4ba31ce"}[39m
    err: {
      "type": "Error",
      "message": "Command not found in PATH: \"claude\"",
      "stack":
          Error: Command not found in PATH: "claude"
              at ensureCommandResolvable (/Users/james/Dev/theagent-company/packages/adapter-utils/src/server-utils.ts:412:9)
              at async buildClaudeRuntimeConfig (/Users/james/Dev/theagent-company/packages/adapters/claude-local/src/server/execute.ts:245:3)
              at async Object.execute (/Users/james/Dev/theagent-company/packages/adapters/claude-local/src/server/execute.ts:325:25)
              at async executeRun (/Users/james/Dev/theagent-company/server/src/services/heartbeat.ts:2147:29)
    }
[12:29:52] [32mINFO[39m: [36mGET /companies/b9e2b5c9-9f24-49ca-bf0e-be3a6832453d/live-runs 304[39m
[12:29:52] [32mINFO[39m: [36mGET /companies/b9e2b5c9-9f24-49ca-bf0e-be3a6832453d/heartbeat-runs 200[39m
[12:29:52] [32mINFO[39m: [36mGET /companies/b9e2b5c9-9f24-49ca-bf0e-be3a6832453d/dashboard 304[39m
[12:29:52] [32mINFO[39m: [36mGET /companies/b9e2b5c9-9f24-49ca-bf0e-be3a6832453d/live-runs 304[39m
[12:29:52] [32mINFO[39m: [36mGET /companies/b9e2b5c9-9f24-49ca-bf0e-be3a6832453d/heartbeat-runs 304[39m
[12:29:52] [32mINFO[39m: [36mGET /companies/b9e2b5c9-9f24-49ca-bf0e-be3a6832453d/live-runs 304[39m
[12:29:52] [32mINFO[39m: [36mGET /companies/b9e2b5c9-9f24-49ca-bf0e-be3a6832453d/heartbeat-runs 304[39m
[12:29:52] [32mINFO[39m: [36mGET /companies/b9e2b5c9-9f24-49ca-bf0e-be3a6832453d/dashboard 304[39m
[12:29:52] [32mINFO[39m: [36mGET /companies/b9e2b5c9-9f24-49ca-bf0e-be3a6832453d/dashboard 304[39m
[12:29:52] [32mINFO[39m: [36mGET /companies/b9e2b5c9-9f24-49ca-bf0e-be3a6832453d/dashboard 304[39m
[12:29:52] [32mINFO[39m: [36mGET /companies/b9e2b5c9-9f24-49ca-bf0e-be3a6832453d/dashboard 304[39m
[12:30:02] [32mINFO[39m: [36mGET /companies/b9e2b5c9-9f24-49ca-bf0e-be3a6832453d/live-runs 304[39m
[12:30:12] [32mINFO[39m: [36mGET /companies/b9e2b5c9-9f24-49ca-bf0e-be3a6832453d/live-runs 304[39m
[12:30:22] [32mINFO[39m: [36mGET /companies/b9e2b5c9-9f24-49ca-bf0e-be3a6832453d/live-runs 304[39m
[12:30:32] [32mINFO[39m: [36mGET /companies/b9e2b5c9-9f24-49ca-bf0e-be3a6832453d/live-runs 304[39m
[12:30:42] [32mINFO[39m: [36mGET /companies/b9e2b5c9-9f24-49ca-bf0e-be3a6832453d/live-runs 304[39m
[12:30:52] [32mINFO[39m: [36mGET /companies/b9e2b5c9-9f24-49ca-bf0e-be3a6832453d/live-runs 304[39m
[12:30:57] [32mINFO[39m: [36mGET /ORR/settings/models 200[39m
[12:30:58] [32mINFO[39m: [36mGET /assets/vendor-radix-Bv30JGBl.js 200[39m
[12:30:58] [32mINFO[39m: [36mGET /assets/vendor-i18n-D7Z1H7Kb.js 200[39m
[12:30:58] [32mINFO[39m: [36mGET /assets/vendor-tanstack-D-u36eqh.js 200[39m
[12:30:58] [32mINFO[39m: [36mGET /assets/index-BM5tPATl.css 200[39m
[12:30:58] [32mINFO[39m: [36mGET /assets/vendor-dnd-D9flXMQ8.js 200[39m
[12:30:58] [32mINFO[39m: [36mGET /assets/vendor-react-CJhteRp4.js 200[39m
[12:30:58] [32mINFO[39m: [36mGET /assets/index-DfpcF3Cy.js 200[39m
[12:30:58] [32mINFO[39m: [36mGET /api/auth/get-session 200[39m
[12:30:58] [32mINFO[39m: [36mGET / 200[39m
[12:30:58] [32mINFO[39m: [36mGET /favicon.svg 200[39m
[12:30:58] [32mINFO[39m: [36mGET / 200[39m
[12:30:58] [32mINFO[39m: [36mGET /companies/b9e2b5c9-9f24-49ca-bf0e-be3a6832453d/approvals 304[39m
[12:30:58] [32mINFO[39m: [36mGET /openclaw/models 304[39m
[12:30:58] [32mINFO[39m: [36mGET /favicon.svg 304[39m
[12:30:58] [32mINFO[39m: [36mGET /plugins/ui-contributions 304[39m
[12:30:58] [32mINFO[39m: [36mGET /companies/b9e2b5c9-9f24-49ca-bf0e-be3a6832453d/live-runs 304[39m
[12:30:58] [32mINFO[39m: [36mGET /companies/b9e2b5c9-9f24-49ca-bf0e-be3a6832453d/heartbeat-runs 304[39m
[12:30:58] [32mINFO[39m: [36mGET /companies/b9e2b5c9-9f24-49ca-bf0e-be3a6832453d/projects 304[39m
[12:30:58] [32mINFO[39m: [36mGET /companies/b9e2b5c9-9f24-49ca-bf0e-be3a6832453d/join-requests?status=pending_approval 304[39m
[12:30:58] [32mINFO[39m: [36mGET /companies/b9e2b5c9-9f24-49ca-bf0e-be3a6832453d/issues?status=backlog%2Ctodo%2Cin_progress%2Cin_review%2Cblocked%2Cdone&touchedByUserId=me 304[39m
[12:30:58] [32mINFO[39m: [36mGET /companies/b9e2b5c9-9f24-49ca-bf0e-be3a6832453d/dashboard 304[39m
[12:31:08] [32mINFO[39m: [36mGET /companies/b9e2b5c9-9f24-49ca-bf0e-be3a6832453d/live-runs 304[39m
[12:31:18] [32mINFO[39m: [36mGET /companies/b9e2b5c9-9f24-49ca-bf0e-be3a6832453d/live-runs 304[39m
[12:31:28] [32mINFO[39m: [36mGET /companies/b9e2b5c9-9f24-49ca-bf0e-be3a6832453d/live-runs 304[39m
[12:31:38] [32mINFO[39m: [36mGET /companies/b9e2b5c9-9f24-49ca-bf0e-be3a6832453d/live-runs 304[39m
[12:31:48] [32mINFO[39m: [36mGET /companies/b9e2b5c9-9f24-49ca-bf0e-be3a6832453d/live-runs 304[39m
[12:31:58] [32mINFO[39m: [36mGET /companies/b9e2b5c9-9f24-49ca-bf0e-be3a6832453d/live-runs 304[39m
[12:32:08] [32mINFO[39m: [36mGET /companies/b9e2b5c9-9f24-49ca-bf0e-be3a6832453d/live-runs 304[39m
[12:32:18] [32mINFO[39m: [36mGET /companies/b9e2b5c9-9f24-49ca-bf0e-be3a6832453d/live-runs 304[39m
[12:32:28] [32mINFO[39m: [36mGET /companies/b9e2b5c9-9f24-49ca-bf0e-be3a6832453d/live-runs 304[39m
[12:32:38] [32mINFO[39m: [36mGET /companies/b9e2b5c9-9f24-49ca-bf0e-be3a6832453d/live-runs 304[39m
[12:32:48] [32mINFO[39m: [36mGET /companies/b9e2b5c9-9f24-49ca-bf0e-be3a6832453d/live-runs 304[39m
[12:32:59] [32mINFO[39m: [36mGET /companies/b9e2b5c9-9f24-49ca-bf0e-be3a6832453d/live-runs 304[39m
[12:33:09] [32mINFO[39m: [36mGET /companies/b9e2b5c9-9f24-49ca-bf0e-be3a6832453d/live-runs 304[39m
[12:33:19] [32mINFO[39m: [36mGET /companies/b9e2b5c9-9f24-49ca-bf0e-be3a6832453d/live-runs 304[39m
[12:33:29] [32mINFO[39m: [36mGET /companies/b9e2b5c9-9f24-49ca-bf0e-be3a6832453d/live-runs 304[39m
[12:33:33] [32mINFO[39m: [36mGET /companies/b9e2b5c9-9f24-49ca-bf0e-be3a6832453d/approvals 304[39m
[12:33:33] [32mINFO[39m: [36mGET /companies/b9e2b5c9-9f24-49ca-bf0e-be3a6832453d/join-requests?status=pending_approval 304[39m
[12:33:33] [32mINFO[39m: [36mGET /companies/b9e2b5c9-9f24-49ca-bf0e-be3a6832453d/heartbeat-runs 304[39m
[12:33:33] [32mINFO[39m: [36mGET /plugins/ui-contributions 304[39m
[12:33:33] [32mINFO[39m: [36mGET /companies/b9e2b5c9-9f24-49ca-bf0e-be3a6832453d/agents 200[39m
[12:33:33] [32mINFO[39m: [36mGET /companies/b9e2b5c9-9f24-49ca-bf0e-be3a6832453d/issues 304[39m
[12:33:33] [32mINFO[39m: [36mGET /companies/b9e2b5c9-9f24-49ca-bf0e-be3a6832453d/issues?status=backlog%2Ctodo%2Cin_progress%2Cin_review%2Cblocked%2Cdone&touchedByUserId=me 304[39m
[12:33:33] [32mINFO[39m: [36mGET /companies/b9e2b5c9-9f24-49ca-bf0e-be3a6832453d/dashboard 304[39m
[12:33:35] [32mINFO[39m: [36mPOST /agents/5d9dfff8-7844-4dd6-a646-1475884e2ea2/wakeup 202[39m
[12:33:35] [31mERROR[39m: [36mheartbeat execution failed[39m [90m{"runId":"e6854426-576e-469e-a27e-00b14c35b2f6"}[39m
    err: {
      "type": "Error",
      "message": "Command not found in PATH: \"claude\"",
      "stack":
          Error: Command not found in PATH: "claude"
              at ensureCommandResolvable (/Users/james/Dev/theagent-company/packages/adapter-utils/src/server-utils.ts:412:9)
              at async buildClaudeRuntimeConfig (/Users/james/Dev/theagent-company/packages/adapters/claude-local/src/server/execute.ts:245:3)
              at async Object.execute (/Users/james/Dev/theagent-company/packages/adapters/claude-local/src/server/execute.ts:325:25)
              at async executeRun (/Users/james/Dev/theagent-company/server/src/services/heartbeat.ts:2147:29)
    }
[12:33:35] [32mINFO[39m: [36mGET /companies/b9e2b5c9-9f24-49ca-bf0e-be3a6832453d/live-runs 304[39m
[12:33:35] [32mINFO[39m: [36mGET /companies/b9e2b5c9-9f24-49ca-bf0e-be3a6832453d/agents 200[39m
[12:33:35] [32mINFO[39m: [36mGET /companies/b9e2b5c9-9f24-49ca-bf0e-be3a6832453d/heartbeat-runs 200[39m
[12:33:35] [32mINFO[39m: [36mGET /companies/b9e2b5c9-9f24-49ca-bf0e-be3a6832453d/dashboard 200[39m
[12:33:35] [32mINFO[39m: [36mGET /companies/b9e2b5c9-9f24-49ca-bf0e-be3a6832453d/live-runs 304[39m
[12:33:35] [32mINFO[39m: [36mGET /companies/b9e2b5c9-9f24-49ca-bf0e-be3a6832453d/agents 200[39m
[12:33:35] [32mINFO[39m: [36mGET /companies/b9e2b5c9-9f24-49ca-bf0e-be3a6832453d/heartbeat-runs 304[39m
[12:33:35] [32mINFO[39m: [36mGET /companies/b9e2b5c9-9f24-49ca-bf0e-be3a6832453d/budgets/overview 304[39m
[12:33:35] [32mINFO[39m: [36mGET /agents/5d9dfff8-7844-4dd6-a646-1475884e2ea2?companyId=b9e2b5c9-9f24-49ca-bf0e-be3a6832453d 200[39m
[12:33:35] [32mINFO[39m: [36mGET /companies/b9e2b5c9-9f24-49ca-bf0e-be3a6832453d/live-runs 304[39m
[12:33:35] [32mINFO[39m: [36mGET /companies/b9e2b5c9-9f24-49ca-bf0e-be3a6832453d/agents 304[39m
[12:33:35] [32mINFO[39m: [36mGET /companies/b9e2b5c9-9f24-49ca-bf0e-be3a6832453d/heartbeat-runs 304[39m
[12:33:35] [32mINFO[39m: [36mGET /companies/b9e2b5c9-9f24-49ca-bf0e-be3a6832453d/dashboard 200[39m
[12:33:35] [32mINFO[39m: [36mGET /companies/b9e2b5c9-9f24-49ca-bf0e-be3a6832453d/agents 304[39m
[12:33:35] [32mINFO[39m: [36mGET /companies/b9e2b5c9-9f24-49ca-bf0e-be3a6832453d/heartbeat-runs 304[39m
[12:33:35] [32mINFO[39m: [36mGET /companies/b9e2b5c9-9f24-49ca-bf0e-be3a6832453d/heartbeat-runs?agentId=5d9dfff8-7844-4dd6-a646-1475884e2ea2 200[39m
[12:33:35] [32mINFO[39m: [36mGET /companies/b9e2b5c9-9f24-49ca-bf0e-be3a6832453d/agents 304[39m
[12:33:35] [32mINFO[39m: [36mGET /companies/b9e2b5c9-9f24-49ca-bf0e-be3a6832453d/dashboard 304[39m
[12:33:35] [32mINFO[39m: [36mGET /agents/5d9dfff8-7844-4dd6-a646-1475884e2ea2/runtime-state?companyId=b9e2b5c9-9f24-49ca-bf0e-be3a6832453d 200[39m
[12:33:35] [32mINFO[39m: [36mGET /agents/ceo?companyId=b9e2b5c9-9f24-49ca-bf0e-be3a6832453d 200[39m
[12:33:35] [32mINFO[39m: [36mGET /companies/b9e2b5c9-9f24-49ca-bf0e-be3a6832453d/dashboard 304[39m
[12:33:35] [32mINFO[39m: [36mGET /heartbeat-runs/e6854426-576e-469e-a27e-00b14c35b2f6/log?offset=0&limitBytes=256000 200[39m
[12:33:35] [32mINFO[39m: [36mGET /heartbeat-runs/e6854426-576e-469e-a27e-00b14c35b2f6/events?afterSeq=0&limit=200 200[39m
[12:33:35] [32mINFO[39m: [36mGET /heartbeat-runs/e6854426-576e-469e-a27e-00b14c35b2f6/workspace-operations 200[39m
[12:33:35] [32mINFO[39m: [36mGET /companies/b9e2b5c9-9f24-49ca-bf0e-be3a6832453d/dashboard 304[39m
[12:33:35] [32mINFO[39m: [36mGET /heartbeat-runs/e6854426-576e-469e-a27e-00b14c35b2f6 200[39m
[12:33:35] [32mINFO[39m: [36mGET /heartbeat-runs/e6854426-576e-469e-a27e-00b14c35b2f6/issues 200[39m
[12:33:35] [32mINFO[39m: [36mGET /companies/b9e2b5c9-9f24-49ca-bf0e-be3a6832453d/dashboard 304[39m
[12:33:45] [32mINFO[39m: [36mGET /companies/b9e2b5c9-9f24-49ca-bf0e-be3a6832453d/live-runs 304[39m
[12:33:55] [32mINFO[39m: [36mGET /companies/b9e2b5c9-9f24-49ca-bf0e-be3a6832453d/live-runs 304[39m
[12:33:57] [32mINFO[39m: [36mGET /ORR/agents/ceo/runs/e6854426-576e-469e-a27e-00b14c35b2f6 200[39m
[12:33:57] [32mINFO[39m: [36mGET /assets/vendor-radix-Bv30JGBl.js 200[39m
[12:33:57] [32mINFO[39m: [36mGET /assets/vendor-tanstack-D-u36eqh.js 200[39m
[12:33:57] [32mINFO[39m: [36mGET /assets/index-BM5tPATl.css 200[39m
[12:33:57] [32mINFO[39m: [36mGET /assets/vendor-i18n-D7Z1H7Kb.js 200[39m
[12:33:57] [32mINFO[39m: [36mGET /assets/vendor-dnd-D9flXMQ8.js 200[39m
[12:33:57] [32mINFO[39m: [36mGET /assets/vendor-react-CJhteRp4.js 200[39m
[12:33:57] [32mINFO[39m: [36mGET /assets/index-DfpcF3Cy.js 200[39m
[12:33:57] [32mINFO[39m: [36mGET /api/auth/get-session 200[39m
[12:33:57] [32mINFO[39m: [36mGET / 200[39m
[12:33:57] [32mINFO[39m: [36mGET /favicon.svg 200[39m
[12:33:57] [32mINFO[39m: [36mGET / 200[39m
[12:33:57] [32mINFO[39m: [36mGET /plugins/ui-contributions 304[39m
[12:33:57] [32mINFO[39m: [36mGET /companies/b9e2b5c9-9f24-49ca-bf0e-be3a6832453d/approvals 304[39m
[12:33:57] [32mINFO[39m: [36mGET /companies/b9e2b5c9-9f24-49ca-bf0e-be3a6832453d/join-requests?status=pending_approval 304[39m
[12:33:57] [32mINFO[39m: [36mGET /companies/b9e2b5c9-9f24-49ca-bf0e-be3a6832453d/heartbeat-runs 304[39m
[12:33:57] [32mINFO[39m: [36mGET /favicon.svg 304[39m
[12:33:57] [32mINFO[39m: [36mGET /companies/b9e2b5c9-9f24-49ca-bf0e-be3a6832453d/projects 304[39m
[12:33:57] [32mINFO[39m: [36mGET /companies/b9e2b5c9-9f24-49ca-bf0e-be3a6832453d/live-runs 304[39m
[12:33:57] [32mINFO[39m: [36mGET /companies/b9e2b5c9-9f24-49ca-bf0e-be3a6832453d/issues 304[39m
[12:33:57] [32mINFO[39m: [36mGET /companies/b9e2b5c9-9f24-49ca-bf0e-be3a6832453d/issues?status=backlog%2Ctodo%2Cin_progress%2Cin_review%2Cblocked%2Cdone&touchedByUserId=me 304[39m
[12:33:57] [32mINFO[39m: [36mGET /companies/b9e2b5c9-9f24-49ca-bf0e-be3a6832453d/budgets/overview 304[39m
[12:33:57] [32mINFO[39m: [36mGET /companies/b9e2b5c9-9f24-49ca-bf0e-be3a6832453d/agents 304[39m
[12:33:57] [32mINFO[39m: [36mGET /agents/ceo?companyId=b9e2b5c9-9f24-49ca-bf0e-be3a6832453d 304[39m
[12:33:57] [32mINFO[39m: [36mGET /companies/b9e2b5c9-9f24-49ca-bf0e-be3a6832453d/dashboard 304[39m
[12:33:57] [32mINFO[39m: [36mGET /agents/5d9dfff8-7844-4dd6-a646-1475884e2ea2/runtime-state?companyId=b9e2b5c9-9f24-49ca-bf0e-be3a6832453d 304[39m
[12:33:57] [32mINFO[39m: [36mGET /companies/b9e2b5c9-9f24-49ca-bf0e-be3a6832453d/heartbeat-runs?agentId=5d9dfff8-7844-4dd6-a646-1475884e2ea2 304[39m
[12:33:57] [32mINFO[39m: [36mGET /heartbeat-runs/e6854426-576e-469e-a27e-00b14c35b2f6/workspace-operations 304[39m
[12:33:57] [32mINFO[39m: [36mGET /heartbeat-runs/e6854426-576e-469e-a27e-00b14c35b2f6/events?afterSeq=0&limit=200 304[39m
[12:33:57] [32mINFO[39m: [36mGET /heartbeat-runs/e6854426-576e-469e-a27e-00b14c35b2f6/log?offset=0&limitBytes=256000 304[39m
[12:33:57] [32mINFO[39m: [36mGET /heartbeat-runs/e6854426-576e-469e-a27e-00b14c35b2f6 304[39m
[12:33:57] [32mINFO[39m: [36mGET /heartbeat-runs/e6854426-576e-469e-a27e-00b14c35b2f6/issues 304[39m
[12:33:59] [32mINFO[39m: [36mGET /ORR/agents/ceo/runs/e6854426-576e-469e-a27e-00b14c35b2f6 200[39m
[12:33:59] [32mINFO[39m: [36mGET /assets/vendor-tanstack-D-u36eqh.js 200[39m
[12:33:59] [32mINFO[39m: [36mGET /assets/vendor-i18n-D7Z1H7Kb.js 200[39m
[12:33:59] [32mINFO[39m: [36mGET /assets/vendor-radix-Bv30JGBl.js 200[39m
[12:33:59] [32mINFO[39m: [36mGET /assets/vendor-dnd-D9flXMQ8.js 200[39m
[12:33:59] [32mINFO[39m: [36mGET /assets/vendor-react-CJhteRp4.js 200[39m
[12:33:59] [32mINFO[39m: [36mGET /assets/index-BM5tPATl.css 200[39m
[12:33:59] [32mINFO[39m: [36mGET /assets/index-DfpcF3Cy.js 200[39m
[12:33:59] [32mINFO[39m: [36mGET / 200[39m
[12:33:59] [32mINFO[39m: [36mGET /api/auth/get-session 200[39m
[12:33:59] [32mINFO[39m: [36mGET /favicon.svg 200[39m
[12:33:59] [32mINFO[39m: [36mGET / 200[39m
[12:33:59] [32mINFO[39m: [36mGET /plugins/ui-contributions 304[39m
[12:33:59] [32mINFO[39m: [36mGET /companies/b9e2b5c9-9f24-49ca-bf0e-be3a6832453d/approvals 304[39m
[12:33:59] [32mINFO[39m: [36mGET /companies/b9e2b5c9-9f24-49ca-bf0e-be3a6832453d/join-requests?status=pending_approval 304[39m
[12:33:59] [32mINFO[39m: [36mGET /companies/b9e2b5c9-9f24-49ca-bf0e-be3a6832453d/heartbeat-runs 304[39m
[12:33:59] [32mINFO[39m: [36mGET /companies/b9e2b5c9-9f24-49ca-bf0e-be3a6832453d/live-runs 304[39m
[12:33:59] [32mINFO[39m: [36mGET /companies/b9e2b5c9-9f24-49ca-bf0e-be3a6832453d/projects 304[39m
[12:33:59] [32mINFO[39m: [36mGET /favicon.svg 304[39m
[12:33:59] [32mINFO[39m: [36mGET /companies/b9e2b5c9-9f24-49ca-bf0e-be3a6832453d/issues 304[39m
[12:33:59] [32mINFO[39m: [36mGET /companies/b9e2b5c9-9f24-49ca-bf0e-be3a6832453d/agents 304[39m
[12:33:59] [32mINFO[39m: [36mGET /companies/b9e2b5c9-9f24-49ca-bf0e-be3a6832453d/budgets/overview 304[39m
[12:33:59] [32mINFO[39m: [36mGET /companies/b9e2b5c9-9f24-49ca-bf0e-be3a6832453d/issues?status=backlog%2Ctodo%2Cin_progress%2Cin_review%2Cblocked%2Cdone&touchedByUserId=me 304[39m
[12:33:59] [32mINFO[39m: [36mGET /agents/ceo?companyId=b9e2b5c9-9f24-49ca-bf0e-be3a6832453d 304[39m
[12:33:59] [32mINFO[39m: [36mGET /companies/b9e2b5c9-9f24-49ca-bf0e-be3a6832453d/dashboard 304[39m
[12:33:59] [32mINFO[39m: [36mGET /agents/5d9dfff8-7844-4dd6-a646-1475884e2ea2/runtime-state?companyId=b9e2b5c9-9f24-49ca-bf0e-be3a6832453d 304[39m
[12:33:59] [32mINFO[39m: [36mGET /companies/b9e2b5c9-9f24-49ca-bf0e-be3a6832453d/heartbeat-runs?agentId=5d9dfff8-7844-4dd6-a646-1475884e2ea2 304[39m
[12:33:59] [32mINFO[39m: [36mGET /heartbeat-runs/e6854426-576e-469e-a27e-00b14c35b2f6/events?afterSeq=0&limit=200 304[39m
[12:33:59] [32mINFO[39m: [36mGET /heartbeat-runs/e6854426-576e-469e-a27e-00b14c35b2f6/workspace-operations 304[39m
[12:33:59] [32mINFO[39m: [36mGET /heartbeat-runs/e6854426-576e-469e-a27e-00b14c35b2f6/log?offset=0&limitBytes=256000 304[39m
[12:33:59] [32mINFO[39m: [36mGET /heartbeat-runs/e6854426-576e-469e-a27e-00b14c35b2f6 304[39m
[12:33:59] [32mINFO[39m: [36mGET /heartbeat-runs/e6854426-576e-469e-a27e-00b14c35b2f6/issues 304[39m
[12:34:09] [32mINFO[39m: [36mGET /companies/b9e2b5c9-9f24-49ca-bf0e-be3a6832453d/live-runs 304[39m
[12:34:14] [32mINFO[39m: [36mGET / 200[39m
[12:34:14] [32mINFO[39m: [36mGET /assets/index-DfpcF3Cy.js 304[39m
[12:34:14] [32mINFO[39m: [36mGET /assets/index-BM5tPATl.css 304[39m
[12:34:14] [32mINFO[39m: [36mGET /assets/vendor-react-CJhteRp4.js 304[39m
[12:34:14] [32mINFO[39m: [36mGET /assets/vendor-radix-Bv30JGBl.js 304[39m
[12:34:14] [32mINFO[39m: [36mGET /assets/vendor-dnd-D9flXMQ8.js 304[39m
[12:34:14] [32mINFO[39m: [36mGET /assets/vendor-tanstack-D-u36eqh.js 304[39m
[12:34:14] [32mINFO[39m: [36mGET /assets/vendor-i18n-D7Z1H7Kb.js 304[39m
[12:34:14] [32mINFO[39m: [36mGET /api/auth/get-session 304[39m
[12:34:14] [32mINFO[39m: [36mGET / 304[39m
[12:34:14] [32mINFO[39m: [36mGET / 304[39m
[12:34:14] [32mINFO[39m: [36mGET /favicon.svg 304[39m
[12:34:14] [32mINFO[39m: [36mGET /plugins/ui-contributions 304[39m
[12:34:14] [32mINFO[39m: [36mGET /companies/b9e2b5c9-9f24-49ca-bf0e-be3a6832453d/approvals 304[39m
[12:34:14] [32mINFO[39m: [36mGET /companies/b9e2b5c9-9f24-49ca-bf0e-be3a6832453d/live-runs 304[39m
[12:34:14] [32mINFO[39m: [36mGET /companies/b9e2b5c9-9f24-49ca-bf0e-be3a6832453d/join-requests?status=pending_approval 304[39m
[12:34:14] [32mINFO[39m: [36mGET /companies/b9e2b5c9-9f24-49ca-bf0e-be3a6832453d/agents 304[39m
[12:34:14] [32mINFO[39m: [36mGET /companies/b9e2b5c9-9f24-49ca-bf0e-be3a6832453d/activity 200[39m
[12:34:14] [32mINFO[39m: [36mGET /companies/b9e2b5c9-9f24-49ca-bf0e-be3a6832453d/projects 304[39m
[12:34:14] [32mINFO[39m: [36mGET /companies/b9e2b5c9-9f24-49ca-bf0e-be3a6832453d/issues 304[39m
[12:34:14] [32mINFO[39m: [36mGET /companies/b9e2b5c9-9f24-49ca-bf0e-be3a6832453d/issues?status=backlog%2Ctodo%2Cin_progress%2Cin_review%2Cblocked%2Cdone&touchedByUserId=me 304[39m
[12:34:14] [32mINFO[39m: [36mGET /companies/b9e2b5c9-9f24-49ca-bf0e-be3a6832453d/heartbeat-runs 304[39m
[12:34:14] [32mINFO[39m: [36mGET /companies/b9e2b5c9-9f24-49ca-bf0e-be3a6832453d/dashboard 304[39m
[12:34:14] [32mINFO[39m: [36mGET /companies/b9e2b5c9-9f24-49ca-bf0e-be3a6832453d/live-runs?minCount=4 200[39m
[12:34:14] [32mINFO[39m: [36mGET /heartbeat-runs/1dab9b6e-febd-42be-b8f5-aaf8e4ba31ce/log?offset=0&limitBytes=256000 200[39m
[12:34:14] [32mINFO[39m: [36mGET /heartbeat-runs/e6854426-576e-469e-a27e-00b14c35b2f6/log?offset=0&limitBytes=256000 304[39m
[12:34:14] [32mINFO[39m: [36mGET /heartbeat-runs/58b045b9-682f-4fe1-adf7-1dcbd5ab2b65/log?offset=0&limitBytes=256000 304[39m
[12:34:14] [32mINFO[39m: [36mGET /heartbeat-runs/032bb982-ef73-4656-aa77-36e0ba353a42/log?offset=0&limitBytes=256000 304[39m
[12:34:16] [32mINFO[39m: [36mGET /sw.js 304[39m
[12:34:16] [32mINFO[39m: [36mGET /heartbeat-runs/e6854426-576e-469e-a27e-00b14c35b2f6/log?offset=259&limitBytes=256000 200[39m
[12:34:16] [32mINFO[39m: [36mGET /heartbeat-runs/1dab9b6e-febd-42be-b8f5-aaf8e4ba31ce/log?offset=259&limitBytes=256000 200[39m
[12:34:16] [32mINFO[39m: [36mGET /heartbeat-runs/58b045b9-682f-4fe1-adf7-1dcbd5ab2b65/log?offset=21758&limitBytes=256000 304[39m
[12:34:16] [32mINFO[39m: [36mGET /heartbeat-runs/032bb982-ef73-4656-aa77-36e0ba353a42/log?offset=24080&limitBytes=256000 304[39m
[12:34:18] [32mINFO[39m: [36mGET /heartbeat-runs/1dab9b6e-febd-42be-b8f5-aaf8e4ba31ce/log?offset=259&limitBytes=256000 304[39m
[12:34:18] [32mINFO[39m: [36mGET /heartbeat-runs/032bb982-ef73-4656-aa77-36e0ba353a42/log?offset=24080&limitBytes=256000 304[39m
[12:34:18] [32mINFO[39m: [36mGET /heartbeat-runs/e6854426-576e-469e-a27e-00b14c35b2f6/log?offset=259&limitBytes=256000 304[39m
[12:34:18] [32mINFO[39m: [36mGET /heartbeat-runs/58b045b9-682f-4fe1-adf7-1dcbd5ab2b65/log?offset=21758&limitBytes=256000 304[39m
[12:34:20] [32mINFO[39m: [36mGET /heartbeat-runs/e6854426-576e-469e-a27e-00b14c35b2f6/log?offset=259&limitBytes=256000 304[39m
[12:34:20] [32mINFO[39m: [36mGET /heartbeat-runs/58b045b9-682f-4fe1-adf7-1dcbd5ab2b65/log?offset=21758&limitBytes=256000 304[39m
[12:34:20] [32mINFO[39m: [36mGET /heartbeat-runs/1dab9b6e-febd-42be-b8f5-aaf8e4ba31ce/log?offset=259&limitBytes=256000 304[39m
[12:34:20] [32mINFO[39m: [36mGET /heartbeat-runs/032bb982-ef73-4656-aa77-36e0ba353a42/log?offset=24080&limitBytes=256000 304[39m
[12:34:22] [32mINFO[39m: [36mGET /heartbeat-runs/1dab9b6e-febd-42be-b8f5-aaf8e4ba31ce/log?offset=259&limitBytes=256000 304[39m
[12:34:22] [32mINFO[39m: [36mGET /heartbeat-runs/58b045b9-682f-4fe1-adf7-1dcbd5ab2b65/log?offset=21758&limitBytes=256000 304[39m
[12:34:22] [32mINFO[39m: [36mGET /heartbeat-runs/e6854426-576e-469e-a27e-00b14c35b2f6/log?offset=259&limitBytes=256000 304[39m
[12:34:22] [32mINFO[39m: [36mGET /heartbeat-runs/032bb982-ef73-4656-aa77-36e0ba353a42/log?offset=24080&limitBytes=256000 304[39m
[12:34:24] [32mINFO[39m: [36mGET /companies/b9e2b5c9-9f24-49ca-bf0e-be3a6832453d/live-runs 304[39m
[12:34:24] [32mINFO[39m: [36mGET /heartbeat-runs/58b045b9-682f-4fe1-adf7-1dcbd5ab2b65/log?offset=21758&limitBytes=256000 304[39m
[12:34:24] [32mINFO[39m: [36mGET /heartbeat-runs/e6854426-576e-469e-a27e-00b14c35b2f6/log?offset=259&limitBytes=256000 304[39m
[12:34:24] [32mINFO[39m: [36mGET /heartbeat-runs/032bb982-ef73-4656-aa77-36e0ba353a42/log?offset=24080&limitBytes=256000 304[39m
[12:34:24] [32mINFO[39m: [36mGET /heartbeat-runs/1dab9b6e-febd-42be-b8f5-aaf8e4ba31ce/log?offset=259&limitBytes=256000 304[39m
[12:34:26] [32mINFO[39m: [36mGET /heartbeat-runs/1dab9b6e-febd-42be-b8f5-aaf8e4ba31ce/log?offset=259&limitBytes=256000 304[39m
[12:34:26] [32mINFO[39m: [36mGET /heartbeat-runs/58b045b9-682f-4fe1-adf7-1dcbd5ab2b65/log?offset=21758&limitBytes=256000 304[39m
[12:34:26] [32mINFO[39m: [36mGET /heartbeat-runs/e6854426-576e-469e-a27e-00b14c35b2f6/log?offset=259&limitBytes=256000 304[39m
[12:34:26] [32mINFO[39m: [36mGET /heartbeat-runs/032bb982-ef73-4656-aa77-36e0ba353a42/log?offset=24080&limitBytes=256000 304[39m
[12:34:29] [32mINFO[39m: [36mGET /heartbeat-runs/58b045b9-682f-4fe1-adf7-1dcbd5ab2b65/log?offset=21758&limitBytes=256000 304[39m
[12:34:29] [32mINFO[39m: [36mGET /heartbeat-runs/1dab9b6e-febd-42be-b8f5-aaf8e4ba31ce/log?offset=259&limitBytes=256000 304[39m
[12:34:29] [32mINFO[39m: [36mGET /heartbeat-runs/032bb982-ef73-4656-aa77-36e0ba353a42/log?offset=24080&limitBytes=256000 304[39m
[12:34:29] [32mINFO[39m: [36mGET /heartbeat-runs/e6854426-576e-469e-a27e-00b14c35b2f6/log?offset=259&limitBytes=256000 304[39m
[12:34:31] [32mINFO[39m: [36mGET /heartbeat-runs/1dab9b6e-febd-42be-b8f5-aaf8e4ba31ce/log?offset=259&limitBytes=256000 304[39m
[12:34:31] [32mINFO[39m: [36mGET /heartbeat-runs/e6854426-576e-469e-a27e-00b14c35b2f6/log?offset=259&limitBytes=256000 304[39m
[12:34:31] [32mINFO[39m: [36mGET /heartbeat-runs/58b045b9-682f-4fe1-adf7-1dcbd5ab2b65/log?offset=21758&limitBytes=256000 304[39m
[12:34:31] [32mINFO[39m: [36mGET /heartbeat-runs/032bb982-ef73-4656-aa77-36e0ba353a42/log?offset=24080&limitBytes=256000 304[39m
[12:34:33] [32mINFO[39m: [36mGET /heartbeat-runs/1dab9b6e-febd-42be-b8f5-aaf8e4ba31ce/log?offset=259&limitBytes=256000 304[39m
[12:34:33] [32mINFO[39m: [36mGET /heartbeat-runs/e6854426-576e-469e-a27e-00b14c35b2f6/log?offset=259&limitBytes=256000 304[39m
[12:34:33] [32mINFO[39m: [36mGET /heartbeat-runs/58b045b9-682f-4fe1-adf7-1dcbd5ab2b65/log?offset=21758&limitBytes=256000 304[39m
[12:34:33] [32mINFO[39m: [36mGET /heartbeat-runs/032bb982-ef73-4656-aa77-36e0ba353a42/log?offset=24080&limitBytes=256000 304[39m
[12:34:35] [32mINFO[39m: [36mGET /heartbeat-runs/e6854426-576e-469e-a27e-00b14c35b2f6/log?offset=259&limitBytes=256000 304[39m
[12:34:35] [32mINFO[39m: [36mGET /heartbeat-runs/1dab9b6e-febd-42be-b8f5-aaf8e4ba31ce/log?offset=259&limitBytes=256000 304[39m
[12:34:35] [32mINFO[39m: [36mGET /heartbeat-runs/58b045b9-682f-4fe1-adf7-1dcbd5ab2b65/log?offset=21758&limitBytes=256000 304[39m
[12:34:35] [32mINFO[39m: [36mGET /heartbeat-runs/032bb982-ef73-4656-aa77-36e0ba353a42/log?offset=24080&limitBytes=256000 304[39m
[12:34:37] [32mINFO[39m: [36mGET /heartbeat-runs/1dab9b6e-febd-42be-b8f5-aaf8e4ba31ce/log?offset=259&limitBytes=256000 304[39m
[12:34:37] [32mINFO[39m: [36mGET /heartbeat-runs/e6854426-576e-469e-a27e-00b14c35b2f6/log?offset=259&limitBytes=256000 304[39m
[12:34:37] [32mINFO[39m: [36mGET /heartbeat-runs/58b045b9-682f-4fe1-adf7-1dcbd5ab2b65/log?offset=21758&limitBytes=256000 304[39m
[12:34:37] [32mINFO[39m: [36mGET /heartbeat-runs/032bb982-ef73-4656-aa77-36e0ba353a42/log?offset=24080&limitBytes=256000 304[39m
[12:34:39] [32mINFO[39m: [36mGET /heartbeat-runs/58b045b9-682f-4fe1-adf7-1dcbd5ab2b65/log?offset=21758&limitBytes=256000 304[39m
[12:34:39] [32mINFO[39m: [36mGET /heartbeat-runs/e6854426-576e-469e-a27e-00b14c35b2f6/log?offset=259&limitBytes=256000 304[39m
[12:34:39] [32mINFO[39m: [36mGET /heartbeat-runs/032bb982-ef73-4656-aa77-36e0ba353a42/log?offset=24080&limitBytes=256000 304[39m
[12:34:39] [32mINFO[39m: [36mGET /heartbeat-runs/1dab9b6e-febd-42be-b8f5-aaf8e4ba31ce/log?offset=259&limitBytes=256000 304[39m
[12:34:41] [32mINFO[39m: [36mGET /heartbeat-runs/1dab9b6e-febd-42be-b8f5-aaf8e4ba31ce/log?offset=259&limitBytes=256000 304[39m
[12:34:41] [32mINFO[39m: [36mGET /heartbeat-runs/e6854426-576e-469e-a27e-00b14c35b2f6/log?offset=259&limitBytes=256000 304[39m
[12:34:41] [32mINFO[39m: [36mGET /heartbeat-runs/58b045b9-682f-4fe1-adf7-1dcbd5ab2b65/log?offset=21758&limitBytes=256000 304[39m
[12:34:41] [32mINFO[39m: [36mGET /heartbeat-runs/032bb982-ef73-4656-aa77-36e0ba353a42/log?offset=24080&limitBytes=256000 304[39m
[12:34:43] [32mINFO[39m: [36mGET /heartbeat-runs/e6854426-576e-469e-a27e-00b14c35b2f6/log?offset=259&limitBytes=256000 304[39m
[12:34:43] [32mINFO[39m: [36mGET /heartbeat-runs/1dab9b6e-febd-42be-b8f5-aaf8e4ba31ce/log?offset=259&limitBytes=256000 304[39m
[12:34:43] [32mINFO[39m: [36mGET /heartbeat-runs/58b045b9-682f-4fe1-adf7-1dcbd5ab2b65/log?offset=21758&limitBytes=256000 304[39m
[12:34:43] [32mINFO[39m: [36mGET /heartbeat-runs/032bb982-ef73-4656-aa77-36e0ba353a42/log?offset=24080&limitBytes=256000 304[39m
[12:34:45] [32mINFO[39m: [36mGET /heartbeat-runs/e6854426-576e-469e-a27e-00b14c35b2f6/log?offset=259&limitBytes=256000 304[39m
[12:34:45] [32mINFO[39m: [36mGET /heartbeat-runs/032bb982-ef73-4656-aa77-36e0ba353a42/log?offset=24080&limitBytes=256000 304[39m
[12:34:45] [32mINFO[39m: [36mGET /heartbeat-runs/58b045b9-682f-4fe1-adf7-1dcbd5ab2b65/log?offset=21758&limitBytes=256000 304[39m
[12:34:45] [32mINFO[39m: [36mGET /heartbeat-runs/1dab9b6e-febd-42be-b8f5-aaf8e4ba31ce/log?offset=259&limitBytes=256000 304[39m
[12:34:47] [32mINFO[39m: [36mGET /heartbeat-runs/e6854426-576e-469e-a27e-00b14c35b2f6/log?offset=259&limitBytes=256000 304[39m
[12:34:47] [32mINFO[39m: [36mGET /heartbeat-runs/58b045b9-682f-4fe1-adf7-1dcbd5ab2b65/log?offset=21758&limitBytes=256000 304[39m
[12:34:47] [32mINFO[39m: [36mGET /heartbeat-runs/032bb982-ef73-4656-aa77-36e0ba353a42/log?offset=24080&limitBytes=256000 304[39m
[12:34:47] [32mINFO[39m: [36mGET /heartbeat-runs/1dab9b6e-febd-42be-b8f5-aaf8e4ba31ce/log?offset=259&limitBytes=256000 304[39m
[12:34:49] [32mINFO[39m: [36mGET /heartbeat-runs/e6854426-576e-469e-a27e-00b14c35b2f6/log?offset=259&limitBytes=256000 304[39m
[12:34:49] [32mINFO[39m: [36mGET /heartbeat-runs/58b045b9-682f-4fe1-adf7-1dcbd5ab2b65/log?offset=21758&limitBytes=256000 304[39m
[12:34:49] [32mINFO[39m: [36mGET /heartbeat-runs/1dab9b6e-febd-42be-b8f5-aaf8e4ba31ce/log?offset=259&limitBytes=256000 304[39m
[12:34:49] [32mINFO[39m: [36mGET /heartbeat-runs/032bb982-ef73-4656-aa77-36e0ba353a42/log?offset=24080&limitBytes=256000 304[39m
[12:34:51] [32mINFO[39m: [36mGET /heartbeat-runs/032bb982-ef73-4656-aa77-36e0ba353a42/log?offset=24080&limitBytes=256000 304[39m
[12:34:51] [32mINFO[39m: [36mGET /heartbeat-runs/e6854426-576e-469e-a27e-00b14c35b2f6/log?offset=259&limitBytes=256000 304[39m
[12:34:51] [32mINFO[39m: [36mGET /heartbeat-runs/1dab9b6e-febd-42be-b8f5-aaf8e4ba31ce/log?offset=259&limitBytes=256000 304[39m
[12:34:51] [32mINFO[39m: [36mGET /heartbeat-runs/58b045b9-682f-4fe1-adf7-1dcbd5ab2b65/log?offset=21758&limitBytes=256000 304[39m
[12:34:53] [32mINFO[39m: [36mGET /heartbeat-runs/e6854426-576e-469e-a27e-00b14c35b2f6/log?offset=259&limitBytes=256000 304[39m
[12:34:53] [32mINFO[39m: [36mGET /heartbeat-runs/032bb982-ef73-4656-aa77-36e0ba353a42/log?offset=24080&limitBytes=256000 304[39m
[12:34:53] [32mINFO[39m: [36mGET /heartbeat-runs/58b045b9-682f-4fe1-adf7-1dcbd5ab2b65/log?offset=21758&limitBytes=256000 304[39m
[12:34:53] [32mINFO[39m: [36mGET /heartbeat-runs/1dab9b6e-febd-42be-b8f5-aaf8e4ba31ce/log?offset=259&limitBytes=256000 304[39m
[12:34:55] [32mINFO[39m: [36mGET /heartbeat-runs/1dab9b6e-febd-42be-b8f5-aaf8e4ba31ce/log?offset=259&limitBytes=256000 304[39m
[12:34:55] [32mINFO[39m: [36mGET /heartbeat-runs/e6854426-576e-469e-a27e-00b14c35b2f6/log?offset=259&limitBytes=256000 304[39m
[12:34:55] [32mINFO[39m: [36mGET /heartbeat-runs/58b045b9-682f-4fe1-adf7-1dcbd5ab2b65/log?offset=21758&limitBytes=256000 304[39m
[12:34:55] [32mINFO[39m: [36mGET /heartbeat-runs/032bb982-ef73-4656-aa77-36e0ba353a42/log?offset=24080&limitBytes=256000 304[39m
[12:34:57] [32mINFO[39m: [36mGET /heartbeat-runs/e6854426-576e-469e-a27e-00b14c35b2f6/log?offset=259&limitBytes=256000 304[39m
[12:34:57] [32mINFO[39m: [36mGET /heartbeat-runs/1dab9b6e-febd-42be-b8f5-aaf8e4ba31ce/log?offset=259&limitBytes=256000 304[39m
[12:34:57] [32mINFO[39m: [36mGET /heartbeat-runs/58b045b9-682f-4fe1-adf7-1dcbd5ab2b65/log?offset=21758&limitBytes=256000 304[39m
[12:34:57] [32mINFO[39m: [36mGET /heartbeat-runs/032bb982-ef73-4656-aa77-36e0ba353a42/log?offset=24080&limitBytes=256000 304[39m
[12:34:59] [32mINFO[39m: [36mGET /heartbeat-runs/58b045b9-682f-4fe1-adf7-1dcbd5ab2b65/log?offset=21758&limitBytes=256000 304[39m
[12:34:59] [32mINFO[39m: [36mGET /heartbeat-runs/1dab9b6e-febd-42be-b8f5-aaf8e4ba31ce/log?offset=259&limitBytes=256000 304[39m
[12:34:59] [32mINFO[39m: [36mGET /heartbeat-runs/e6854426-576e-469e-a27e-00b14c35b2f6/log?offset=259&limitBytes=256000 304[39m
[12:34:59] [32mINFO[39m: [36mGET /heartbeat-runs/032bb982-ef73-4656-aa77-36e0ba353a42/log?offset=24080&limitBytes=256000 304[39m
[12:35:01] [32mINFO[39m: [36mGET /heartbeat-runs/e6854426-576e-469e-a27e-00b14c35b2f6/log?offset=259&limitBytes=256000 304[39m
[12:35:01] [32mINFO[39m: [36mGET /heartbeat-runs/032bb982-ef73-4656-aa77-36e0ba353a42/log?offset=24080&limitBytes=256000 304[39m
[12:35:01] [32mINFO[39m: [36mGET /heartbeat-runs/58b045b9-682f-4fe1-adf7-1dcbd5ab2b65/log?offset=21758&limitBytes=256000 304[39m
[12:35:01] [32mINFO[39m: [36mGET /heartbeat-runs/1dab9b6e-febd-42be-b8f5-aaf8e4ba31ce/log?offset=259&limitBytes=256000 304[39m
[12:35:03] [32mINFO[39m: [36mGET /heartbeat-runs/1dab9b6e-febd-42be-b8f5-aaf8e4ba31ce/log?offset=259&limitBytes=256000 304[39m
[12:35:03] [32mINFO[39m: [36mGET /heartbeat-runs/e6854426-576e-469e-a27e-00b14c35b2f6/log?offset=259&limitBytes=256000 304[39m
[12:35:03] [32mINFO[39m: [36mGET /heartbeat-runs/58b045b9-682f-4fe1-adf7-1dcbd5ab2b65/log?offset=21758&limitBytes=256000 304[39m
[12:35:03] [32mINFO[39m: [36mGET /heartbeat-runs/032bb982-ef73-4656-aa77-36e0ba353a42/log?offset=24080&limitBytes=256000 304[39m
[12:35:05] [32mINFO[39m: [36mGET /heartbeat-runs/58b045b9-682f-4fe1-adf7-1dcbd5ab2b65/log?offset=21758&limitBytes=256000 304[39m
[12:35:05] [32mINFO[39m: [36mGET /heartbeat-runs/e6854426-576e-469e-a27e-00b14c35b2f6/log?offset=259&limitBytes=256000 304[39m
[12:35:05] [32mINFO[39m: [36mGET /heartbeat-runs/1dab9b6e-febd-42be-b8f5-aaf8e4ba31ce/log?offset=259&limitBytes=256000 304[39m
[12:35:05] [32mINFO[39m: [36mGET /heartbeat-runs/032bb982-ef73-4656-aa77-36e0ba353a42/log?offset=24080&limitBytes=256000 304[39m
[12:35:07] [32mINFO[39m: [36mGET /heartbeat-runs/1dab9b6e-febd-42be-b8f5-aaf8e4ba31ce/log?offset=259&limitBytes=256000 304[39m
[12:35:07] [32mINFO[39m: [36mGET /heartbeat-runs/e6854426-576e-469e-a27e-00b14c35b2f6/log?offset=259&limitBytes=256000 304[39m
[12:35:07] [32mINFO[39m: [36mGET /heartbeat-runs/58b045b9-682f-4fe1-adf7-1dcbd5ab2b65/log?offset=21758&limitBytes=256000 304[39m
[12:35:07] [32mINFO[39m: [36mGET /heartbeat-runs/032bb982-ef73-4656-aa77-36e0ba353a42/log?offset=24080&limitBytes=256000 304[39m
[12:35:09] [32mINFO[39m: [36mGET /heartbeat-runs/58b045b9-682f-4fe1-adf7-1dcbd5ab2b65/log?offset=21758&limitBytes=256000 304[39m
[12:35:09] [32mINFO[39m: [36mGET /heartbeat-runs/1dab9b6e-febd-42be-b8f5-aaf8e4ba31ce/log?offset=259&limitBytes=256000 304[39m
[12:35:09] [32mINFO[39m: [36mGET /heartbeat-runs/e6854426-576e-469e-a27e-00b14c35b2f6/log?offset=259&limitBytes=256000 304[39m
[12:35:09] [32mINFO[39m: [36mGET /heartbeat-runs/032bb982-ef73-4656-aa77-36e0ba353a42/log?offset=24080&limitBytes=256000 304[39m
[12:35:11] [32mINFO[39m: [36mGET /heartbeat-runs/1dab9b6e-febd-42be-b8f5-aaf8e4ba31ce/log?offset=259&limitBytes=256000 304[39m
[12:35:11] [32mINFO[39m: [36mGET /heartbeat-runs/e6854426-576e-469e-a27e-00b14c35b2f6/log?offset=259&limitBytes=256000 304[39m
[12:35:11] [32mINFO[39m: [36mGET /heartbeat-runs/58b045b9-682f-4fe1-adf7-1dcbd5ab2b65/log?offset=21758&limitBytes=256000 304[39m
[12:35:11] [32mINFO[39m: [36mGET /heartbeat-runs/032bb982-ef73-4656-aa77-36e0ba353a42/log?offset=24080&limitBytes=256000 304[39m
[12:35:13] [32mINFO[39m: [36mGET /heartbeat-runs/e6854426-576e-469e-a27e-00b14c35b2f6/log?offset=259&limitBytes=256000 304[39m
[12:35:13] [32mINFO[39m: [36mGET /heartbeat-runs/1dab9b6e-febd-42be-b8f5-aaf8e4ba31ce/log?offset=259&limitBytes=256000 304[39m
[12:35:13] [32mINFO[39m: [36mGET /heartbeat-runs/58b045b9-682f-4fe1-adf7-1dcbd5ab2b65/log?offset=21758&limitBytes=256000 304[39m
[12:35:13] [32mINFO[39m: [36mGET /heartbeat-runs/032bb982-ef73-4656-aa77-36e0ba353a42/log?offset=24080&limitBytes=256000 304[39m
[12:35:15] [32mINFO[39m: [36mGET /heartbeat-runs/e6854426-576e-469e-a27e-00b14c35b2f6/log?offset=259&limitBytes=256000 304[39m
[12:35:15] [32mINFO[39m: [36mGET /heartbeat-runs/1dab9b6e-febd-42be-b8f5-aaf8e4ba31ce/log?offset=259&limitBytes=256000 304[39m
[12:35:15] [32mINFO[39m: [36mGET /heartbeat-runs/58b045b9-682f-4fe1-adf7-1dcbd5ab2b65/log?offset=21758&limitBytes=256000 304[39m
[12:35:15] [32mINFO[39m: [36mGET /heartbeat-runs/032bb982-ef73-4656-aa77-36e0ba353a42/log?offset=24080&limitBytes=256000 304[39m
[12:35:17] [32mINFO[39m: [36mGET /heartbeat-runs/e6854426-576e-469e-a27e-00b14c35b2f6/log?offset=259&limitBytes=256000 304[39m
[12:35:17] [32mINFO[39m: [36mGET /heartbeat-runs/58b045b9-682f-4fe1-adf7-1dcbd5ab2b65/log?offset=21758&limitBytes=256000 304[39m
[12:35:17] [32mINFO[39m: [36mGET /heartbeat-runs/1dab9b6e-febd-42be-b8f5-aaf8e4ba31ce/log?offset=259&limitBytes=256000 304[39m
[12:35:17] [32mINFO[39m: [36mGET /heartbeat-runs/032bb982-ef73-4656-aa77-36e0ba353a42/log?offset=24080&limitBytes=256000 304[39m
[12:35:19] [32mINFO[39m: [36mGET /heartbeat-runs/1dab9b6e-febd-42be-b8f5-aaf8e4ba31ce/log?offset=259&limitBytes=256000 304[39m
[12:35:19] [32mINFO[39m: [36mGET /heartbeat-runs/e6854426-576e-469e-a27e-00b14c35b2f6/log?offset=259&limitBytes=256000 304[39m
[12:35:19] [32mINFO[39m: [36mGET /heartbeat-runs/58b045b9-682f-4fe1-adf7-1dcbd5ab2b65/log?offset=21758&limitBytes=256000 304[39m
[12:35:19] [32mINFO[39m: [36mGET /heartbeat-runs/032bb982-ef73-4656-aa77-36e0ba353a42/log?offset=24080&limitBytes=256000 304[39m
[12:35:21] [32mINFO[39m: [36mGET /heartbeat-runs/1dab9b6e-febd-42be-b8f5-aaf8e4ba31ce/log?offset=259&limitBytes=256000 304[39m
[12:35:21] [32mINFO[39m: [36mGET /heartbeat-runs/e6854426-576e-469e-a27e-00b14c35b2f6/log?offset=259&limitBytes=256000 304[39m
[12:35:21] [32mINFO[39m: [36mGET /heartbeat-runs/58b045b9-682f-4fe1-adf7-1dcbd5ab2b65/log?offset=21758&limitBytes=256000 304[39m
[12:35:21] [32mINFO[39m: [36mGET /heartbeat-runs/032bb982-ef73-4656-aa77-36e0ba353a42/log?offset=24080&limitBytes=256000 304[39m
[12:35:23] [32mINFO[39m: [36mGET /heartbeat-runs/1dab9b6e-febd-42be-b8f5-aaf8e4ba31ce/log?offset=259&limitBytes=256000 304[39m
[12:35:23] [32mINFO[39m: [36mGET /heartbeat-runs/e6854426-576e-469e-a27e-00b14c35b2f6/log?offset=259&limitBytes=256000 304[39m
[12:35:23] [32mINFO[39m: [36mGET /heartbeat-runs/58b045b9-682f-4fe1-adf7-1dcbd5ab2b65/log?offset=21758&limitBytes=256000 304[39m
[12:35:23] [32mINFO[39m: [36mGET /heartbeat-runs/032bb982-ef73-4656-aa77-36e0ba353a42/log?offset=24080&limitBytes=256000 304[39m
[12:35:25] [32mINFO[39m: [36mGET /heartbeat-runs/1dab9b6e-febd-42be-b8f5-aaf8e4ba31ce/log?offset=259&limitBytes=256000 304[39m
[12:35:25] [32mINFO[39m: [36mGET /heartbeat-runs/e6854426-576e-469e-a27e-00b14c35b2f6/log?offset=259&limitBytes=256000 304[39m
[12:35:25] [32mINFO[39m: [36mGET /heartbeat-runs/58b045b9-682f-4fe1-adf7-1dcbd5ab2b65/log?offset=21758&limitBytes=256000 304[39m
[12:35:25] [32mINFO[39m: [36mGET /heartbeat-runs/032bb982-ef73-4656-aa77-36e0ba353a42/log?offset=24080&limitBytes=256000 304[39m
[12:36:13] [32mINFO[39m: [36mGET /heartbeat-runs/1dab9b6e-febd-42be-b8f5-aaf8e4ba31ce/log?offset=259&limitBytes=256000 304[39m
[12:36:13] [32mINFO[39m: [36mGET /heartbeat-runs/e6854426-576e-469e-a27e-00b14c35b2f6/log?offset=259&limitBytes=256000 304[39m
[12:36:13] [32mINFO[39m: [36mGET /heartbeat-runs/58b045b9-682f-4fe1-adf7-1dcbd5ab2b65/log?offset=21758&limitBytes=256000 304[39m
[12:36:13] [32mINFO[39m: [36mGET /heartbeat-runs/032bb982-ef73-4656-aa77-36e0ba353a42/log?offset=24080&limitBytes=256000 304[39m
[12:37:13] [32mINFO[39m: [36mGET /heartbeat-runs/1dab9b6e-febd-42be-b8f5-aaf8e4ba31ce/log?offset=259&limitBytes=256000 304[39m
[12:37:13] [32mINFO[39m: [36mGET /heartbeat-runs/e6854426-576e-469e-a27e-00b14c35b2f6/log?offset=259&limitBytes=256000 304[39m
[12:37:13] [32mINFO[39m: [36mGET /heartbeat-runs/58b045b9-682f-4fe1-adf7-1dcbd5ab2b65/log?offset=21758&limitBytes=256000 304[39m
[12:37:13] [32mINFO[39m: [36mGET /heartbeat-runs/032bb982-ef73-4656-aa77-36e0ba353a42/log?offset=24080&limitBytes=256000 304[39m
[12:38:13] [32mINFO[39m: [36mGET /heartbeat-runs/58b045b9-682f-4fe1-adf7-1dcbd5ab2b65/log?offset=21758&limitBytes=256000 304[39m
[12:38:13] [32mINFO[39m: [36mGET /heartbeat-runs/e6854426-576e-469e-a27e-00b14c35b2f6/log?offset=259&limitBytes=256000 304[39m
[12:38:13] [32mINFO[39m: [36mGET /heartbeat-runs/032bb982-ef73-4656-aa77-36e0ba353a42/log?offset=24080&limitBytes=256000 304[39m
[12:38:13] [32mINFO[39m: [36mGET /heartbeat-runs/1dab9b6e-febd-42be-b8f5-aaf8e4ba31ce/log?offset=259&limitBytes=256000 304[39m
[12:39:13] [32mINFO[39m: [36mGET /heartbeat-runs/1dab9b6e-febd-42be-b8f5-aaf8e4ba31ce/log?offset=259&limitBytes=256000 304[39m
[12:39:13] [32mINFO[39m: [36mGET /heartbeat-runs/e6854426-576e-469e-a27e-00b14c35b2f6/log?offset=259&limitBytes=256000 304[39m
[12:39:13] [32mINFO[39m: [36mGET /heartbeat-runs/58b045b9-682f-4fe1-adf7-1dcbd5ab2b65/log?offset=21758&limitBytes=256000 304[39m
[12:39:13] [32mINFO[39m: [36mGET /heartbeat-runs/032bb982-ef73-4656-aa77-36e0ba353a42/log?offset=24080&limitBytes=256000 304[39m
[12:40:13] [32mINFO[39m: [36mGET /heartbeat-runs/58b045b9-682f-4fe1-adf7-1dcbd5ab2b65/log?offset=21758&limitBytes=256000 304[39m
[12:40:13] [32mINFO[39m: [36mGET /heartbeat-runs/1dab9b6e-febd-42be-b8f5-aaf8e4ba31ce/log?offset=259&limitBytes=256000 304[39m
[12:40:13] [32mINFO[39m: [36mGET /heartbeat-runs/e6854426-576e-469e-a27e-00b14c35b2f6/log?offset=259&limitBytes=256000 304[39m
[12:40:13] [32mINFO[39m: [36mGET /heartbeat-runs/032bb982-ef73-4656-aa77-36e0ba353a42/log?offset=24080&limitBytes=256000 304[39m
[12:41:13] [32mINFO[39m: [36mGET /heartbeat-runs/58b045b9-682f-4fe1-adf7-1dcbd5ab2b65/log?offset=21758&limitBytes=256000 304[39m
[12:41:13] [32mINFO[39m: [36mGET /heartbeat-runs/1dab9b6e-febd-42be-b8f5-aaf8e4ba31ce/log?offset=259&limitBytes=256000 304[39m
[12:41:13] [32mINFO[39m: [36mGET /heartbeat-runs/e6854426-576e-469e-a27e-00b14c35b2f6/log?offset=259&limitBytes=256000 304[39m
[12:41:13] [32mINFO[39m: [36mGET /heartbeat-runs/032bb982-ef73-4656-aa77-36e0ba353a42/log?offset=24080&limitBytes=256000 304[39m
[12:42:13] [32mINFO[39m: [36mGET /heartbeat-runs/1dab9b6e-febd-42be-b8f5-aaf8e4ba31ce/log?offset=259&limitBytes=256000 304[39m
[12:42:13] [32mINFO[39m: [36mGET /heartbeat-runs/e6854426-576e-469e-a27e-00b14c35b2f6/log?offset=259&limitBytes=256000 304[39m
[12:42:13] [32mINFO[39m: [36mGET /heartbeat-runs/58b045b9-682f-4fe1-adf7-1dcbd5ab2b65/log?offset=21758&limitBytes=256000 304[39m
[12:42:13] [32mINFO[39m: [36mGET /heartbeat-runs/032bb982-ef73-4656-aa77-36e0ba353a42/log?offset=24080&limitBytes=256000 304[39m
[12:43:13] [32mINFO[39m: [36mGET /heartbeat-runs/e6854426-576e-469e-a27e-00b14c35b2f6/log?offset=259&limitBytes=256000 304[39m
[12:43:13] [32mINFO[39m: [36mGET /heartbeat-runs/58b045b9-682f-4fe1-adf7-1dcbd5ab2b65/log?offset=21758&limitBytes=256000 304[39m
[12:43:13] [32mINFO[39m: [36mGET /heartbeat-runs/1dab9b6e-febd-42be-b8f5-aaf8e4ba31ce/log?offset=259&limitBytes=256000 304[39m
[12:43:13] [32mINFO[39m: [36mGET /heartbeat-runs/032bb982-ef73-4656-aa77-36e0ba353a42/log?offset=24080&limitBytes=256000 304[39m
[12:44:13] [32mINFO[39m: [36mGET /heartbeat-runs/1dab9b6e-febd-42be-b8f5-aaf8e4ba31ce/log?offset=259&limitBytes=256000 304[39m
[12:44:13] [32mINFO[39m: [36mGET /heartbeat-runs/032bb982-ef73-4656-aa77-36e0ba353a42/log?offset=24080&limitBytes=256000 304[39m
[12:44:13] [32mINFO[39m: [36mGET /heartbeat-runs/e6854426-576e-469e-a27e-00b14c35b2f6/log?offset=259&limitBytes=256000 304[39m
[12:44:13] [32mINFO[39m: [36mGET /heartbeat-runs/58b045b9-682f-4fe1-adf7-1dcbd5ab2b65/log?offset=21758&limitBytes=256000 304[39m
[12:45:13] [32mINFO[39m: [36mGET /heartbeat-runs/1dab9b6e-febd-42be-b8f5-aaf8e4ba31ce/log?offset=259&limitBytes=256000 304[39m
[12:45:13] [32mINFO[39m: [36mGET /heartbeat-runs/e6854426-576e-469e-a27e-00b14c35b2f6/log?offset=259&limitBytes=256000 304[39m
[12:45:13] [32mINFO[39m: [36mGET /heartbeat-runs/58b045b9-682f-4fe1-adf7-1dcbd5ab2b65/log?offset=21758&limitBytes=256000 304[39m
[12:45:13] [32mINFO[39m: [36mGET /heartbeat-runs/032bb982-ef73-4656-aa77-36e0ba353a42/log?offset=24080&limitBytes=256000 304[39m
[12:46:13] [32mINFO[39m: [36mGET /heartbeat-runs/1dab9b6e-febd-42be-b8f5-aaf8e4ba31ce/log?offset=259&limitBytes=256000 304[39m
[12:46:13] [32mINFO[39m: [36mGET /heartbeat-runs/e6854426-576e-469e-a27e-00b14c35b2f6/log?offset=259&limitBytes=256000 304[39m
[12:46:13] [32mINFO[39m: [36mGET /heartbeat-runs/58b045b9-682f-4fe1-adf7-1dcbd5ab2b65/log?offset=21758&limitBytes=256000 304[39m
[12:46:13] [32mINFO[39m: [36mGET /heartbeat-runs/032bb982-ef73-4656-aa77-36e0ba353a42/log?offset=24080&limitBytes=256000 304[39m
[12:47:13] [32mINFO[39m: [36mGET /heartbeat-runs/1dab9b6e-febd-42be-b8f5-aaf8e4ba31ce/log?offset=259&limitBytes=256000 304[39m
[12:47:13] [32mINFO[39m: [36mGET /heartbeat-runs/032bb982-ef73-4656-aa77-36e0ba353a42/log?offset=24080&limitBytes=256000 304[39m
[12:47:13] [32mINFO[39m: [36mGET /heartbeat-runs/e6854426-576e-469e-a27e-00b14c35b2f6/log?offset=259&limitBytes=256000 304[39m
[12:47:13] [32mINFO[39m: [36mGET /heartbeat-runs/58b045b9-682f-4fe1-adf7-1dcbd5ab2b65/log?offset=21758&limitBytes=256000 304[39m
[12:48:13] [32mINFO[39m: [36mGET /heartbeat-runs/58b045b9-682f-4fe1-adf7-1dcbd5ab2b65/log?offset=21758&limitBytes=256000 304[39m
[12:48:13] [32mINFO[39m: [36mGET /heartbeat-runs/e6854426-576e-469e-a27e-00b14c35b2f6/log?offset=259&limitBytes=256000 304[39m
[12:48:13] [32mINFO[39m: [36mGET /heartbeat-runs/1dab9b6e-febd-42be-b8f5-aaf8e4ba31ce/log?offset=259&limitBytes=256000 304[39m
[12:48:13] [32mINFO[39m: [36mGET /heartbeat-runs/032bb982-ef73-4656-aa77-36e0ba353a42/log?offset=24080&limitBytes=256000 304[39m
[12:49:13] [32mINFO[39m: [36mGET /heartbeat-runs/e6854426-576e-469e-a27e-00b14c35b2f6/log?offset=259&limitBytes=256000 304[39m
[12:49:13] [32mINFO[39m: [36mGET /heartbeat-runs/1dab9b6e-febd-42be-b8f5-aaf8e4ba31ce/log?offset=259&limitBytes=256000 304[39m
[12:49:13] [32mINFO[39m: [36mGET /heartbeat-runs/58b045b9-682f-4fe1-adf7-1dcbd5ab2b65/log?offset=21758&limitBytes=256000 304[39m
[12:49:13] [32mINFO[39m: [36mGET /heartbeat-runs/032bb982-ef73-4656-aa77-36e0ba353a42/log?offset=24080&limitBytes=256000 304[39m
[12:50:13] [32mINFO[39m: [36mGET /heartbeat-runs/58b045b9-682f-4fe1-adf7-1dcbd5ab2b65/log?offset=21758&limitBytes=256000 304[39m
[12:50:13] [32mINFO[39m: [36mGET /heartbeat-runs/1dab9b6e-febd-42be-b8f5-aaf8e4ba31ce/log?offset=259&limitBytes=256000 304[39m
[12:50:13] [32mINFO[39m: [36mGET /heartbeat-runs/032bb982-ef73-4656-aa77-36e0ba353a42/log?offset=24080&limitBytes=256000 304[39m
[12:50:13] [32mINFO[39m: [36mGET /heartbeat-runs/e6854426-576e-469e-a27e-00b14c35b2f6/log?offset=259&limitBytes=256000 304[39m
[12:51:13] [32mINFO[39m: [36mGET /heartbeat-runs/e6854426-576e-469e-a27e-00b14c35b2f6/log?offset=259&limitBytes=256000 304[39m
[12:51:13] [32mINFO[39m: [36mGET /heartbeat-runs/1dab9b6e-febd-42be-b8f5-aaf8e4ba31ce/log?offset=259&limitBytes=256000 304[39m
[12:51:13] [32mINFO[39m: [36mGET /heartbeat-runs/58b045b9-682f-4fe1-adf7-1dcbd5ab2b65/log?offset=21758&limitBytes=256000 304[39m
[12:51:13] [32mINFO[39m: [36mGET /heartbeat-runs/032bb982-ef73-4656-aa77-36e0ba353a42/log?offset=24080&limitBytes=256000 304[39m
[12:52:13] [32mINFO[39m: [36mGET /heartbeat-runs/e6854426-576e-469e-a27e-00b14c35b2f6/log?offset=259&limitBytes=256000 304[39m
[12:52:13] [32mINFO[39m: [36mGET /heartbeat-runs/58b045b9-682f-4fe1-adf7-1dcbd5ab2b65/log?offset=21758&limitBytes=256000 304[39m
[12:52:13] [32mINFO[39m: [36mGET /heartbeat-runs/1dab9b6e-febd-42be-b8f5-aaf8e4ba31ce/log?offset=259&limitBytes=256000 304[39m
[12:52:13] [32mINFO[39m: [36mGET /heartbeat-runs/032bb982-ef73-4656-aa77-36e0ba353a42/log?offset=24080&limitBytes=256000 304[39m
[12:53:13] [32mINFO[39m: [36mGET /heartbeat-runs/e6854426-576e-469e-a27e-00b14c35b2f6/log?offset=259&limitBytes=256000 304[39m
[12:53:13] [32mINFO[39m: [36mGET /heartbeat-runs/58b045b9-682f-4fe1-adf7-1dcbd5ab2b65/log?offset=21758&limitBytes=256000 304[39m
[12:53:13] [32mINFO[39m: [36mGET /heartbeat-runs/1dab9b6e-febd-42be-b8f5-aaf8e4ba31ce/log?offset=259&limitBytes=256000 304[39m
[12:53:13] [32mINFO[39m: [36mGET /heartbeat-runs/032bb982-ef73-4656-aa77-36e0ba353a42/log?offset=24080&limitBytes=256000 304[39m
[12:54:13] [32mINFO[39m: [36mGET /heartbeat-runs/e6854426-576e-469e-a27e-00b14c35b2f6/log?offset=259&limitBytes=256000 304[39m
[12:54:13] [32mINFO[39m: [36mGET /heartbeat-runs/1dab9b6e-febd-42be-b8f5-aaf8e4ba31ce/log?offset=259&limitBytes=256000 304[39m
[12:54:13] [32mINFO[39m: [36mGET /heartbeat-runs/58b045b9-682f-4fe1-adf7-1dcbd5ab2b65/log?offset=21758&limitBytes=256000 304[39m
[12:54:13] [32mINFO[39m: [36mGET /heartbeat-runs/032bb982-ef73-4656-aa77-36e0ba353a42/log?offset=24080&limitBytes=256000 304[39m
[12:55:13] [32mINFO[39m: [36mGET /heartbeat-runs/e6854426-576e-469e-a27e-00b14c35b2f6/log?offset=259&limitBytes=256000 304[39m
[12:55:13] [32mINFO[39m: [36mGET /heartbeat-runs/58b045b9-682f-4fe1-adf7-1dcbd5ab2b65/log?offset=21758&limitBytes=256000 304[39m
[12:55:13] [32mINFO[39m: [36mGET /heartbeat-runs/032bb982-ef73-4656-aa77-36e0ba353a42/log?offset=24080&limitBytes=256000 304[39m
[12:55:13] [32mINFO[39m: [36mGET /heartbeat-runs/1dab9b6e-febd-42be-b8f5-aaf8e4ba31ce/log?offset=259&limitBytes=256000 304[39m
[12:56:13] [32mINFO[39m: [36mGET /heartbeat-runs/032bb982-ef73-4656-aa77-36e0ba353a42/log?offset=24080&limitBytes=256000 304[39m
[12:56:13] [32mINFO[39m: [36mGET /heartbeat-runs/e6854426-576e-469e-a27e-00b14c35b2f6/log?offset=259&limitBytes=256000 304[39m
[12:56:13] [32mINFO[39m: [36mGET /heartbeat-runs/1dab9b6e-febd-42be-b8f5-aaf8e4ba31ce/log?offset=259&limitBytes=256000 304[39m
[12:56:13] [32mINFO[39m: [36mGET /heartbeat-runs/58b045b9-682f-4fe1-adf7-1dcbd5ab2b65/log?offset=21758&limitBytes=256000 304[39m
[12:57:13] [32mINFO[39m: [36mGET /heartbeat-runs/e6854426-576e-469e-a27e-00b14c35b2f6/log?offset=259&limitBytes=256000 304[39m
[12:57:13] [32mINFO[39m: [36mGET /heartbeat-runs/1dab9b6e-febd-42be-b8f5-aaf8e4ba31ce/log?offset=259&limitBytes=256000 304[39m
[12:57:13] [32mINFO[39m: [36mGET /heartbeat-runs/58b045b9-682f-4fe1-adf7-1dcbd5ab2b65/log?offset=21758&limitBytes=256000 304[39m
[12:57:13] [32mINFO[39m: [36mGET /heartbeat-runs/032bb982-ef73-4656-aa77-36e0ba353a42/log?offset=24080&limitBytes=256000 304[39m
[12:58:13] [32mINFO[39m: [36mGET /heartbeat-runs/e6854426-576e-469e-a27e-00b14c35b2f6/log?offset=259&limitBytes=256000 304[39m
[12:58:13] [32mINFO[39m: [36mGET /heartbeat-runs/58b045b9-682f-4fe1-adf7-1dcbd5ab2b65/log?offset=21758&limitBytes=256000 304[39m
[12:58:13] [32mINFO[39m: [36mGET /heartbeat-runs/032bb982-ef73-4656-aa77-36e0ba353a42/log?offset=24080&limitBytes=256000 304[39m
[12:58:13] [32mINFO[39m: [36mGET /heartbeat-runs/1dab9b6e-febd-42be-b8f5-aaf8e4ba31ce/log?offset=259&limitBytes=256000 304[39m
[12:59:13] [32mINFO[39m: [36mGET /heartbeat-runs/e6854426-576e-469e-a27e-00b14c35b2f6/log?offset=259&limitBytes=256000 304[39m
[12:59:13] [32mINFO[39m: [36mGET /heartbeat-runs/1dab9b6e-febd-42be-b8f5-aaf8e4ba31ce/log?offset=259&limitBytes=256000 304[39m
[12:59:13] [32mINFO[39m: [36mGET /heartbeat-runs/58b045b9-682f-4fe1-adf7-1dcbd5ab2b65/log?offset=21758&limitBytes=256000 304[39m
[12:59:13] [32mINFO[39m: [36mGET /heartbeat-runs/032bb982-ef73-4656-aa77-36e0ba353a42/log?offset=24080&limitBytes=256000 304[39m
[13:00:13] [32mINFO[39m: [36mGET /heartbeat-runs/e6854426-576e-469e-a27e-00b14c35b2f6/log?offset=259&limitBytes=256000 304[39m
[13:00:13] [32mINFO[39m: [36mGET /heartbeat-runs/1dab9b6e-febd-42be-b8f5-aaf8e4ba31ce/log?offset=259&limitBytes=256000 304[39m
[13:00:13] [32mINFO[39m: [36mGET /heartbeat-runs/032bb982-ef73-4656-aa77-36e0ba353a42/log?offset=24080&limitBytes=256000 304[39m
[13:00:13] [32mINFO[39m: [36mGET /heartbeat-runs/58b045b9-682f-4fe1-adf7-1dcbd5ab2b65/log?offset=21758&limitBytes=256000 304[39m
[13:01:13] [32mINFO[39m: [36mGET /heartbeat-runs/032bb982-ef73-4656-aa77-36e0ba353a42/log?offset=24080&limitBytes=256000 304[39m
[13:01:13] [32mINFO[39m: [36mGET /heartbeat-runs/1dab9b6e-febd-42be-b8f5-aaf8e4ba31ce/log?offset=259&limitBytes=256000 304[39m
[13:01:13] [32mINFO[39m: [36mGET /heartbeat-runs/e6854426-576e-469e-a27e-00b14c35b2f6/log?offset=259&limitBytes=256000 304[39m
[13:01:13] [32mINFO[39m: [36mGET /heartbeat-runs/58b045b9-682f-4fe1-adf7-1dcbd5ab2b65/log?offset=21758&limitBytes=256000 304[39m
[13:02:13] [32mINFO[39m: [36mGET /heartbeat-runs/58b045b9-682f-4fe1-adf7-1dcbd5ab2b65/log?offset=21758&limitBytes=256000 304[39m
[13:02:13] [32mINFO[39m: [36mGET /heartbeat-runs/e6854426-576e-469e-a27e-00b14c35b2f6/log?offset=259&limitBytes=256000 304[39m
[13:02:13] [32mINFO[39m: [36mGET /heartbeat-runs/1dab9b6e-febd-42be-b8f5-aaf8e4ba31ce/log?offset=259&limitBytes=256000 304[39m
[13:02:13] [32mINFO[39m: [36mGET /heartbeat-runs/032bb982-ef73-4656-aa77-36e0ba353a42/log?offset=24080&limitBytes=256000 304[39m
[13:03:13] [32mINFO[39m: [36mGET /heartbeat-runs/1dab9b6e-febd-42be-b8f5-aaf8e4ba31ce/log?offset=259&limitBytes=256000 304[39m
[13:03:13] [32mINFO[39m: [36mGET /heartbeat-runs/e6854426-576e-469e-a27e-00b14c35b2f6/log?offset=259&limitBytes=256000 304[39m
[13:03:13] [32mINFO[39m: [36mGET /heartbeat-runs/58b045b9-682f-4fe1-adf7-1dcbd5ab2b65/log?offset=21758&limitBytes=256000 304[39m
[13:03:13] [32mINFO[39m: [36mGET /heartbeat-runs/032bb982-ef73-4656-aa77-36e0ba353a42/log?offset=24080&limitBytes=256000 304[39m
[13:04:07] [32mINFO[39m: [36mGET / 304[39m
[13:04:07] [32mINFO[39m: [36mGET /companies/b9e2b5c9-9f24-49ca-bf0e-be3a6832453d/join-requests?status=pending_approval 304[39m
[13:04:07] [32mINFO[39m: [36mGET / 304[39m
[13:04:07] [32mINFO[39m: [36mGET /api/auth/get-session 304[39m
[13:04:07] [32mINFO[39m: [36mGET /companies/b9e2b5c9-9f24-49ca-bf0e-be3a6832453d/agents 304[39m
[13:04:07] [32mINFO[39m: [36mGET /plugins/ui-contributions 304[39m
[13:04:07] [32mINFO[39m: [36mGET /companies/b9e2b5c9-9f24-49ca-bf0e-be3a6832453d/live-runs 304[39m
[13:04:07] [32mINFO[39m: [36mGET /companies/b9e2b5c9-9f24-49ca-bf0e-be3a6832453d/activity 304[39m
[13:04:07] [32mINFO[39m: [36mGET /companies/b9e2b5c9-9f24-49ca-bf0e-be3a6832453d/issues?status=backlog%2Ctodo%2Cin_progress%2Cin_review%2Cblocked%2Cdone&touchedByUserId=me 304[39m
[13:04:07] [32mINFO[39m: [36mGET /heartbeat-runs/e6854426-576e-469e-a27e-00b14c35b2f6/log?offset=259&limitBytes=256000 304[39m
[13:04:07] [32mINFO[39m: [36mGET /companies/b9e2b5c9-9f24-49ca-bf0e-be3a6832453d/heartbeat-runs 304[39m
[13:04:07] [32mINFO[39m: [36mGET /companies/b9e2b5c9-9f24-49ca-bf0e-be3a6832453d/live-runs?minCount=4 304[39m
[13:04:07] [32mINFO[39m: [36mGET /companies/b9e2b5c9-9f24-49ca-bf0e-be3a6832453d/projects 304[39m
[13:04:07] [32mINFO[39m: [36mGET /heartbeat-runs/1dab9b6e-febd-42be-b8f5-aaf8e4ba31ce/log?offset=259&limitBytes=256000 304[39m
[13:04:07] [32mINFO[39m: [36mGET /heartbeat-runs/032bb982-ef73-4656-aa77-36e0ba353a42/log?offset=24080&limitBytes=256000 304[39m
[13:04:07] [32mINFO[39m: [36mGET /heartbeat-runs/58b045b9-682f-4fe1-adf7-1dcbd5ab2b65/log?offset=21758&limitBytes=256000 304[39m
[13:04:07] [32mINFO[39m: [36mGET /companies/b9e2b5c9-9f24-49ca-bf0e-be3a6832453d/dashboard 304[39m
[13:04:07] [32mINFO[39m: [36mGET /companies/b9e2b5c9-9f24-49ca-bf0e-be3a6832453d/approvals 304[39m
[13:04:07] [32mINFO[39m: [36mGET /companies/b9e2b5c9-9f24-49ca-bf0e-be3a6832453d/issues 304[39m
[13:04:08] [32mINFO[39m: [36mGET /heartbeat-runs/58b045b9-682f-4fe1-adf7-1dcbd5ab2b65/log?offset=21758&limitBytes=256000 304[39m
[13:04:08] [32mINFO[39m: [36mGET /heartbeat-runs/1dab9b6e-febd-42be-b8f5-aaf8e4ba31ce/log?offset=259&limitBytes=256000 304[39m
[13:04:08] [32mINFO[39m: [36mGET /heartbeat-runs/032bb982-ef73-4656-aa77-36e0ba353a42/log?offset=24080&limitBytes=256000 304[39m
[13:04:08] [32mINFO[39m: [36mGET /heartbeat-runs/e6854426-576e-469e-a27e-00b14c35b2f6/log?offset=259&limitBytes=256000 304[39m
[13:04:10] [32mINFO[39m: [36mGET /heartbeat-runs/1dab9b6e-febd-42be-b8f5-aaf8e4ba31ce/log?offset=259&limitBytes=256000 304[39m
[13:04:10] [32mINFO[39m: [36mGET /heartbeat-runs/e6854426-576e-469e-a27e-00b14c35b2f6/log?offset=259&limitBytes=256000 304[39m
[13:04:10] [32mINFO[39m: [36mGET /heartbeat-runs/58b045b9-682f-4fe1-adf7-1dcbd5ab2b65/log?offset=21758&limitBytes=256000 304[39m
[13:04:10] [32mINFO[39m: [36mGET /heartbeat-runs/032bb982-ef73-4656-aa77-36e0ba353a42/log?offset=24080&limitBytes=256000 304[39m
[13:04:12] [32mINFO[39m: [36mGET /heartbeat-runs/e6854426-576e-469e-a27e-00b14c35b2f6/log?offset=259&limitBytes=256000 304[39m
[13:04:12] [32mINFO[39m: [36mGET /heartbeat-runs/032bb982-ef73-4656-aa77-36e0ba353a42/log?offset=24080&limitBytes=256000 304[39m
[13:04:12] [32mINFO[39m: [36mGET /heartbeat-runs/1dab9b6e-febd-42be-b8f5-aaf8e4ba31ce/log?offset=259&limitBytes=256000 304[39m
[13:04:12] [32mINFO[39m: [36mGET /heartbeat-runs/58b045b9-682f-4fe1-adf7-1dcbd5ab2b65/log?offset=21758&limitBytes=256000 304[39m
[13:04:14] [32mINFO[39m: [36mGET /heartbeat-runs/58b045b9-682f-4fe1-adf7-1dcbd5ab2b65/log?offset=21758&limitBytes=256000 304[39m
[13:04:14] [32mINFO[39m: [36mGET /heartbeat-runs/e6854426-576e-469e-a27e-00b14c35b2f6/log?offset=259&limitBytes=256000 304[39m
[13:04:14] [32mINFO[39m: [36mGET /heartbeat-runs/032bb982-ef73-4656-aa77-36e0ba353a42/log?offset=24080&limitBytes=256000 304[39m
[13:04:14] [32mINFO[39m: [36mGET /heartbeat-runs/1dab9b6e-febd-42be-b8f5-aaf8e4ba31ce/log?offset=259&limitBytes=256000 304[39m
[13:04:16] [32mINFO[39m: [36mGET /heartbeat-runs/58b045b9-682f-4fe1-adf7-1dcbd5ab2b65/log?offset=21758&limitBytes=256000 304[39m
[13:04:16] [32mINFO[39m: [36mGET /heartbeat-runs/e6854426-576e-469e-a27e-00b14c35b2f6/log?offset=259&limitBytes=256000 304[39m
[13:04:16] [32mINFO[39m: [36mGET /heartbeat-runs/1dab9b6e-febd-42be-b8f5-aaf8e4ba31ce/log?offset=259&limitBytes=256000 304[39m
[13:04:16] [32mINFO[39m: [36mGET /heartbeat-runs/032bb982-ef73-4656-aa77-36e0ba353a42/log?offset=24080&limitBytes=256000 304[39m
[13:04:17] [32mINFO[39m: [36mGET /companies/b9e2b5c9-9f24-49ca-bf0e-be3a6832453d/live-runs 304[39m
[13:04:18] [32mINFO[39m: [36mGET /heartbeat-runs/1dab9b6e-febd-42be-b8f5-aaf8e4ba31ce/log?offset=259&limitBytes=256000 304[39m
[13:04:18] [32mINFO[39m: [36mGET /heartbeat-runs/032bb982-ef73-4656-aa77-36e0ba353a42/log?offset=24080&limitBytes=256000 304[39m
[13:04:18] [32mINFO[39m: [36mGET /heartbeat-runs/e6854426-576e-469e-a27e-00b14c35b2f6/log?offset=259&limitBytes=256000 304[39m
[13:04:18] [32mINFO[39m: [36mGET /heartbeat-runs/58b045b9-682f-4fe1-adf7-1dcbd5ab2b65/log?offset=21758&limitBytes=256000 304[39m
[13:04:20] [32mINFO[39m: [36mGET /heartbeat-runs/e6854426-576e-469e-a27e-00b14c35b2f6/log?offset=259&limitBytes=256000 304[39m
[13:04:20] [32mINFO[39m: [36mGET /heartbeat-runs/58b045b9-682f-4fe1-adf7-1dcbd5ab2b65/log?offset=21758&limitBytes=256000 304[39m
[13:04:20] [32mINFO[39m: [36mGET /heartbeat-runs/1dab9b6e-febd-42be-b8f5-aaf8e4ba31ce/log?offset=259&limitBytes=256000 304[39m
[13:04:20] [32mINFO[39m: [36mGET /heartbeat-runs/032bb982-ef73-4656-aa77-36e0ba353a42/log?offset=24080&limitBytes=256000 304[39m
[13:04:22] [32mINFO[39m: [36mGET /heartbeat-runs/58b045b9-682f-4fe1-adf7-1dcbd5ab2b65/log?offset=21758&limitBytes=256000 304[39m
[13:04:22] [32mINFO[39m: [36mGET /heartbeat-runs/1dab9b6e-febd-42be-b8f5-aaf8e4ba31ce/log?offset=259&limitBytes=256000 304[39m
[13:04:22] [32mINFO[39m: [36mGET /heartbeat-runs/e6854426-576e-469e-a27e-00b14c35b2f6/log?offset=259&limitBytes=256000 304[39m
[13:04:22] [32mINFO[39m: [36mGET /heartbeat-runs/032bb982-ef73-4656-aa77-36e0ba353a42/log?offset=24080&limitBytes=256000 304[39m
[13:04:24] [32mINFO[39m: [36mGET /heartbeat-runs/e6854426-576e-469e-a27e-00b14c35b2f6/log?offset=259&limitBytes=256000 304[39m
[13:04:24] [32mINFO[39m: [36mGET /heartbeat-runs/1dab9b6e-febd-42be-b8f5-aaf8e4ba31ce/log?offset=259&limitBytes=256000 304[39m
[13:04:24] [32mINFO[39m: [36mGET /heartbeat-runs/58b045b9-682f-4fe1-adf7-1dcbd5ab2b65/log?offset=21758&limitBytes=256000 304[39m
[13:04:24] [32mINFO[39m: [36mGET /heartbeat-runs/032bb982-ef73-4656-aa77-36e0ba353a42/log?offset=24080&limitBytes=256000 304[39m
[13:04:26] [32mINFO[39m: [36mGET /heartbeat-runs/e6854426-576e-469e-a27e-00b14c35b2f6/log?offset=259&limitBytes=256000 304[39m
[13:04:26] [32mINFO[39m: [36mGET /heartbeat-runs/1dab9b6e-febd-42be-b8f5-aaf8e4ba31ce/log?offset=259&limitBytes=256000 304[39m
[13:04:26] [32mINFO[39m: [36mGET /heartbeat-runs/58b045b9-682f-4fe1-adf7-1dcbd5ab2b65/log?offset=21758&limitBytes=256000 304[39m
[13:04:26] [32mINFO[39m: [36mGET /heartbeat-runs/032bb982-ef73-4656-aa77-36e0ba353a42/log?offset=24080&limitBytes=256000 304[39m
[13:04:27] [32mINFO[39m: [36mGET /companies/b9e2b5c9-9f24-49ca-bf0e-be3a6832453d/live-runs 304[39m
[13:04:28] [32mINFO[39m: [36mGET /heartbeat-runs/1dab9b6e-febd-42be-b8f5-aaf8e4ba31ce/log?offset=259&limitBytes=256000 304[39m
[13:04:28] [32mINFO[39m: [36mGET /heartbeat-runs/032bb982-ef73-4656-aa77-36e0ba353a42/log?offset=24080&limitBytes=256000 304[39m
[13:04:28] [32mINFO[39m: [36mGET /heartbeat-runs/e6854426-576e-469e-a27e-00b14c35b2f6/log?offset=259&limitBytes=256000 304[39m
[13:04:28] [32mINFO[39m: [36mGET /heartbeat-runs/58b045b9-682f-4fe1-adf7-1dcbd5ab2b65/log?offset=21758&limitBytes=256000 304[39m
[13:04:31] [32mINFO[39m: [36mGET /heartbeat-runs/1dab9b6e-febd-42be-b8f5-aaf8e4ba31ce/log?offset=259&limitBytes=256000 304[39m
[13:04:31] [32mINFO[39m: [36mGET /heartbeat-runs/e6854426-576e-469e-a27e-00b14c35b2f6/log?offset=259&limitBytes=256000 304[39m
[13:04:31] [32mINFO[39m: [36mGET /heartbeat-runs/58b045b9-682f-4fe1-adf7-1dcbd5ab2b65/log?offset=21758&limitBytes=256000 304[39m
[13:04:31] [32mINFO[39m: [36mGET /heartbeat-runs/032bb982-ef73-4656-aa77-36e0ba353a42/log?offset=24080&limitBytes=256000 304[39m
[13:04:33] [32mINFO[39m: [36mGET /heartbeat-runs/1dab9b6e-febd-42be-b8f5-aaf8e4ba31ce/log?offset=259&limitBytes=256000 304[39m
[13:04:33] [32mINFO[39m: [36mGET /heartbeat-runs/58b045b9-682f-4fe1-adf7-1dcbd5ab2b65/log?offset=21758&limitBytes=256000 304[39m
[13:04:33] [32mINFO[39m: [36mGET /heartbeat-runs/e6854426-576e-469e-a27e-00b14c35b2f6/log?offset=259&limitBytes=256000 304[39m
[13:04:33] [32mINFO[39m: [36mGET /heartbeat-runs/032bb982-ef73-4656-aa77-36e0ba353a42/log?offset=24080&limitBytes=256000 304[39m
[13:04:35] [32mINFO[39m: [36mGET /heartbeat-runs/58b045b9-682f-4fe1-adf7-1dcbd5ab2b65/log?offset=21758&limitBytes=256000 304[39m
[13:04:35] [32mINFO[39m: [36mGET /heartbeat-runs/e6854426-576e-469e-a27e-00b14c35b2f6/log?offset=259&limitBytes=256000 304[39m
[13:04:35] [32mINFO[39m: [36mGET /heartbeat-runs/1dab9b6e-febd-42be-b8f5-aaf8e4ba31ce/log?offset=259&limitBytes=256000 304[39m
[13:04:35] [32mINFO[39m: [36mGET /heartbeat-runs/032bb982-ef73-4656-aa77-36e0ba353a42/log?offset=24080&limitBytes=256000 304[39m
[13:04:37] [32mINFO[39m: [36mGET /heartbeat-runs/e6854426-576e-469e-a27e-00b14c35b2f6/log?offset=259&limitBytes=256000 304[39m
[13:04:37] [32mINFO[39m: [36mGET /heartbeat-runs/58b045b9-682f-4fe1-adf7-1dcbd5ab2b65/log?offset=21758&limitBytes=256000 304[39m
[13:04:37] [32mINFO[39m: [36mGET /heartbeat-runs/1dab9b6e-febd-42be-b8f5-aaf8e4ba31ce/log?offset=259&limitBytes=256000 304[39m
[13:04:37] [32mINFO[39m: [36mGET /heartbeat-runs/032bb982-ef73-4656-aa77-36e0ba353a42/log?offset=24080&limitBytes=256000 304[39m
[13:04:39] [32mINFO[39m: [36mGET /heartbeat-runs/58b045b9-682f-4fe1-adf7-1dcbd5ab2b65/log?offset=21758&limitBytes=256000 304[39m
[13:04:39] [32mINFO[39m: [36mGET /heartbeat-runs/1dab9b6e-febd-42be-b8f5-aaf8e4ba31ce/log?offset=259&limitBytes=256000 304[39m
[13:04:39] [32mINFO[39m: [36mGET /heartbeat-runs/e6854426-576e-469e-a27e-00b14c35b2f6/log?offset=259&limitBytes=256000 304[39m
[13:04:39] [32mINFO[39m: [36mGET /heartbeat-runs/032bb982-ef73-4656-aa77-36e0ba353a42/log?offset=24080&limitBytes=256000 304[39m
[13:04:41] [32mINFO[39m: [36mGET /heartbeat-runs/1dab9b6e-febd-42be-b8f5-aaf8e4ba31ce/log?offset=259&limitBytes=256000 304[39m
[13:04:41] [32mINFO[39m: [36mGET /heartbeat-runs/e6854426-576e-469e-a27e-00b14c35b2f6/log?offset=259&limitBytes=256000 304[39m
[13:04:41] [32mINFO[39m: [36mGET /heartbeat-runs/58b045b9-682f-4fe1-adf7-1dcbd5ab2b65/log?offset=21758&limitBytes=256000 304[39m
[13:04:41] [32mINFO[39m: [36mGET /heartbeat-runs/032bb982-ef73-4656-aa77-36e0ba353a42/log?offset=24080&limitBytes=256000 304[39m
[13:04:43] [32mINFO[39m: [36mGET /heartbeat-runs/1dab9b6e-febd-42be-b8f5-aaf8e4ba31ce/log?offset=259&limitBytes=256000 304[39m
[13:04:43] [32mINFO[39m: [36mGET /heartbeat-runs/e6854426-576e-469e-a27e-00b14c35b2f6/log?offset=259&limitBytes=256000 304[39m
[13:04:43] [32mINFO[39m: [36mGET /heartbeat-runs/58b045b9-682f-4fe1-adf7-1dcbd5ab2b65/log?offset=21758&limitBytes=256000 304[39m
[13:04:43] [32mINFO[39m: [36mGET /heartbeat-runs/032bb982-ef73-4656-aa77-36e0ba353a42/log?offset=24080&limitBytes=256000 304[39m
[13:04:45] [32mINFO[39m: [36mGET /heartbeat-runs/58b045b9-682f-4fe1-adf7-1dcbd5ab2b65/log?offset=21758&limitBytes=256000 304[39m
[13:04:45] [32mINFO[39m: [36mGET /heartbeat-runs/e6854426-576e-469e-a27e-00b14c35b2f6/log?offset=259&limitBytes=256000 304[39m
[13:04:45] [32mINFO[39m: [36mGET /heartbeat-runs/1dab9b6e-febd-42be-b8f5-aaf8e4ba31ce/log?offset=259&limitBytes=256000 304[39m
[13:04:45] [32mINFO[39m: [36mGET /heartbeat-runs/032bb982-ef73-4656-aa77-36e0ba353a42/log?offset=24080&limitBytes=256000 304[39m
[13:04:47] [32mINFO[39m: [36mGET /heartbeat-runs/58b045b9-682f-4fe1-adf7-1dcbd5ab2b65/log?offset=21758&limitBytes=256000 304[39m
[13:04:47] [32mINFO[39m: [36mGET /heartbeat-runs/1dab9b6e-febd-42be-b8f5-aaf8e4ba31ce/log?offset=259&limitBytes=256000 304[39m
[13:04:47] [32mINFO[39m: [36mGET /heartbeat-runs/e6854426-576e-469e-a27e-00b14c35b2f6/log?offset=259&limitBytes=256000 304[39m
[13:04:47] [32mINFO[39m: [36mGET /heartbeat-runs/032bb982-ef73-4656-aa77-36e0ba353a42/log?offset=24080&limitBytes=256000 304[39m
[13:04:49] [32mINFO[39m: [36mGET /heartbeat-runs/1dab9b6e-febd-42be-b8f5-aaf8e4ba31ce/log?offset=259&limitBytes=256000 304[39m
[13:04:49] [32mINFO[39m: [36mGET /heartbeat-runs/e6854426-576e-469e-a27e-00b14c35b2f6/log?offset=259&limitBytes=256000 304[39m
[13:04:49] [32mINFO[39m: [36mGET /heartbeat-runs/58b045b9-682f-4fe1-adf7-1dcbd5ab2b65/log?offset=21758&limitBytes=256000 304[39m
[13:04:49] [32mINFO[39m: [36mGET /heartbeat-runs/032bb982-ef73-4656-aa77-36e0ba353a42/log?offset=24080&limitBytes=256000 304[39m
[13:04:51] [32mINFO[39m: [36mGET /heartbeat-runs/e6854426-576e-469e-a27e-00b14c35b2f6/log?offset=259&limitBytes=256000 304[39m
[13:04:51] [32mINFO[39m: [36mGET /heartbeat-runs/1dab9b6e-febd-42be-b8f5-aaf8e4ba31ce/log?offset=259&limitBytes=256000 304[39m
[13:04:51] [32mINFO[39m: [36mGET /heartbeat-runs/58b045b9-682f-4fe1-adf7-1dcbd5ab2b65/log?offset=21758&limitBytes=256000 304[39m
[13:04:51] [32mINFO[39m: [36mGET /heartbeat-runs/032bb982-ef73-4656-aa77-36e0ba353a42/log?offset=24080&limitBytes=256000 304[39m
[13:04:53] [32mINFO[39m: [36mGET /heartbeat-runs/e6854426-576e-469e-a27e-00b14c35b2f6/log?offset=259&limitBytes=256000 304[39m
[13:04:53] [32mINFO[39m: [36mGET /heartbeat-runs/1dab9b6e-febd-42be-b8f5-aaf8e4ba31ce/log?offset=259&limitBytes=256000 304[39m
[13:04:53] [32mINFO[39m: [36mGET /heartbeat-runs/58b045b9-682f-4fe1-adf7-1dcbd5ab2b65/log?offset=21758&limitBytes=256000 304[39m
[13:04:53] [32mINFO[39m: [36mGET /heartbeat-runs/032bb982-ef73-4656-aa77-36e0ba353a42/log?offset=24080&limitBytes=256000 304[39m
[13:04:55] [32mINFO[39m: [36mGET /heartbeat-runs/032bb982-ef73-4656-aa77-36e0ba353a42/log?offset=24080&limitBytes=256000 304[39m
[13:04:55] [32mINFO[39m: [36mGET /heartbeat-runs/e6854426-576e-469e-a27e-00b14c35b2f6/log?offset=259&limitBytes=256000 304[39m
[13:04:55] [32mINFO[39m: [36mGET /heartbeat-runs/58b045b9-682f-4fe1-adf7-1dcbd5ab2b65/log?offset=21758&limitBytes=256000 304[39m
[13:04:55] [32mINFO[39m: [36mGET /heartbeat-runs/1dab9b6e-febd-42be-b8f5-aaf8e4ba31ce/log?offset=259&limitBytes=256000 304[39m
12:04:55 AM [tsx] Previous process hasn't exited yet. Force killing...
12:04:56 AM [tsx] Previous process hasn't exited yet. Force killing...
12:04:56 AM [tsx] Previous process hasn't exited yet. Force killing...
[tac] Building UI...

> @paperclipai/ui@0.0.1 build /Users/james/Dev/theagent-company/ui
> tsc -b && vite build

vite v6.4.1 building for production...
transforming...
✓ 4789 modules transformed.
rendering chunks...
computing gzip size...
dist/index.html                                           3.63 kB │ gzip:   1.16 kB
dist/assets/index-BM5tPATl.css                          224.18 kB │ gzip:  35.70 kB
dist/assets/clone-DAdQoEsk.js                             0.10 kB │ gzip:   0.11 kB
dist/assets/channel-BJSDqYOb.js                           0.11 kB │ gzip:   0.13 kB
dist/assets/init-Gi6I4Gst.js                              0.15 kB │ gzip:   0.13 kB
dist/assets/chunk-QZHKN3VN-BSmepFiw.js                    0.19 kB │ gzip:   0.16 kB
dist/assets/chunk-55IACEB6-BYJEvuQ_.js                    0.24 kB │ gzip:   0.21 kB
dist/assets/chunk-4BX2VUAB-BcsyRPD7.js                    0.30 kB │ gzip:   0.21 kB
dist/assets/diff-DbItnlRl.js                              0.31 kB │ gzip:   0.24 kB
dist/assets/chunk-FMBD7UC4-28toWmJ1.js                    0.37 kB │ gzip:   0.27 kB
dist/assets/chunk-QN33PNHL-BDNRDOqF.js                    0.53 kB │ gzip:   0.37 kB
dist/assets/stateDiagram-v2-4FDKWEC3-BxaNOD-H.js          0.57 kB │ gzip:   0.36 kB
dist/assets/classDiagram-2ON5EDUG-RPmrjjvc.js             0.61 kB │ gzip:   0.37 kB
dist/assets/classDiagram-v2-WZHVMYZB-RPmrjjvc.js          0.61 kB │ gzip:   0.37 kB
dist/assets/brainfuck-C4LP7Hcl.js                         0.61 kB │ gzip:   0.33 kB
dist/assets/properties-C78fOPTZ.js                        0.67 kB │ gzip:   0.34 kB
dist/assets/cmake-BQqOBYOt.js                             0.78 kB │ gzip:   0.46 kB
dist/assets/asciiarmor-Df11BRmG.js                        0.79 kB │ gzip:   0.40 kB
dist/assets/http-DBlCnlav.js                              0.85 kB │ gzip:   0.42 kB
dist/assets/protobuf-ChK-085T.js                          0.86 kB │ gzip:   0.52 kB
dist/assets/solr-DehyRSwq.js                              0.87 kB │ gzip:   0.45 kB
dist/assets/infoDiagram-HS3SLOUP-Bnqsix_U.js              0.87 kB │ gzip:   0.53 kB
dist/assets/troff-wAsdV37c.js                             0.96 kB │ gzip:   0.44 kB
dist/assets/spreadsheet-BCZA_wO0.js                       1.14 kB │ gzip:   0.54 kB
dist/assets/toml-Bm5Em-hy.js                              1.14 kB │ gzip:   0.54 kB
dist/assets/ordinal-Cboi1Yqb.js                           1.19 kB │ gzip:   0.57 kB
dist/assets/mbox-CNhZ1qSd.js                              1.40 kB │ gzip:   0.65 kB
dist/assets/chunk-TZMSLE5B-BWPsWWNj.js                    1.44 kB │ gzip:   0.64 kB
dist/assets/sieve-C3Gn_uJK.js                             1.62 kB │ gzip:   0.77 kB
dist/assets/rpm-CTu-6PCP.js                               1.62 kB │ gzip:   0.82 kB
dist/assets/factor-kuTfRLto.js                            1.67 kB │ gzip:   0.61 kB
dist/assets/z80-Hz9HOZM7.js                               1.75 kB │ gzip:   0.81 kB
dist/assets/eiffel-CnydiIhH.js                            1.81 kB │ gzip:   0.91 kB
dist/assets/elm-vLlmbW-K.js                               1.89 kB │ gzip:   0.81 kB
dist/assets/mathematica-DTrFuWx2.js                       1.92 kB │ gzip:   0.81 kB
dist/assets/dockerfile-BKs6k2Af.js                        1.95 kB │ gzip:   0.67 kB
dist/assets/turtle-B1tBg_DP.js                            1.98 kB │ gzip:   0.90 kB
dist/assets/ebnf-CDyGwa7X.js                              1.99 kB │ gzip:   0.80 kB
dist/assets/smalltalk-CnHTOXQT.js                         2.01 kB │ gzip:   0.85 kB
dist/assets/dtd-DF_7sFjM.js                               2.06 kB │ gzip:   0.87 kB
dist/assets/mumps-BT43cFF4.js                             2.07 kB │ gzip:   0.98 kB
dist/assets/fcl-Kvtd6kyn.js                               2.08 kB │ gzip:   0.95 kB
dist/assets/ntriples-BfvgReVJ.js                          2.10 kB │ gzip:   0.74 kB
dist/assets/yacas-BJ4BC0dw.js                             2.15 kB │ gzip:   1.09 kB
dist/assets/simple-mode-GW_nhZxv.js                       2.28 kB │ gzip:   1.09 kB
dist/assets/apl-B4CMkyY2.js                               2.30 kB │ gzip:   1.20 kB
dist/assets/pascal--L3eBynH.js                            2.30 kB │ gzip:   1.19 kB
dist/assets/octave-Ck1zUtKM.js                            2.31 kB │ gzip:   1.09 kB
dist/assets/commonlisp-DBKNyK5s.js                        2.32 kB │ gzip:   1.09 kB
dist/assets/tcl-DVfN8rqt.js                               2.36 kB │ gzip:   1.22 kB
dist/assets/webidl-ZXfAyPTL.js                            2.52 kB │ gzip:   1.24 kB
dist/assets/pig-CevX1Tat.js                               2.53 kB │ gzip:   1.35 kB
dist/assets/puppet-DMA9R1ak.js                            2.54 kB │ gzip:   1.19 kB
dist/assets/forth-Ffai-XNe.js                             2.54 kB │ gzip:   1.31 kB
dist/assets/shell-CjFT_Tl9.js                             2.57 kB │ gzip:   1.20 kB
dist/assets/_basePickBy-gpzw5osc.js                       2.59 kB │ gzip:   1.29 kB
dist/assets/index-D4XB8Edi.js                             2.59 kB │ gzip:   1.55 kB
dist/assets/velocity-D8B20fx6.js                          2.67 kB │ gzip:   1.11 kB
dist/assets/tiddlywiki-DO-Gjzrf.js                        2.78 kB │ gzip:   1.06 kB
dist/assets/modelica-Dc1JOy9r.js                          2.79 kB │ gzip:   1.28 kB
dist/assets/index-DZTjVWas.js                             2.81 kB │ gzip:   1.54 kB
dist/assets/oz-BzwKVEFT.js                                2.90 kB │ gzip:   1.28 kB
dist/assets/r-B6wPVr8A.js                                 2.94 kB │ gzip:   1.36 kB
dist/assets/stex-C3f8Ysf7.js                              3.12 kB │ gzip:   1.20 kB
dist/assets/tiki-DGYXhP31.js                              3.25 kB │ gzip:   1.26 kB
dist/assets/vhdl-lSbBsy5d.js                              3.35 kB │ gzip:   1.51 kB
dist/assets/lua-BgMRiT3U.js                               3.40 kB │ gzip:   1.42 kB
dist/assets/arc-DGur4Lzk.js                               3.42 kB │ gzip:   1.45 kB
dist/assets/mscgen-BA5vi2Kp.js                            3.51 kB │ gzip:   0.97 kB
dist/assets/sparql-DkYu6x3z.js                            3.55 kB │ gzip:   1.61 kB
dist/assets/cypher-C_CwsFkJ.js                            3.56 kB │ gzip:   1.52 kB
dist/assets/index-Byq-2ouA.js                             3.58 kB │ gzip:   1.78 kB
dist/assets/d-pRatUO7H.js                                 3.72 kB │ gzip:   1.67 kB
dist/assets/coffeescript-S37ZYGWr.js                      3.87 kB │ gzip:   1.67 kB
dist/assets/vb-CmGdzxic.js                                3.90 kB │ gzip:   1.78 kB
dist/assets/swift-BzpIVaGY.js                             3.96 kB │ gzip:   1.78 kB
dist/assets/asn1-EdZsLKOL.js                              3.98 kB │ gzip:   1.92 kB
dist/assets/q-pXgVlZs6.js                                 4.03 kB │ gzip:   1.66 kB
dist/assets/ttcn-cfg-B9xdYoR4.js                          4.05 kB │ gzip:   1.69 kB
dist/assets/dylan-DwRh75JA.js                             4.05 kB │ gzip:   1.64 kB
dist/assets/livescript-BwQOo05w.js                        4.09 kB │ gzip:   1.62 kB
dist/assets/groovy-D9Dt4D0W.js                            4.14 kB │ gzip:   1.76 kB
dist/assets/haskell-Cw1EW3IL.js                           4.17 kB │ gzip:   1.86 kB
dist/assets/asterisk-B-8jnY81.js                          4.48 kB │ gzip:   1.78 kB
dist/assets/diagram-S2PKOQOG-DLGnDLmd.js                  4.52 kB │ gzip:   1.97 kB
dist/assets/gas-Bneqetm1.js                               4.57 kB │ gzip:   1.28 kB
dist/assets/fortran-DYz_wnZ1.js                           4.65 kB │ gzip:   2.00 kB
dist/assets/defaultLocale-DX6XiGOO.js                     4.69 kB │ gzip:   2.17 kB
dist/assets/mllike-CXdrOF99.js                            4.79 kB │ gzip:   1.54 kB
dist/assets/ttcn-CfJYG6tj.js                              4.80 kB │ gzip:   2.10 kB
dist/assets/ecl-Cabwm37j.js                               5.13 kB │ gzip:   2.29 kB
dist/assets/crystal-SjHAIU92.js                           5.13 kB │ gzip:   2.05 kB
dist/assets/ruby-B2Rjki9n.js                              5.16 kB │ gzip:   2.13 kB
dist/assets/index-D549ce1s.js                             5.24 kB │ gzip:   2.44 kB
dist/assets/julia-DuME0IfC.js                             5.39 kB │ gzip:   2.12 kB
dist/assets/pieDiagram-ADFJNKIX-9gJWbhzj.js               5.44 kB │ gzip:   2.41 kB
dist/assets/linear-kEyodgED.js                            5.66 kB │ gzip:   2.31 kB
dist/assets/vbscript-BuJXcnF6.js                          5.82 kB │ gzip:   2.55 kB
dist/assets/mirc-CjQqDB4T.js                              5.92 kB │ gzip:   2.66 kB
dist/assets/graph-s3cqs7wo.js                             5.92 kB │ gzip:   1.87 kB
dist/assets/cobol-CWcv1MsR.js                             6.20 kB │ gzip:   2.91 kB
dist/assets/diagram-QEK2KX5R-6582tYzq.js                  6.23 kB │ gzip:   2.61 kB
dist/assets/scheme-C41bIUwD.js                            6.37 kB │ gzip:   2.39 kB
dist/assets/python-BuPzkPfP.js                            6.48 kB │ gzip:   2.71 kB
dist/assets/xquery-DzFWVndE.js                            6.62 kB │ gzip:   2.56 kB
dist/assets/pug-DeIclll2.js                               6.67 kB │ gzip:   1.95 kB
dist/assets/textile-CnDTJFAw.js                           6.80 kB │ gzip:   2.43 kB
dist/assets/nsis-LdVXkNf5.js                              6.81 kB │ gzip:   2.96 kB
dist/assets/nginx-DdIZxoE0.js                             7.34 kB │ gzip:   2.73 kB
dist/assets/powershell-CFHJl5sT.js                        7.77 kB │ gzip:   3.30 kB
dist/assets/haxe-H-WmDvRZ.js                              7.89 kB │ gzip:   2.92 kB
dist/assets/erlang-BNw1qcRV.js                            8.10 kB │ gzip:   2.86 kB
dist/assets/verilog-C6RDOZhf.js                           8.24 kB │ gzip:   3.47 kB
dist/assets/sas-B4kiWyti.js                               9.33 kB │ gzip:   4.07 kB
dist/assets/perl-CdXCOZ3F.js                              9.75 kB │ gzip:   3.40 kB
dist/assets/gherkin-heZmZLOM.js                          10.16 kB │ gzip:   4.96 kB
dist/assets/stateDiagram-FKZM4ZOC-Da4QWXp6.js            10.56 kB │ gzip:   3.71 kB
dist/assets/clojure-BMjYHr_A.js                          10.82 kB │ gzip:   3.96 kB
dist/assets/dagre-6UL2VRFP-B9V3caAO.js                   11.44 kB │ gzip:   4.28 kB
dist/assets/idl-BEugSyMb.js                              11.63 kB │ gzip:   4.54 kB
dist/assets/_baseUniq-DnM1wfCF.js                        11.90 kB │ gzip:   4.63 kB
dist/assets/index-B0baG406.js                            12.87 kB │ gzip:   5.57 kB
dist/assets/index-2Cnzi0m4.js                            14.97 kB │ gzip:   5.97 kB
dist/assets/diagram-PSM6KHXK-Cq92UKxT.js                 16.16 kB │ gzip:   5.78 kB
dist/assets/index-BWtvuGF_.js                            16.49 kB │ gzip:   7.30 kB
dist/assets/javascript-iXu5QeM3.js                       17.08 kB │ gzip:   5.72 kB
dist/assets/index-BxneqfSV.js                            19.86 kB │ gzip:   9.13 kB
dist/assets/kanban-definition-3W4ZIXB7-Z32e1pXk.js       20.78 kB │ gzip:   7.27 kB
dist/assets/index-D9YQqNbV.js                            21.09 kB │ gzip:   9.20 kB
dist/assets/mindmap-definition-VGOIOE7T-BhDf-Jjw.js      21.21 kB │ gzip:   7.35 kB
dist/assets/clike-B9uivgTg.js                            22.30 kB │ gzip:   7.79 kB
dist/assets/sankeyDiagram-TZEHDZUN-h1XefwrZ.js           22.41 kB │ gzip:   8.19 kB
dist/assets/index-DC7w492-.js                            23.24 kB │ gzip:  10.09 kB
dist/assets/journeyDiagram-XKPGCS4Q-EvB-VeCc.js          23.72 kB │ gzip:   8.35 kB
dist/assets/timeline-definition-IT6M3QCI-CxthEMcD.js     23.89 kB │ gzip:   8.31 kB
dist/assets/gitGraphDiagram-V2S2FVAM-CW7rfNED.js         24.90 kB │ gzip:   7.66 kB
dist/assets/erDiagram-Q2GNP2WA-BjxWiP6N.js               25.52 kB │ gzip:   8.85 kB
dist/assets/stylus-B533Al4x.js                           25.80 kB │ gzip:   8.62 kB
dist/assets/index-Bw8wjJzh.js                            26.03 kB │ gzip:  11.45 kB
dist/assets/index-B05OPtkX.js                            26.39 kB │ gzip:   8.82 kB
dist/assets/css-BnMrqG3P.js                              27.13 kB │ gzip:   8.49 kB
dist/assets/layout-BLCB9XPa.js                           27.39 kB │ gzip:   9.72 kB
dist/assets/index-pPL10Jtm.js                            28.86 kB │ gzip:  11.46 kB
dist/assets/requirementDiagram-UZGBJVZJ-D3KDCP3u.js      30.44 kB │ gzip:   9.46 kB
dist/assets/index-BJmZV-jh.js                            30.97 kB │ gzip:  12.42 kB
dist/assets/index-DTYa-VD0.js                            32.50 kB │ gzip:  13.05 kB
dist/assets/quadrantDiagram-AYHSOK5B-DbGWcxQc.js         34.50 kB │ gzip:  10.07 kB
dist/assets/chunk-DI55MBZ5-6ctRRIR_.js                   36.80 kB │ gzip:  11.85 kB
dist/assets/sql-D0XecflT.js                              37.05 kB │ gzip:  10.91 kB
dist/assets/xychartDiagram-PRI3JC2R-BmyiNxwL.js          40.39 kB │ gzip:  11.43 kB
dist/assets/vendor-tanstack-D-u36eqh.js                  40.82 kB │ gzip:  12.16 kB
dist/assets/index-DsUodgRo.js                            40.91 kB │ gzip:  16.24 kB
dist/assets/index-dtVDkZEM.js                            44.33 kB │ gzip:  15.39 kB
dist/assets/index-DOX7H3_6.js                            45.28 kB │ gzip:  18.73 kB
dist/assets/chunk-B4BG7PRW-CjKg95Ep.js                   45.41 kB │ gzip:  14.55 kB
dist/assets/vendor-dnd-D9flXMQ8.js                       50.12 kB │ gzip:  16.60 kB
dist/assets/vendor-i18n-D7Z1H7Kb.js                      57.07 kB │ gzip:  18.42 kB
dist/assets/flowDiagram-NV44I4VS-O2RjlAzM.js             61.29 kB │ gzip:  19.39 kB
dist/assets/ganttDiagram-JELNMOA3-CpNQZzdc.js            68.48 kB │ gzip:  22.95 kB
dist/assets/c4Diagram-YG6GDRKO-Bs0JnzlK.js               70.34 kB │ gzip:  19.62 kB
dist/assets/index-Blu6yaeg.js                            70.98 kB │ gzip:  25.16 kB
dist/assets/blockDiagram-VD42YOAC-ChSs7cUd.js            73.33 kB │ gzip:  20.75 kB
dist/assets/cose-bilkent-S5V4N54A-lrK6NXAs.js            81.89 kB │ gzip:  22.47 kB
dist/assets/index-auzQ2Uvj.js                            86.81 kB │ gzip:  33.63 kB
dist/assets/index-D9D-biVY.js                            98.03 kB │ gzip:  28.03 kB
dist/assets/sequenceDiagram-WL72ISMW-CjeNEHIL.js         98.31 kB │ gzip:  26.86 kB
dist/assets/index-1oDJJsB0.js                           100.73 kB │ gzip:  32.62 kB
dist/assets/vendor-radix-Bv30JGBl.js                    118.34 kB │ gzip:  36.18 kB
dist/assets/architectureDiagram-VXUJARFQ-DVtp7UAs.js    149.14 kB │ gzip:  42.00 kB
dist/assets/katex-O9d3_IXG.js                           258.51 kB │ gzip:  76.54 kB
dist/assets/cytoscape.esm-BQaXIfA_.js                   442.44 kB │ gzip: 141.29 kB
dist/assets/treemap-GDKQZRPO-DxnLdY2j.js                454.87 kB │ gzip: 107.69 kB
dist/assets/vendor-react-CJhteRp4.js                    477.93 kB │ gzip: 152.31 kB
dist/assets/mermaid.core-BvnsLJWi.js                    498.96 kB │ gzip: 139.36 kB
dist/assets/index-Cv501jdO.js                         2,163.37 kB │ gzip: 600.37 kB
✓ built in 8.01s
[tac] Starting server...

> @paperclipai/server@0.3.1 dev:watch /Users/james/Dev/theagent-company/server
> cross-env PAPERCLIP_MIGRATION_PROMPT=never PAPERCLIP_MIGRATION_AUTO_APPLY=true tsx watch --ignore ../ui/node_modules --ignore ../ui/.vite --ignore ../ui/dist src/index.ts

[13:05:13] [33mWARN[39m: [36mEmbedded PostgreSQL already running; reusing existing process (pid=16381, port=54329)[39m
[13:05:14] [32mINFO[39m: [36mEmbedded PostgreSQL ready[39m
[13:05:14] [32mINFO[39m: [36mAuthenticated mode auth origin configuration[39m [90m{"authBaseUrlMode":"auto","authPublicBaseUrl":null,"trustedOrigins":["https://zifeis-mac-mini.tailf9f88d.ts.net","http://zifeis-mac-mini.tailf9f88d.ts.net"],"trustedOriginsSource":{"derived":2,"env":0}}[39m

[36m██████╗  █████╗ ██████╗ ███████╗██████╗  ██████╗██╗     ██╗██████╗ [0m
[36m██╔══██╗██╔══██╗██╔══██╗██╔════╝██╔══██╗██╔════╝██║     ██║██╔══██╗[0m
[36m██████╔╝███████║██████╔╝█████╗  ██████╔╝██║     ██║     ██║██████╔╝[0m
[36m██╔═══╝ ██╔══██║██╔═══╝ ██╔══╝  ██╔══██╗██║     ██║     ██║██╔═══╝ [0m
[36m██║     ██║  ██║██║     ███████╗██║  ██║╚██████╗███████╗██║██║     [0m
[36m╚═╝     ╚═╝  ╚═╝╚═╝     ╚══════╝╚═╝  ╚═╝ ╚═════╝╚══════╝╚═╝╚═╝     [0m
[34m  ───────────────────────────────────────────────────────[0m
[2mMode            [0m [32membedded-postgres[0m  |  [35mstatic-ui[0m
[2mDeploy          [0m authenticated (private)
[2mAuth            [0m [32mready[0m
[2mServer          [0m 3100
[2mAPI             [0m http://localhost:3100/api [2m(health: http://localhost:3100/api/health)[0m
[2mUI              [0m http://localhost:3100
[2mDatabase        [0m /Users/james/.paperclip/instances/default/db [2m(pg:54329)[0m
[2mMigrations      [0m already applied
[2mAgent JWT       [0m [32mset[0m
[2mHeartbeat       [0m enabled [2m(30000ms)[0m
[2mDB Backup       [0m enabled [2m(every 60m, keep 30d)[0m
[2mBackup Dir      [0m /Users/james/.paperclip/instances/default/data/backups
[2mConfig          [0m /Users/james/.paperclip/instances/default/config.json
[34m  ───────────────────────────────────────────────────────[0m

[13:05:14] [32mINFO[39m: [36mplugin job coordinator started — listening to lifecycle events[39m [90m{"service":"plugin-job-coordinator"}[39m
[13:05:14] [32mINFO[39m: [36mplugin job scheduler started[39m [90m{"service":"plugin-job-scheduler","tickIntervalMs":30000,"maxConcurrentJobs":10}[39m
[13:05:14] [32mINFO[39m: [36minitializing plugin tool dispatcher[39m [90m{"service":"plugin-tool-dispatcher"}[39m
[13:05:14] [32mINFO[39m: [36mplugin-loader: loading all ready plugins[39m [90m{"service":"plugin-loader"}[39m
[13:05:14] [32mINFO[39m: [36mAutomatic database backups enabled[39m [90m{"intervalMinutes":60,"retentionDays":30,"backupDir":"/Users/james/.paperclip/instances/default/data/backups"}[39m
[13:05:14] [32mINFO[39m: [36mServer listening on 0.0.0.0:3100[39m
[13:05:14] [32mINFO[39m: [36mloaded tools from ready plugins[39m [90m{"service":"plugin-tool-dispatcher","readyPlugins":0,"registeredTools":0}[39m
[13:05:14] [32mINFO[39m: [36mplugin tool dispatcher initialized[39m [90m{"service":"plugin-tool-dispatcher","totalTools":0}[39m
[13:05:14] [32mINFO[39m: [36mplugin-loader: no ready plugins to load[39m [90m{"service":"plugin-loader"}[39m
[13:05:15] [32mINFO[39m: [36mGET /heartbeat-runs/58b045b9-682f-4fe1-adf7-1dcbd5ab2b65/log?offset=21758&limitBytes=256000 200[39m
[13:05:15] [32mINFO[39m: [36mGET /heartbeat-runs/e6854426-576e-469e-a27e-00b14c35b2f6/log?offset=259&limitBytes=256000 200[39m
[13:05:15] [32mINFO[39m: [36mGET /heartbeat-runs/032bb982-ef73-4656-aa77-36e0ba353a42/log?offset=24080&limitBytes=256000 200[39m
[13:05:15] [32mINFO[39m: [36mGET /heartbeat-runs/1dab9b6e-febd-42be-b8f5-aaf8e4ba31ce/log?offset=259&limitBytes=256000 200[39m
[13:05:17] [32mINFO[39m: [36mGET /heartbeat-runs/e6854426-576e-469e-a27e-00b14c35b2f6/log?offset=259&limitBytes=256000 304[39m
[13:05:17] [32mINFO[39m: [36mGET /heartbeat-runs/1dab9b6e-febd-42be-b8f5-aaf8e4ba31ce/log?offset=259&limitBytes=256000 304[39m
[13:05:17] [32mINFO[39m: [36mGET /heartbeat-runs/58b045b9-682f-4fe1-adf7-1dcbd5ab2b65/log?offset=21758&limitBytes=256000 304[39m
[13:05:17] [32mINFO[39m: [36mGET /heartbeat-runs/032bb982-ef73-4656-aa77-36e0ba353a42/log?offset=24080&limitBytes=256000 304[39m
[13:05:19] [32mINFO[39m: [36mGET /heartbeat-runs/e6854426-576e-469e-a27e-00b14c35b2f6/log?offset=259&limitBytes=256000 304[39m
[13:05:19] [32mINFO[39m: [36mGET /heartbeat-runs/58b045b9-682f-4fe1-adf7-1dcbd5ab2b65/log?offset=21758&limitBytes=256000 304[39m
[13:05:19] [32mINFO[39m: [36mGET /heartbeat-runs/1dab9b6e-febd-42be-b8f5-aaf8e4ba31ce/log?offset=259&limitBytes=256000 304[39m
[13:05:19] [32mINFO[39m: [36mGET /heartbeat-runs/032bb982-ef73-4656-aa77-36e0ba353a42/log?offset=24080&limitBytes=256000 304[39m
[13:05:21] [32mINFO[39m: [36mGET /heartbeat-runs/e6854426-576e-469e-a27e-00b14c35b2f6/log?offset=259&limitBytes=256000 304[39m
[13:05:21] [32mINFO[39m: [36mGET /heartbeat-runs/1dab9b6e-febd-42be-b8f5-aaf8e4ba31ce/log?offset=259&limitBytes=256000 304[39m
[13:05:21] [32mINFO[39m: [36mGET /heartbeat-runs/58b045b9-682f-4fe1-adf7-1dcbd5ab2b65/log?offset=21758&limitBytes=256000 304[39m
[13:05:21] [32mINFO[39m: [36mGET /heartbeat-runs/032bb982-ef73-4656-aa77-36e0ba353a42/log?offset=24080&limitBytes=256000 304[39m
[13:05:23] [32mINFO[39m: [36mGET /heartbeat-runs/58b045b9-682f-4fe1-adf7-1dcbd5ab2b65/log?offset=21758&limitBytes=256000 304[39m
[13:05:23] [32mINFO[39m: [36mGET /heartbeat-runs/1dab9b6e-febd-42be-b8f5-aaf8e4ba31ce/log?offset=259&limitBytes=256000 304[39m
[13:05:23] [32mINFO[39m: [36mGET /heartbeat-runs/e6854426-576e-469e-a27e-00b14c35b2f6/log?offset=259&limitBytes=256000 304[39m
[13:05:23] [32mINFO[39m: [36mGET /heartbeat-runs/032bb982-ef73-4656-aa77-36e0ba353a42/log?offset=24080&limitBytes=256000 304[39m
[13:05:25] [32mINFO[39m: [36mGET /heartbeat-runs/1dab9b6e-febd-42be-b8f5-aaf8e4ba31ce/log?offset=259&limitBytes=256000 304[39m
[13:05:25] [32mINFO[39m: [36mGET /heartbeat-runs/e6854426-576e-469e-a27e-00b14c35b2f6/log?offset=259&limitBytes=256000 304[39m
[13:05:25] [32mINFO[39m: [36mGET /heartbeat-runs/58b045b9-682f-4fe1-adf7-1dcbd5ab2b65/log?offset=21758&limitBytes=256000 304[39m
[13:05:25] [32mINFO[39m: [36mGET /heartbeat-runs/032bb982-ef73-4656-aa77-36e0ba353a42/log?offset=24080&limitBytes=256000 304[39m
[13:05:27] [32mINFO[39m: [36mGET /heartbeat-runs/e6854426-576e-469e-a27e-00b14c35b2f6/log?offset=259&limitBytes=256000 304[39m
[13:05:27] [32mINFO[39m: [36mGET /heartbeat-runs/1dab9b6e-febd-42be-b8f5-aaf8e4ba31ce/log?offset=259&limitBytes=256000 304[39m
[13:05:27] [32mINFO[39m: [36mGET /heartbeat-runs/58b045b9-682f-4fe1-adf7-1dcbd5ab2b65/log?offset=21758&limitBytes=256000 304[39m
[13:05:27] [32mINFO[39m: [36mGET /heartbeat-runs/032bb982-ef73-4656-aa77-36e0ba353a42/log?offset=24080&limitBytes=256000 304[39m
12:05:58 AM [tsx] change in ./../packages/plugins/sdk/dist/index.js Restarting...
c[13:06:00] [33mWARN[39m: [36mEmbedded PostgreSQL already running; reusing existing process (pid=16630, port=54329)[39m

[36m██████╗  █████╗ ██████╗ ███████╗██████╗  ██████╗██╗     ██╗██████╗ [0m
[36m██╔══██╗██╔══██╗██╔══██╗██╔════╝██╔══██╗██╔════╝██║     ██║██╔══██╗[0m
[36m██████╔╝███████║██████╔╝█████╗  ██████╔╝██║     ██║     ██║██████╔╝[0m
[36m██╔═══╝ ██╔══██║██╔═══╝ ██╔══╝  ██╔══██╗██║     ██║     ██║██╔═══╝ [0m
[36m██║     ██║  ██║██║     ███████╗██║  ██║╚██████╗███████╗██║██║     [0m
[36m╚═╝     ╚═╝  ╚═╝╚═╝     ╚══════╝╚═╝  ╚═╝ ╚═════╝╚══════╝╚═╝╚═╝     [0m
[34m  ───────────────────────────────────────────────────────[0m
[2mMode            [0m [32membedded-postgres[0m  |  [35mstatic-ui[0m
[2mDeploy          [0m authenticated (private)
[2mAuth            [0m [32mready[0m
[2mServer          [0m 3100
[2mAPI             [0m http://localhost:3100/api [2m(health: http://localhost:3100/api/health)[0m
[2mUI              [0m http://localhost:3100
[2mDatabase        [0m /Users/james/.paperclip/instances/default/db [2m(pg:54329)[0m
[2mMigrations      [0m already applied
[2mAgent JWT       [0m [32mset[0m
[2mHeartbeat       [0m enabled [2m(30000ms)[0m
[2mDB Backup       [0m enabled [2m(every 60m, keep 30d)[0m
[2mBackup Dir      [0m /Users/james/.paperclip/instances/default/data/backups
[2mConfig          [0m /Users/james/.paperclip/instances/default/config.json
[34m  ───────────────────────────────────────────────────────[0m

[13:06:00] [32mINFO[39m: [36mEmbedded PostgreSQL ready[39m
[13:06:00] [32mINFO[39m: [36mAuthenticated mode auth origin configuration[39m [90m{"authBaseUrlMode":"auto","authPublicBaseUrl":null,"trustedOrigins":["https://zifeis-mac-mini.tailf9f88d.ts.net","http://zifeis-mac-mini.tailf9f88d.ts.net"],"trustedOriginsSource":{"derived":2,"env":0}}[39m
[13:06:00] [32mINFO[39m: [36mplugin job coordinator started — listening to lifecycle events[39m [90m{"service":"plugin-job-coordinator"}[39m
[13:06:00] [32mINFO[39m: [36mplugin job scheduler started[39m [90m{"service":"plugin-job-scheduler","tickIntervalMs":30000,"maxConcurrentJobs":10}[39m
[13:06:00] [32mINFO[39m: [36minitializing plugin tool dispatcher[39m [90m{"service":"plugin-tool-dispatcher"}[39m
[13:06:00] [32mINFO[39m: [36mplugin-loader: loading all ready plugins[39m [90m{"service":"plugin-loader"}[39m
[13:06:00] [32mINFO[39m: [36mAutomatic database backups enabled[39m [90m{"intervalMinutes":60,"retentionDays":30,"backupDir":"/Users/james/.paperclip/instances/default/data/backups"}[39m
[13:06:00] [32mINFO[39m: [36mServer listening on 0.0.0.0:3100[39m
[13:06:00] [32mINFO[39m: [36mloaded tools from ready plugins[39m [90m{"service":"plugin-tool-dispatcher","readyPlugins":0,"registeredTools":0}[39m
[13:06:00] [32mINFO[39m: [36mplugin tool dispatcher initialized[39m [90m{"service":"plugin-tool-dispatcher","totalTools":0}[39m
[13:06:00] [32mINFO[39m: [36mplugin-loader: no ready plugins to load[39m [90m{"service":"plugin-loader"}[39m
[13:06:13] [32mINFO[39m: [36mGET /heartbeat-runs/e6854426-576e-469e-a27e-00b14c35b2f6/log?offset=259&limitBytes=256000 304[39m
[13:06:13] [32mINFO[39m: [36mGET /heartbeat-runs/032bb982-ef73-4656-aa77-36e0ba353a42/log?offset=24080&limitBytes=256000 304[39m
[13:06:13] [32mINFO[39m: [36mGET /heartbeat-runs/1dab9b6e-febd-42be-b8f5-aaf8e4ba31ce/log?offset=259&limitBytes=256000 304[39m
[13:06:13] [32mINFO[39m: [36mGET /heartbeat-runs/58b045b9-682f-4fe1-adf7-1dcbd5ab2b65/log?offset=21758&limitBytes=256000 304[39m
[tac] Building UI...

> @paperclipai/ui@0.0.1 build /Users/james/Dev/theagent-company/ui
> tsc -b && vite build

vite v6.4.1 building for production...
transforming...
✓ 4789 modules transformed.
rendering chunks...
computing gzip size...
dist/index.html                                           3.63 kB │ gzip:   1.16 kB
dist/assets/index-BM5tPATl.css                          224.18 kB │ gzip:  35.70 kB
dist/assets/clone-DAdQoEsk.js                             0.10 kB │ gzip:   0.11 kB
dist/assets/channel-BJSDqYOb.js                           0.11 kB │ gzip:   0.13 kB
dist/assets/init-Gi6I4Gst.js                              0.15 kB │ gzip:   0.13 kB
dist/assets/chunk-QZHKN3VN-BSmepFiw.js                    0.19 kB │ gzip:   0.16 kB
dist/assets/chunk-55IACEB6-BYJEvuQ_.js                    0.24 kB │ gzip:   0.21 kB
dist/assets/chunk-4BX2VUAB-BcsyRPD7.js                    0.30 kB │ gzip:   0.21 kB
dist/assets/diff-DbItnlRl.js                              0.31 kB │ gzip:   0.24 kB
dist/assets/chunk-FMBD7UC4-28toWmJ1.js                    0.37 kB │ gzip:   0.27 kB
dist/assets/chunk-QN33PNHL-BDNRDOqF.js                    0.53 kB │ gzip:   0.37 kB
dist/assets/stateDiagram-v2-4FDKWEC3-BxaNOD-H.js          0.57 kB │ gzip:   0.36 kB
dist/assets/classDiagram-2ON5EDUG-RPmrjjvc.js             0.61 kB │ gzip:   0.37 kB
dist/assets/classDiagram-v2-WZHVMYZB-RPmrjjvc.js          0.61 kB │ gzip:   0.37 kB
dist/assets/brainfuck-C4LP7Hcl.js                         0.61 kB │ gzip:   0.33 kB
dist/assets/properties-C78fOPTZ.js                        0.67 kB │ gzip:   0.34 kB
dist/assets/cmake-BQqOBYOt.js                             0.78 kB │ gzip:   0.46 kB
dist/assets/asciiarmor-Df11BRmG.js                        0.79 kB │ gzip:   0.40 kB
dist/assets/http-DBlCnlav.js                              0.85 kB │ gzip:   0.42 kB
dist/assets/protobuf-ChK-085T.js                          0.86 kB │ gzip:   0.52 kB
dist/assets/solr-DehyRSwq.js                              0.87 kB │ gzip:   0.45 kB
dist/assets/infoDiagram-HS3SLOUP-Bnqsix_U.js              0.87 kB │ gzip:   0.53 kB
dist/assets/troff-wAsdV37c.js                             0.96 kB │ gzip:   0.44 kB
dist/assets/spreadsheet-BCZA_wO0.js                       1.14 kB │ gzip:   0.54 kB
dist/assets/toml-Bm5Em-hy.js                              1.14 kB │ gzip:   0.54 kB
dist/assets/ordinal-Cboi1Yqb.js                           1.19 kB │ gzip:   0.57 kB
dist/assets/mbox-CNhZ1qSd.js                              1.40 kB │ gzip:   0.65 kB
dist/assets/chunk-TZMSLE5B-BWPsWWNj.js                    1.44 kB │ gzip:   0.64 kB
dist/assets/sieve-C3Gn_uJK.js                             1.62 kB │ gzip:   0.77 kB
dist/assets/rpm-CTu-6PCP.js                               1.62 kB │ gzip:   0.82 kB
dist/assets/factor-kuTfRLto.js                            1.67 kB │ gzip:   0.61 kB
dist/assets/z80-Hz9HOZM7.js                               1.75 kB │ gzip:   0.81 kB
dist/assets/eiffel-CnydiIhH.js                            1.81 kB │ gzip:   0.91 kB
dist/assets/elm-vLlmbW-K.js                               1.89 kB │ gzip:   0.81 kB
dist/assets/mathematica-DTrFuWx2.js                       1.92 kB │ gzip:   0.81 kB
dist/assets/dockerfile-BKs6k2Af.js                        1.95 kB │ gzip:   0.67 kB
dist/assets/turtle-B1tBg_DP.js                            1.98 kB │ gzip:   0.90 kB
dist/assets/ebnf-CDyGwa7X.js                              1.99 kB │ gzip:   0.80 kB
dist/assets/smalltalk-CnHTOXQT.js                         2.01 kB │ gzip:   0.85 kB
dist/assets/dtd-DF_7sFjM.js                               2.06 kB │ gzip:   0.87 kB
dist/assets/mumps-BT43cFF4.js                             2.07 kB │ gzip:   0.98 kB
dist/assets/fcl-Kvtd6kyn.js                               2.08 kB │ gzip:   0.95 kB
dist/assets/ntriples-BfvgReVJ.js                          2.10 kB │ gzip:   0.74 kB
dist/assets/yacas-BJ4BC0dw.js                             2.15 kB │ gzip:   1.09 kB
dist/assets/simple-mode-GW_nhZxv.js                       2.28 kB │ gzip:   1.09 kB
dist/assets/apl-B4CMkyY2.js                               2.30 kB │ gzip:   1.20 kB
dist/assets/pascal--L3eBynH.js                            2.30 kB │ gzip:   1.19 kB
dist/assets/octave-Ck1zUtKM.js                            2.31 kB │ gzip:   1.09 kB
dist/assets/commonlisp-DBKNyK5s.js                        2.32 kB │ gzip:   1.09 kB
dist/assets/tcl-DVfN8rqt.js                               2.36 kB │ gzip:   1.22 kB
dist/assets/webidl-ZXfAyPTL.js                            2.52 kB │ gzip:   1.24 kB
dist/assets/pig-CevX1Tat.js                               2.53 kB │ gzip:   1.35 kB
dist/assets/puppet-DMA9R1ak.js                            2.54 kB │ gzip:   1.19 kB
dist/assets/forth-Ffai-XNe.js                             2.54 kB │ gzip:   1.31 kB
dist/assets/shell-CjFT_Tl9.js                             2.57 kB │ gzip:   1.20 kB
dist/assets/_basePickBy-gpzw5osc.js                       2.59 kB │ gzip:   1.29 kB
dist/assets/index-D4XB8Edi.js                             2.59 kB │ gzip:   1.55 kB
dist/assets/velocity-D8B20fx6.js                          2.67 kB │ gzip:   1.11 kB
dist/assets/tiddlywiki-DO-Gjzrf.js                        2.78 kB │ gzip:   1.06 kB
dist/assets/modelica-Dc1JOy9r.js                          2.79 kB │ gzip:   1.28 kB
dist/assets/index-DZTjVWas.js                             2.81 kB │ gzip:   1.54 kB
dist/assets/oz-BzwKVEFT.js                                2.90 kB │ gzip:   1.28 kB
dist/assets/r-B6wPVr8A.js                                 2.94 kB │ gzip:   1.36 kB
dist/assets/stex-C3f8Ysf7.js                              3.12 kB │ gzip:   1.20 kB
dist/assets/tiki-DGYXhP31.js                              3.25 kB │ gzip:   1.26 kB
dist/assets/vhdl-lSbBsy5d.js                              3.35 kB │ gzip:   1.51 kB
dist/assets/lua-BgMRiT3U.js                               3.40 kB │ gzip:   1.42 kB
dist/assets/arc-DGur4Lzk.js                               3.42 kB │ gzip:   1.45 kB
dist/assets/mscgen-BA5vi2Kp.js                            3.51 kB │ gzip:   0.97 kB
dist/assets/sparql-DkYu6x3z.js                            3.55 kB │ gzip:   1.61 kB
dist/assets/cypher-C_CwsFkJ.js                            3.56 kB │ gzip:   1.52 kB
dist/assets/index-Byq-2ouA.js                             3.58 kB │ gzip:   1.78 kB
dist/assets/d-pRatUO7H.js                                 3.72 kB │ gzip:   1.67 kB
dist/assets/coffeescript-S37ZYGWr.js                      3.87 kB │ gzip:   1.67 kB
dist/assets/vb-CmGdzxic.js                                3.90 kB │ gzip:   1.78 kB
dist/assets/swift-BzpIVaGY.js                             3.96 kB │ gzip:   1.78 kB
dist/assets/asn1-EdZsLKOL.js                              3.98 kB │ gzip:   1.92 kB
dist/assets/q-pXgVlZs6.js                                 4.03 kB │ gzip:   1.66 kB
dist/assets/ttcn-cfg-B9xdYoR4.js                          4.05 kB │ gzip:   1.69 kB
dist/assets/dylan-DwRh75JA.js                             4.05 kB │ gzip:   1.64 kB
dist/assets/livescript-BwQOo05w.js                        4.09 kB │ gzip:   1.62 kB
dist/assets/groovy-D9Dt4D0W.js                            4.14 kB │ gzip:   1.76 kB
dist/assets/haskell-Cw1EW3IL.js                           4.17 kB │ gzip:   1.86 kB
dist/assets/asterisk-B-8jnY81.js                          4.48 kB │ gzip:   1.78 kB
dist/assets/diagram-S2PKOQOG-DLGnDLmd.js                  4.52 kB │ gzip:   1.97 kB
dist/assets/gas-Bneqetm1.js                               4.57 kB │ gzip:   1.28 kB
dist/assets/fortran-DYz_wnZ1.js                           4.65 kB │ gzip:   2.00 kB
dist/assets/defaultLocale-DX6XiGOO.js                     4.69 kB │ gzip:   2.17 kB
dist/assets/mllike-CXdrOF99.js                            4.79 kB │ gzip:   1.54 kB
dist/assets/ttcn-CfJYG6tj.js                              4.80 kB │ gzip:   2.10 kB
dist/assets/ecl-Cabwm37j.js                               5.13 kB │ gzip:   2.29 kB
dist/assets/crystal-SjHAIU92.js                           5.13 kB │ gzip:   2.05 kB
dist/assets/ruby-B2Rjki9n.js                              5.16 kB │ gzip:   2.13 kB
dist/assets/index-D549ce1s.js                             5.24 kB │ gzip:   2.44 kB
dist/assets/julia-DuME0IfC.js                             5.39 kB │ gzip:   2.12 kB
dist/assets/pieDiagram-ADFJNKIX-9gJWbhzj.js               5.44 kB │ gzip:   2.41 kB
dist/assets/linear-kEyodgED.js                            5.66 kB │ gzip:   2.31 kB
dist/assets/vbscript-BuJXcnF6.js                          5.82 kB │ gzip:   2.55 kB
dist/assets/mirc-CjQqDB4T.js                              5.92 kB │ gzip:   2.66 kB
dist/assets/graph-s3cqs7wo.js                             5.92 kB │ gzip:   1.87 kB
dist/assets/cobol-CWcv1MsR.js                             6.20 kB │ gzip:   2.91 kB
dist/assets/diagram-QEK2KX5R-6582tYzq.js                  6.23 kB │ gzip:   2.61 kB
dist/assets/scheme-C41bIUwD.js                            6.37 kB │ gzip:   2.39 kB
dist/assets/python-BuPzkPfP.js                            6.48 kB │ gzip:   2.71 kB
dist/assets/xquery-DzFWVndE.js                            6.62 kB │ gzip:   2.56 kB
dist/assets/pug-DeIclll2.js                               6.67 kB │ gzip:   1.95 kB
dist/assets/textile-CnDTJFAw.js                           6.80 kB │ gzip:   2.43 kB
dist/assets/nsis-LdVXkNf5.js                              6.81 kB │ gzip:   2.96 kB
dist/assets/nginx-DdIZxoE0.js                             7.34 kB │ gzip:   2.73 kB
dist/assets/powershell-CFHJl5sT.js                        7.77 kB │ gzip:   3.30 kB
dist/assets/haxe-H-WmDvRZ.js                              7.89 kB │ gzip:   2.92 kB
dist/assets/erlang-BNw1qcRV.js                            8.10 kB │ gzip:   2.86 kB
dist/assets/verilog-C6RDOZhf.js                           8.24 kB │ gzip:   3.47 kB
dist/assets/sas-B4kiWyti.js                               9.33 kB │ gzip:   4.07 kB
dist/assets/perl-CdXCOZ3F.js                              9.75 kB │ gzip:   3.40 kB
dist/assets/gherkin-heZmZLOM.js                          10.16 kB │ gzip:   4.96 kB
dist/assets/stateDiagram-FKZM4ZOC-Da4QWXp6.js            10.56 kB │ gzip:   3.71 kB
dist/assets/clojure-BMjYHr_A.js                          10.82 kB │ gzip:   3.96 kB
dist/assets/dagre-6UL2VRFP-B9V3caAO.js                   11.44 kB │ gzip:   4.28 kB
dist/assets/idl-BEugSyMb.js                              11.63 kB │ gzip:   4.54 kB
dist/assets/_baseUniq-DnM1wfCF.js                        11.90 kB │ gzip:   4.63 kB
dist/assets/index-B0baG406.js                            12.87 kB │ gzip:   5.57 kB
dist/assets/index-2Cnzi0m4.js                            14.97 kB │ gzip:   5.97 kB
dist/assets/diagram-PSM6KHXK-Cq92UKxT.js                 16.16 kB │ gzip:   5.78 kB
dist/assets/index-BWtvuGF_.js                            16.49 kB │ gzip:   7.30 kB
dist/assets/javascript-iXu5QeM3.js                       17.08 kB │ gzip:   5.72 kB
dist/assets/index-BxneqfSV.js                            19.86 kB │ gzip:   9.13 kB
dist/assets/kanban-definition-3W4ZIXB7-Z32e1pXk.js       20.78 kB │ gzip:   7.27 kB
dist/assets/index-D9YQqNbV.js                            21.09 kB │ gzip:   9.20 kB
dist/assets/mindmap-definition-VGOIOE7T-BhDf-Jjw.js      21.21 kB │ gzip:   7.35 kB
dist/assets/clike-B9uivgTg.js                            22.30 kB │ gzip:   7.79 kB
dist/assets/sankeyDiagram-TZEHDZUN-h1XefwrZ.js           22.41 kB │ gzip:   8.19 kB
dist/assets/index-DC7w492-.js                            23.24 kB │ gzip:  10.09 kB
dist/assets/journeyDiagram-XKPGCS4Q-EvB-VeCc.js          23.72 kB │ gzip:   8.35 kB
dist/assets/timeline-definition-IT6M3QCI-CxthEMcD.js     23.89 kB │ gzip:   8.31 kB
dist/assets/gitGraphDiagram-V2S2FVAM-CW7rfNED.js         24.90 kB │ gzip:   7.66 kB
dist/assets/erDiagram-Q2GNP2WA-BjxWiP6N.js               25.52 kB │ gzip:   8.85 kB
dist/assets/stylus-B533Al4x.js                           25.80 kB │ gzip:   8.62 kB
dist/assets/index-Bw8wjJzh.js                            26.03 kB │ gzip:  11.45 kB
dist/assets/index-B05OPtkX.js                            26.39 kB │ gzip:   8.82 kB
dist/assets/css-BnMrqG3P.js                              27.13 kB │ gzip:   8.49 kB
dist/assets/layout-BLCB9XPa.js                           27.39 kB │ gzip:   9.72 kB
dist/assets/index-pPL10Jtm.js                            28.86 kB │ gzip:  11.46 kB
dist/assets/requirementDiagram-UZGBJVZJ-D3KDCP3u.js      30.44 kB │ gzip:   9.46 kB
dist/assets/index-BJmZV-jh.js                            30.97 kB │ gzip:  12.42 kB
dist/assets/index-DTYa-VD0.js                            32.50 kB │ gzip:  13.05 kB
dist/assets/quadrantDiagram-AYHSOK5B-DbGWcxQc.js         34.50 kB │ gzip:  10.07 kB
dist/assets/chunk-DI55MBZ5-6ctRRIR_.js                   36.80 kB │ gzip:  11.85 kB
dist/assets/sql-D0XecflT.js                              37.05 kB │ gzip:  10.91 kB
dist/assets/xychartDiagram-PRI3JC2R-BmyiNxwL.js          40.39 kB │ gzip:  11.43 kB
dist/assets/vendor-tanstack-D-u36eqh.js                  40.82 kB │ gzip:  12.16 kB
dist/assets/index-DsUodgRo.js                            40.91 kB │ gzip:  16.24 kB
dist/assets/index-dtVDkZEM.js                            44.33 kB │ gzip:  15.39 kB
dist/assets/index-DOX7H3_6.js                            45.28 kB │ gzip:  18.73 kB
dist/assets/chunk-B4BG7PRW-CjKg95Ep.js                   45.41 kB │ gzip:  14.55 kB
dist/assets/vendor-dnd-D9flXMQ8.js                       50.12 kB │ gzip:  16.60 kB
dist/assets/vendor-i18n-D7Z1H7Kb.js                      57.07 kB │ gzip:  18.42 kB
dist/assets/flowDiagram-NV44I4VS-O2RjlAzM.js             61.29 kB │ gzip:  19.39 kB
dist/assets/ganttDiagram-JELNMOA3-CpNQZzdc.js            68.48 kB │ gzip:  22.95 kB
dist/assets/c4Diagram-YG6GDRKO-Bs0JnzlK.js               70.34 kB │ gzip:  19.62 kB
dist/assets/index-Blu6yaeg.js                            70.98 kB │ gzip:  25.16 kB
dist/assets/blockDiagram-VD42YOAC-ChSs7cUd.js            73.33 kB │ gzip:  20.75 kB
dist/assets/cose-bilkent-S5V4N54A-lrK6NXAs.js            81.89 kB │ gzip:  22.47 kB
dist/assets/index-auzQ2Uvj.js                            86.81 kB │ gzip:  33.63 kB
dist/assets/index-D9D-biVY.js                            98.03 kB │ gzip:  28.03 kB
dist/assets/sequenceDiagram-WL72ISMW-CjeNEHIL.js         98.31 kB │ gzip:  26.86 kB
dist/assets/index-1oDJJsB0.js                           100.73 kB │ gzip:  32.62 kB
dist/assets/vendor-radix-Bv30JGBl.js                    118.34 kB │ gzip:  36.18 kB
dist/assets/architectureDiagram-VXUJARFQ-DVtp7UAs.js    149.14 kB │ gzip:  42.00 kB
dist/assets/katex-O9d3_IXG.js                           258.51 kB │ gzip:  76.54 kB
dist/assets/cytoscape.esm-BQaXIfA_.js                   442.44 kB │ gzip: 141.29 kB
dist/assets/treemap-GDKQZRPO-DxnLdY2j.js                454.87 kB │ gzip: 107.69 kB
dist/assets/vendor-react-CJhteRp4.js                    477.93 kB │ gzip: 152.31 kB
dist/assets/mermaid.core-BvnsLJWi.js                    498.96 kB │ gzip: 139.36 kB
dist/assets/index-Cv501jdO.js                         2,163.37 kB │ gzip: 600.37 kB
✓ built in 7.30s
[tac] Starting server...

> @paperclipai/server@0.3.1 dev:watch /Users/james/Dev/theagent-company/server
> cross-env PAPERCLIP_MIGRATION_PROMPT=never PAPERCLIP_MIGRATION_AUTO_APPLY=true tsx watch --ignore ../ui/node_modules --ignore ../ui/.vite --ignore ../ui/dist src/index.ts

[13:06:50] [33mWARN[39m: [36mEmbedded PostgreSQL already running; reusing existing process (pid=16630, port=54329)[39m
[13:06:50] [32mINFO[39m: [36mEmbedded PostgreSQL ready[39m
[13:06:50] [32mINFO[39m: [36mAuthenticated mode auth origin configuration[39m [90m{"authBaseUrlMode":"auto","authPublicBaseUrl":null,"trustedOrigins":["https://zifeis-mac-mini.tailf9f88d.ts.net","http://zifeis-mac-mini.tailf9f88d.ts.net"],"trustedOriginsSource":{"derived":2,"env":0}}[39m

[36m██████╗  █████╗ ██████╗ ███████╗██████╗  ██████╗██╗     ██╗██████╗ [0m
[36m██╔══██╗██╔══██╗██╔══██╗██╔════╝██╔══██╗██╔════╝██║     ██║██╔══██╗[0m
[36m██████╔╝███████║██████╔╝█████╗  ██████╔╝██║     ██║     ██║██████╔╝[0m
[36m██╔═══╝ ██╔══██║██╔═══╝ ██╔══╝  ██╔══██╗██║     ██║     ██║██╔═══╝ [0m
[36m██║     ██║  ██║██║     ███████╗██║  ██║╚██████╗███████╗██║██║     [0m
[36m╚═╝     ╚═╝  ╚═╝╚═╝     ╚══════╝╚═╝  ╚═╝ ╚═════╝╚══════╝╚═╝╚═╝     [0m
[34m  ───────────────────────────────────────────────────────[0m
[2mMode            [0m [32membedded-postgres[0m  |  [35mstatic-ui[0m
[2mDeploy          [0m authenticated (private)
[2mAuth            [0m [32mready[0m
[2mServer          [0m 3100
[2mAPI             [0m http://localhost:3100/api [2m(health: http://localhost:3100/api/health)[0m
[2mUI              [0m http://localhost:3100
[2mDatabase        [0m /Users/james/.paperclip/instances/default/db [2m(pg:54329)[0m
[2mMigrations      [0m already applied
[2mAgent JWT       [0m [32mset[0m
[2mHeartbeat       [0m enabled [2m(30000ms)[0m
[2mDB Backup       [0m enabled [2m(every 60m, keep 30d)[0m
[2mBackup Dir      [0m /Users/james/.paperclip/instances/default/data/backups
[2mConfig          [0m /Users/james/.paperclip/instances/default/config.json
[34m  ───────────────────────────────────────────────────────[0m

[13:06:50] [32mINFO[39m: [36mplugin job coordinator started — listening to lifecycle events[39m [90m{"service":"plugin-job-coordinator"}[39m
[13:06:50] [32mINFO[39m: [36mplugin job scheduler started[39m [90m{"service":"plugin-job-scheduler","tickIntervalMs":30000,"maxConcurrentJobs":10}[39m
[13:06:50] [32mINFO[39m: [36minitializing plugin tool dispatcher[39m [90m{"service":"plugin-tool-dispatcher"}[39m
[13:06:50] [32mINFO[39m: [36mplugin-loader: loading all ready plugins[39m [90m{"service":"plugin-loader"}[39m
[13:06:50] [32mINFO[39m: [36mAutomatic database backups enabled[39m [90m{"intervalMinutes":60,"retentionDays":30,"backupDir":"/Users/james/.paperclip/instances/default/data/backups"}[39m
[13:06:50] [32mINFO[39m: [36mServer listening on 0.0.0.0:3100[39m
[13:06:50] [32mINFO[39m: [36mloaded tools from ready plugins[39m [90m{"service":"plugin-tool-dispatcher","readyPlugins":0,"registeredTools":0}[39m
[13:06:50] [32mINFO[39m: [36mplugin tool dispatcher initialized[39m [90m{"service":"plugin-tool-dispatcher","totalTools":0}[39m
[13:06:50] [32mINFO[39m: [36mplugin-loader: no ready plugins to load[39m [90m{"service":"plugin-loader"}[39m
12:06:55 AM [tsx] change in ./../packages/plugins/sdk/dist/index.js Restarting...
c[13:06:57] [33mWARN[39m: [36mEmbedded PostgreSQL already running; reusing existing process (pid=16630, port=54329)[39m

[36m██████╗  █████╗ ██████╗ ███████╗██████╗  ██████╗██╗     ██╗██████╗ [0m
[36m██╔══██╗██╔══██╗██╔══██╗██╔════╝██╔══██╗██╔════╝██║     ██║██╔══██╗[0m
[36m██████╔╝███████║██████╔╝█████╗  ██████╔╝██║     ██║     ██║██████╔╝[0m
[36m██╔═══╝ ██╔══██║██╔═══╝ ██╔══╝  ██╔══██╗██║     ██║     ██║██╔═══╝ [0m
[36m██║     ██║  ██║██║     ███████╗██║  ██║╚██████╗███████╗██║██║     [0m
[36m╚═╝     ╚═╝  ╚═╝╚═╝     ╚══════╝╚═╝  ╚═╝ ╚═════╝╚══════╝╚═╝╚═╝     [0m
[34m  ───────────────────────────────────────────────────────[0m
[2mMode            [0m [32membedded-postgres[0m  |  [35mstatic-ui[0m
[2mDeploy          [0m authenticated (private)
[2mAuth            [0m [32mready[0m
[2mServer          [0m 3100
[2mAPI             [0m http://localhost:3100/api [2m(health: http://localhost:3100/api/health)[0m
[2mUI              [0m http://localhost:3100
[2mDatabase        [0m /Users/james/.paperclip/instances/default/db [2m(pg:54329)[0m
[2mMigrations      [0m already applied
[2mAgent JWT       [0m [32mset[0m
[2mHeartbeat       [0m enabled [2m(30000ms)[0m
[2mDB Backup       [0m enabled [2m(every 60m, keep 30d)[0m
[2mBackup Dir      [0m /Users/james/.paperclip/instances/default/data/backups
[2mConfig          [0m /Users/james/.paperclip/instances/default/config.json
[34m  ───────────────────────────────────────────────────────[0m

[13:06:57] [32mINFO[39m: [36mEmbedded PostgreSQL ready[39m
[13:06:57] [32mINFO[39m: [36mAuthenticated mode auth origin configuration[39m [90m{"authBaseUrlMode":"auto","authPublicBaseUrl":null,"trustedOrigins":["https://zifeis-mac-mini.tailf9f88d.ts.net","http://zifeis-mac-mini.tailf9f88d.ts.net"],"trustedOriginsSource":{"derived":2,"env":0}}[39m
[13:06:57] [32mINFO[39m: [36mplugin job coordinator started — listening to lifecycle events[39m [90m{"service":"plugin-job-coordinator"}[39m
[13:06:57] [32mINFO[39m: [36mplugin job scheduler started[39m [90m{"service":"plugin-job-scheduler","tickIntervalMs":30000,"maxConcurrentJobs":10}[39m
[13:06:57] [32mINFO[39m: [36minitializing plugin tool dispatcher[39m [90m{"service":"plugin-tool-dispatcher"}[39m
[13:06:57] [32mINFO[39m: [36mplugin-loader: loading all ready plugins[39m [90m{"service":"plugin-loader"}[39m
[13:06:57] [32mINFO[39m: [36mAutomatic database backups enabled[39m [90m{"intervalMinutes":60,"retentionDays":30,"backupDir":"/Users/james/.paperclip/instances/default/data/backups"}[39m
[13:06:57] [32mINFO[39m: [36mServer listening on 0.0.0.0:3100[39m
[13:06:57] [32mINFO[39m: [36mloaded tools from ready plugins[39m [90m{"service":"plugin-tool-dispatcher","readyPlugins":0,"registeredTools":0}[39m
[13:06:57] [32mINFO[39m: [36mplugin tool dispatcher initialized[39m [90m{"service":"plugin-tool-dispatcher","totalTools":0}[39m
[13:06:57] [32mINFO[39m: [36mplugin-loader: no ready plugins to load[39m [90m{"service":"plugin-loader"}[39m
[13:07:13] [32mINFO[39m: [36mGET /heartbeat-runs/58b045b9-682f-4fe1-adf7-1dcbd5ab2b65/log?offset=21758&limitBytes=256000 304[39m
[13:07:13] [32mINFO[39m: [36mGET /heartbeat-runs/032bb982-ef73-4656-aa77-36e0ba353a42/log?offset=24080&limitBytes=256000 304[39m
[13:07:13] [32mINFO[39m: [36mGET /heartbeat-runs/1dab9b6e-febd-42be-b8f5-aaf8e4ba31ce/log?offset=259&limitBytes=256000 304[39m
[13:07:13] [32mINFO[39m: [36mGET /heartbeat-runs/e6854426-576e-469e-a27e-00b14c35b2f6/log?offset=259&limitBytes=256000 304[39m
[tac] Building UI...

> @paperclipai/ui@0.0.1 build /Users/james/Dev/theagent-company/ui
> tsc -b && vite build

vite v6.4.1 building for production...
transforming...
✓ 4789 modules transformed.
rendering chunks...
computing gzip size...
dist/index.html                                           3.63 kB │ gzip:   1.16 kB
dist/assets/index-BM5tPATl.css                          224.18 kB │ gzip:  35.70 kB
dist/assets/clone-DAdQoEsk.js                             0.10 kB │ gzip:   0.11 kB
dist/assets/channel-BJSDqYOb.js                           0.11 kB │ gzip:   0.13 kB
dist/assets/init-Gi6I4Gst.js                              0.15 kB │ gzip:   0.13 kB
dist/assets/chunk-QZHKN3VN-BSmepFiw.js                    0.19 kB │ gzip:   0.16 kB
dist/assets/chunk-55IACEB6-BYJEvuQ_.js                    0.24 kB │ gzip:   0.21 kB
dist/assets/chunk-4BX2VUAB-BcsyRPD7.js                    0.30 kB │ gzip:   0.21 kB
dist/assets/diff-DbItnlRl.js                              0.31 kB │ gzip:   0.24 kB
dist/assets/chunk-FMBD7UC4-28toWmJ1.js                    0.37 kB │ gzip:   0.27 kB
dist/assets/chunk-QN33PNHL-BDNRDOqF.js                    0.53 kB │ gzip:   0.37 kB
dist/assets/stateDiagram-v2-4FDKWEC3-BxaNOD-H.js          0.57 kB │ gzip:   0.36 kB
dist/assets/classDiagram-2ON5EDUG-RPmrjjvc.js             0.61 kB │ gzip:   0.37 kB
dist/assets/classDiagram-v2-WZHVMYZB-RPmrjjvc.js          0.61 kB │ gzip:   0.37 kB
dist/assets/brainfuck-C4LP7Hcl.js                         0.61 kB │ gzip:   0.33 kB
dist/assets/properties-C78fOPTZ.js                        0.67 kB │ gzip:   0.34 kB
dist/assets/cmake-BQqOBYOt.js                             0.78 kB │ gzip:   0.46 kB
dist/assets/asciiarmor-Df11BRmG.js                        0.79 kB │ gzip:   0.40 kB
dist/assets/http-DBlCnlav.js                              0.85 kB │ gzip:   0.42 kB
dist/assets/protobuf-ChK-085T.js                          0.86 kB │ gzip:   0.52 kB
dist/assets/solr-DehyRSwq.js                              0.87 kB │ gzip:   0.45 kB
dist/assets/infoDiagram-HS3SLOUP-Bnqsix_U.js              0.87 kB │ gzip:   0.53 kB
dist/assets/troff-wAsdV37c.js                             0.96 kB │ gzip:   0.44 kB
dist/assets/spreadsheet-BCZA_wO0.js                       1.14 kB │ gzip:   0.54 kB
dist/assets/toml-Bm5Em-hy.js                              1.14 kB │ gzip:   0.54 kB
dist/assets/ordinal-Cboi1Yqb.js                           1.19 kB │ gzip:   0.57 kB
dist/assets/mbox-CNhZ1qSd.js                              1.40 kB │ gzip:   0.65 kB
dist/assets/chunk-TZMSLE5B-BWPsWWNj.js                    1.44 kB │ gzip:   0.64 kB
dist/assets/sieve-C3Gn_uJK.js                             1.62 kB │ gzip:   0.77 kB
dist/assets/rpm-CTu-6PCP.js                               1.62 kB │ gzip:   0.82 kB
dist/assets/factor-kuTfRLto.js                            1.67 kB │ gzip:   0.61 kB
dist/assets/z80-Hz9HOZM7.js                               1.75 kB │ gzip:   0.81 kB
dist/assets/eiffel-CnydiIhH.js                            1.81 kB │ gzip:   0.91 kB
dist/assets/elm-vLlmbW-K.js                               1.89 kB │ gzip:   0.81 kB
dist/assets/mathematica-DTrFuWx2.js                       1.92 kB │ gzip:   0.81 kB
dist/assets/dockerfile-BKs6k2Af.js                        1.95 kB │ gzip:   0.67 kB
dist/assets/turtle-B1tBg_DP.js                            1.98 kB │ gzip:   0.90 kB
dist/assets/ebnf-CDyGwa7X.js                              1.99 kB │ gzip:   0.80 kB
dist/assets/smalltalk-CnHTOXQT.js                         2.01 kB │ gzip:   0.85 kB
dist/assets/dtd-DF_7sFjM.js                               2.06 kB │ gzip:   0.87 kB
dist/assets/mumps-BT43cFF4.js                             2.07 kB │ gzip:   0.98 kB
dist/assets/fcl-Kvtd6kyn.js                               2.08 kB │ gzip:   0.95 kB
dist/assets/ntriples-BfvgReVJ.js                          2.10 kB │ gzip:   0.74 kB
dist/assets/yacas-BJ4BC0dw.js                             2.15 kB │ gzip:   1.09 kB
dist/assets/simple-mode-GW_nhZxv.js                       2.28 kB │ gzip:   1.09 kB
dist/assets/apl-B4CMkyY2.js                               2.30 kB │ gzip:   1.20 kB
dist/assets/pascal--L3eBynH.js                            2.30 kB │ gzip:   1.19 kB
dist/assets/octave-Ck1zUtKM.js                            2.31 kB │ gzip:   1.09 kB
dist/assets/commonlisp-DBKNyK5s.js                        2.32 kB │ gzip:   1.09 kB
dist/assets/tcl-DVfN8rqt.js                               2.36 kB │ gzip:   1.22 kB
dist/assets/webidl-ZXfAyPTL.js                            2.52 kB │ gzip:   1.24 kB
dist/assets/pig-CevX1Tat.js                               2.53 kB │ gzip:   1.35 kB
dist/assets/puppet-DMA9R1ak.js                            2.54 kB │ gzip:   1.19 kB
dist/assets/forth-Ffai-XNe.js                             2.54 kB │ gzip:   1.31 kB
dist/assets/shell-CjFT_Tl9.js                             2.57 kB │ gzip:   1.20 kB
dist/assets/_basePickBy-gpzw5osc.js                       2.59 kB │ gzip:   1.29 kB
dist/assets/index-D4XB8Edi.js                             2.59 kB │ gzip:   1.55 kB
dist/assets/velocity-D8B20fx6.js                          2.67 kB │ gzip:   1.11 kB
dist/assets/tiddlywiki-DO-Gjzrf.js                        2.78 kB │ gzip:   1.06 kB
dist/assets/modelica-Dc1JOy9r.js                          2.79 kB │ gzip:   1.28 kB
dist/assets/index-DZTjVWas.js                             2.81 kB │ gzip:   1.54 kB
dist/assets/oz-BzwKVEFT.js                                2.90 kB │ gzip:   1.28 kB
dist/assets/r-B6wPVr8A.js                                 2.94 kB │ gzip:   1.36 kB
dist/assets/stex-C3f8Ysf7.js                              3.12 kB │ gzip:   1.20 kB
dist/assets/tiki-DGYXhP31.js                              3.25 kB │ gzip:   1.26 kB
dist/assets/vhdl-lSbBsy5d.js                              3.35 kB │ gzip:   1.51 kB
dist/assets/lua-BgMRiT3U.js                               3.40 kB │ gzip:   1.42 kB
dist/assets/arc-DGur4Lzk.js                               3.42 kB │ gzip:   1.45 kB
dist/assets/mscgen-BA5vi2Kp.js                            3.51 kB │ gzip:   0.97 kB
dist/assets/sparql-DkYu6x3z.js                            3.55 kB │ gzip:   1.61 kB
dist/assets/cypher-C_CwsFkJ.js                            3.56 kB │ gzip:   1.52 kB
dist/assets/index-Byq-2ouA.js                             3.58 kB │ gzip:   1.78 kB
dist/assets/d-pRatUO7H.js                                 3.72 kB │ gzip:   1.67 kB
dist/assets/coffeescript-S37ZYGWr.js                      3.87 kB │ gzip:   1.67 kB
dist/assets/vb-CmGdzxic.js                                3.90 kB │ gzip:   1.78 kB
dist/assets/swift-BzpIVaGY.js                             3.96 kB │ gzip:   1.78 kB
dist/assets/asn1-EdZsLKOL.js                              3.98 kB │ gzip:   1.92 kB
dist/assets/q-pXgVlZs6.js                                 4.03 kB │ gzip:   1.66 kB
dist/assets/ttcn-cfg-B9xdYoR4.js                          4.05 kB │ gzip:   1.69 kB
dist/assets/dylan-DwRh75JA.js                             4.05 kB │ gzip:   1.64 kB
dist/assets/livescript-BwQOo05w.js                        4.09 kB │ gzip:   1.62 kB
dist/assets/groovy-D9Dt4D0W.js                            4.14 kB │ gzip:   1.76 kB
dist/assets/haskell-Cw1EW3IL.js                           4.17 kB │ gzip:   1.86 kB
dist/assets/asterisk-B-8jnY81.js                          4.48 kB │ gzip:   1.78 kB
dist/assets/diagram-S2PKOQOG-DLGnDLmd.js                  4.52 kB │ gzip:   1.97 kB
dist/assets/gas-Bneqetm1.js                               4.57 kB │ gzip:   1.28 kB
dist/assets/fortran-DYz_wnZ1.js                           4.65 kB │ gzip:   2.00 kB
dist/assets/defaultLocale-DX6XiGOO.js                     4.69 kB │ gzip:   2.17 kB
dist/assets/mllike-CXdrOF99.js                            4.79 kB │ gzip:   1.54 kB
dist/assets/ttcn-CfJYG6tj.js                              4.80 kB │ gzip:   2.10 kB
dist/assets/ecl-Cabwm37j.js                               5.13 kB │ gzip:   2.29 kB
dist/assets/crystal-SjHAIU92.js                           5.13 kB │ gzip:   2.05 kB
dist/assets/ruby-B2Rjki9n.js                              5.16 kB │ gzip:   2.13 kB
dist/assets/index-D549ce1s.js                             5.24 kB │ gzip:   2.44 kB
dist/assets/julia-DuME0IfC.js                             5.39 kB │ gzip:   2.12 kB
dist/assets/pieDiagram-ADFJNKIX-9gJWbhzj.js               5.44 kB │ gzip:   2.41 kB
dist/assets/linear-kEyodgED.js                            5.66 kB │ gzip:   2.31 kB
dist/assets/vbscript-BuJXcnF6.js                          5.82 kB │ gzip:   2.55 kB
dist/assets/mirc-CjQqDB4T.js                              5.92 kB │ gzip:   2.66 kB
dist/assets/graph-s3cqs7wo.js                             5.92 kB │ gzip:   1.87 kB
dist/assets/cobol-CWcv1MsR.js                             6.20 kB │ gzip:   2.91 kB
dist/assets/diagram-QEK2KX5R-6582tYzq.js                  6.23 kB │ gzip:   2.61 kB
dist/assets/scheme-C41bIUwD.js                            6.37 kB │ gzip:   2.39 kB
dist/assets/python-BuPzkPfP.js                            6.48 kB │ gzip:   2.71 kB
dist/assets/xquery-DzFWVndE.js                            6.62 kB │ gzip:   2.56 kB
dist/assets/pug-DeIclll2.js                               6.67 kB │ gzip:   1.95 kB
dist/assets/textile-CnDTJFAw.js                           6.80 kB │ gzip:   2.43 kB
dist/assets/nsis-LdVXkNf5.js                              6.81 kB │ gzip:   2.96 kB
dist/assets/nginx-DdIZxoE0.js                             7.34 kB │ gzip:   2.73 kB
dist/assets/powershell-CFHJl5sT.js                        7.77 kB │ gzip:   3.30 kB
dist/assets/haxe-H-WmDvRZ.js                              7.89 kB │ gzip:   2.92 kB
dist/assets/erlang-BNw1qcRV.js                            8.10 kB │ gzip:   2.86 kB
dist/assets/verilog-C6RDOZhf.js                           8.24 kB │ gzip:   3.47 kB
dist/assets/sas-B4kiWyti.js                               9.33 kB │ gzip:   4.07 kB
dist/assets/perl-CdXCOZ3F.js                              9.75 kB │ gzip:   3.40 kB
dist/assets/gherkin-heZmZLOM.js                          10.16 kB │ gzip:   4.96 kB
dist/assets/stateDiagram-FKZM4ZOC-Da4QWXp6.js            10.56 kB │ gzip:   3.71 kB
dist/assets/clojure-BMjYHr_A.js                          10.82 kB │ gzip:   3.96 kB
dist/assets/dagre-6UL2VRFP-B9V3caAO.js                   11.44 kB │ gzip:   4.28 kB
dist/assets/idl-BEugSyMb.js                              11.63 kB │ gzip:   4.54 kB
dist/assets/_baseUniq-DnM1wfCF.js                        11.90 kB │ gzip:   4.63 kB
dist/assets/index-B0baG406.js                            12.87 kB │ gzip:   5.57 kB
dist/assets/index-2Cnzi0m4.js                            14.97 kB │ gzip:   5.97 kB
dist/assets/diagram-PSM6KHXK-Cq92UKxT.js                 16.16 kB │ gzip:   5.78 kB
dist/assets/index-BWtvuGF_.js                            16.49 kB │ gzip:   7.30 kB
dist/assets/javascript-iXu5QeM3.js                       17.08 kB │ gzip:   5.72 kB
dist/assets/index-BxneqfSV.js                            19.86 kB │ gzip:   9.13 kB
dist/assets/kanban-definition-3W4ZIXB7-Z32e1pXk.js       20.78 kB │ gzip:   7.27 kB
dist/assets/index-D9YQqNbV.js                            21.09 kB │ gzip:   9.20 kB
dist/assets/mindmap-definition-VGOIOE7T-BhDf-Jjw.js      21.21 kB │ gzip:   7.35 kB
dist/assets/clike-B9uivgTg.js                            22.30 kB │ gzip:   7.79 kB
dist/assets/sankeyDiagram-TZEHDZUN-h1XefwrZ.js           22.41 kB │ gzip:   8.19 kB
dist/assets/index-DC7w492-.js                            23.24 kB │ gzip:  10.09 kB
dist/assets/journeyDiagram-XKPGCS4Q-EvB-VeCc.js          23.72 kB │ gzip:   8.35 kB
dist/assets/timeline-definition-IT6M3QCI-CxthEMcD.js     23.89 kB │ gzip:   8.31 kB
dist/assets/gitGraphDiagram-V2S2FVAM-CW7rfNED.js         24.90 kB │ gzip:   7.66 kB
dist/assets/erDiagram-Q2GNP2WA-BjxWiP6N.js               25.52 kB │ gzip:   8.85 kB
dist/assets/stylus-B533Al4x.js                           25.80 kB │ gzip:   8.62 kB
dist/assets/index-Bw8wjJzh.js                            26.03 kB │ gzip:  11.45 kB
dist/assets/index-B05OPtkX.js                            26.39 kB │ gzip:   8.82 kB
dist/assets/css-BnMrqG3P.js                              27.13 kB │ gzip:   8.49 kB
dist/assets/layout-BLCB9XPa.js                           27.39 kB │ gzip:   9.72 kB
dist/assets/index-pPL10Jtm.js                            28.86 kB │ gzip:  11.46 kB
dist/assets/requirementDiagram-UZGBJVZJ-D3KDCP3u.js      30.44 kB │ gzip:   9.46 kB
dist/assets/index-BJmZV-jh.js                            30.97 kB │ gzip:  12.42 kB
dist/assets/index-DTYa-VD0.js                            32.50 kB │ gzip:  13.05 kB
dist/assets/quadrantDiagram-AYHSOK5B-DbGWcxQc.js         34.50 kB │ gzip:  10.07 kB
dist/assets/chunk-DI55MBZ5-6ctRRIR_.js                   36.80 kB │ gzip:  11.85 kB
dist/assets/sql-D0XecflT.js                              37.05 kB │ gzip:  10.91 kB
dist/assets/xychartDiagram-PRI3JC2R-BmyiNxwL.js          40.39 kB │ gzip:  11.43 kB
dist/assets/vendor-tanstack-D-u36eqh.js                  40.82 kB │ gzip:  12.16 kB
dist/assets/index-DsUodgRo.js                            40.91 kB │ gzip:  16.24 kB
dist/assets/index-dtVDkZEM.js                            44.33 kB │ gzip:  15.39 kB
dist/assets/index-DOX7H3_6.js                            45.28 kB │ gzip:  18.73 kB
dist/assets/chunk-B4BG7PRW-CjKg95Ep.js                   45.41 kB │ gzip:  14.55 kB
dist/assets/vendor-dnd-D9flXMQ8.js                       50.12 kB │ gzip:  16.60 kB
dist/assets/vendor-i18n-D7Z1H7Kb.js                      57.07 kB │ gzip:  18.42 kB
dist/assets/flowDiagram-NV44I4VS-O2RjlAzM.js             61.29 kB │ gzip:  19.39 kB
dist/assets/ganttDiagram-JELNMOA3-CpNQZzdc.js            68.48 kB │ gzip:  22.95 kB
dist/assets/c4Diagram-YG6GDRKO-Bs0JnzlK.js               70.34 kB │ gzip:  19.62 kB
dist/assets/index-Blu6yaeg.js                            70.98 kB │ gzip:  25.16 kB
dist/assets/blockDiagram-VD42YOAC-ChSs7cUd.js            73.33 kB │ gzip:  20.75 kB
dist/assets/cose-bilkent-S5V4N54A-lrK6NXAs.js            81.89 kB │ gzip:  22.47 kB
dist/assets/index-auzQ2Uvj.js                            86.81 kB │ gzip:  33.63 kB
dist/assets/index-D9D-biVY.js                            98.03 kB │ gzip:  28.03 kB
dist/assets/sequenceDiagram-WL72ISMW-CjeNEHIL.js         98.31 kB │ gzip:  26.86 kB
dist/assets/index-1oDJJsB0.js                           100.73 kB │ gzip:  32.62 kB
dist/assets/vendor-radix-Bv30JGBl.js                    118.34 kB │ gzip:  36.18 kB
dist/assets/architectureDiagram-VXUJARFQ-DVtp7UAs.js    149.14 kB │ gzip:  42.00 kB
dist/assets/katex-O9d3_IXG.js                           258.51 kB │ gzip:  76.54 kB
dist/assets/cytoscape.esm-BQaXIfA_.js                   442.44 kB │ gzip: 141.29 kB
dist/assets/treemap-GDKQZRPO-DxnLdY2j.js                454.87 kB │ gzip: 107.69 kB
dist/assets/vendor-react-CJhteRp4.js                    477.93 kB │ gzip: 152.31 kB
dist/assets/mermaid.core-BvnsLJWi.js                    498.96 kB │ gzip: 139.36 kB
dist/assets/index-Cv501jdO.js                         2,163.37 kB │ gzip: 600.37 kB
✓ built in 7.29s
[tac] Starting server...

> @paperclipai/server@0.3.1 dev:watch /Users/james/Dev/theagent-company/server
> cross-env PAPERCLIP_MIGRATION_PROMPT=never PAPERCLIP_MIGRATION_AUTO_APPLY=true tsx watch --ignore ../ui/node_modules --ignore ../ui/.vite --ignore ../ui/dist src/index.ts

[13:08:12] [33mWARN[39m: [36mEmbedded PostgreSQL already running; reusing existing process (pid=16630, port=54329)[39m

[36m██████╗  █████╗ ██████╗ ███████╗██████╗  ██████╗██╗     ██╗██████╗ [0m
[36m██╔══██╗██╔══██╗██╔══██╗██╔════╝██╔══██╗██╔════╝██║     ██║██╔══██╗[0m
[36m██████╔╝███████║██████╔╝█████╗  ██████╔╝██║     ██║     ██║██████╔╝[0m
[36m██╔═══╝ ██╔══██║██╔═══╝ ██╔══╝  ██╔══██╗██║     ██║     ██║██╔═══╝ [0m
[36m██║     ██║  ██║██║     ███████╗██║  ██║╚██████╗███████╗██║██║     [0m
[36m╚═╝     ╚═╝  ╚═╝╚═╝     ╚══════╝╚═╝  ╚═╝ ╚═════╝╚══════╝╚═╝╚═╝     [0m
[34m  ───────────────────────────────────────────────────────[0m
[2mMode            [0m [32membedded-postgres[0m  |  [35mstatic-ui[0m
[2mDeploy          [0m authenticated (private)
[2mAuth            [0m [32mready[0m
[2mServer          [0m 8444 [2m(requested 8443)[0m
[2mAPI             [0m http://localhost:8444/api [2m(health: http://localhost:8444/api/health)[0m
[2mUI              [0m http://localhost:8444
[2mDatabase        [0m /Users/james/.paperclip/instances/default/db [2m(pg:54329)[0m
[2mMigrations      [0m already applied
[2mAgent JWT       [0m [32mset[0m
[2mHeartbeat       [0m enabled [2m(30000ms)[0m
[2mDB Backup       [0m enabled [2m(every 60m, keep 30d)[0m
[2mBackup Dir      [0m /Users/james/.paperclip/instances/default/data/backups
[2mConfig          [0m /Users/james/.paperclip/instances/default/config.json
[34m  ───────────────────────────────────────────────────────[0m

[13:08:12] [32mINFO[39m: [36mEmbedded PostgreSQL ready[39m
[13:08:13] [32mINFO[39m: [36mAuthenticated mode auth origin configuration[39m [90m{"authBaseUrlMode":"auto","authPublicBaseUrl":null,"trustedOrigins":["https://zifeis-mac-mini.tailf9f88d.ts.net","http://zifeis-mac-mini.tailf9f88d.ts.net"],"trustedOriginsSource":{"derived":2,"env":0}}[39m
[13:08:13] [32mINFO[39m: [36mplugin job coordinator started — listening to lifecycle events[39m [90m{"service":"plugin-job-coordinator"}[39m
[13:08:13] [32mINFO[39m: [36mplugin job scheduler started[39m [90m{"service":"plugin-job-scheduler","tickIntervalMs":30000,"maxConcurrentJobs":10}[39m
[13:08:13] [32mINFO[39m: [36minitializing plugin tool dispatcher[39m [90m{"service":"plugin-tool-dispatcher"}[39m
[13:08:13] [32mINFO[39m: [36mplugin-loader: loading all ready plugins[39m [90m{"service":"plugin-loader"}[39m
[13:08:13] [33mWARN[39m: [36mRequested port is busy; using next free port (requestedPort=8443, selectedPort=8444)[39m
[13:08:13] [32mINFO[39m: [36mAutomatic database backups enabled[39m [90m{"intervalMinutes":60,"retentionDays":30,"backupDir":"/Users/james/.paperclip/instances/default/data/backups"}[39m
[13:08:13] [32mINFO[39m: [36mServer listening on 0.0.0.0:8444[39m
[13:08:13] [32mINFO[39m: [36mloaded tools from ready plugins[39m [90m{"service":"plugin-tool-dispatcher","readyPlugins":0,"registeredTools":0}[39m
[13:08:13] [32mINFO[39m: [36mplugin tool dispatcher initialized[39m [90m{"service":"plugin-tool-dispatcher","totalTools":0}[39m
[13:08:13] [32mINFO[39m: [36mplugin-loader: no ready plugins to load[39m [90m{"service":"plugin-loader"}[39m
12:08:16 AM [tsx] change in ./../packages/plugins/sdk/dist/index.js Restarting...
c[13:08:18] [33mWARN[39m: [36mEmbedded PostgreSQL already running; reusing existing process (pid=16630, port=54329)[39m
[13:08:18] [32mINFO[39m: [36mEmbedded PostgreSQL ready[39m
[13:08:18] [32mINFO[39m: [36mAuthenticated mode auth origin configuration[39m [90m{"authBaseUrlMode":"auto","authPublicBaseUrl":null,"trustedOrigins":["https://zifeis-mac-mini.tailf9f88d.ts.net","http://zifeis-mac-mini.tailf9f88d.ts.net"],"trustedOriginsSource":{"derived":2,"env":0}}[39m

[36m██████╗  █████╗ ██████╗ ███████╗██████╗  ██████╗██╗     ██╗██████╗ [0m
[36m██╔══██╗██╔══██╗██╔══██╗██╔════╝██╔══██╗██╔════╝██║     ██║██╔══██╗[0m
[36m██████╔╝███████║██████╔╝█████╗  ██████╔╝██║     ██║     ██║██████╔╝[0m
[36m██╔═══╝ ██╔══██║██╔═══╝ ██╔══╝  ██╔══██╗██║     ██║     ██║██╔═══╝ [0m
[36m██║     ██║  ██║██║     ███████╗██║  ██║╚██████╗███████╗██║██║     [0m
[36m╚═╝     ╚═╝  ╚═╝╚═╝     ╚══════╝╚═╝  ╚═╝ ╚═════╝╚══════╝╚═╝╚═╝     [0m
[34m  ───────────────────────────────────────────────────────[0m
[2mMode            [0m [32membedded-postgres[0m  |  [35mstatic-ui[0m
[2mDeploy          [0m authenticated (private)
[2mAuth            [0m [32mready[0m
[2mServer          [0m 8444 [2m(requested 8443)[0m
[2mAPI             [0m http://localhost:8444/api [2m(health: http://localhost:8444/api/health)[0m
[2mUI              [0m http://localhost:8444
[2mDatabase        [0m /Users/james/.paperclip/instances/default/db [2m(pg:54329)[0m
[2mMigrations      [0m already applied
[2mAgent JWT       [0m [32mset[0m
[2mHeartbeat       [0m enabled [2m(30000ms)[0m
[2mDB Backup       [0m enabled [2m(every 60m, keep 30d)[0m
[2mBackup Dir      [0m /Users/james/.paperclip/instances/default/data/backups
[2mConfig          [0m /Users/james/.paperclip/instances/default/config.json
[34m  ───────────────────────────────────────────────────────[0m

[13:08:18] [32mINFO[39m: [36mplugin job coordinator started — listening to lifecycle events[39m [90m{"service":"plugin-job-coordinator"}[39m
[13:08:18] [32mINFO[39m: [36mplugin job scheduler started[39m [90m{"service":"plugin-job-scheduler","tickIntervalMs":30000,"maxConcurrentJobs":10}[39m
[13:08:18] [32mINFO[39m: [36minitializing plugin tool dispatcher[39m [90m{"service":"plugin-tool-dispatcher"}[39m
[13:08:18] [32mINFO[39m: [36mplugin-loader: loading all ready plugins[39m [90m{"service":"plugin-loader"}[39m
[13:08:18] [33mWARN[39m: [36mRequested port is busy; using next free port (requestedPort=8443, selectedPort=8444)[39m
[13:08:18] [32mINFO[39m: [36mAutomatic database backups enabled[39m [90m{"intervalMinutes":60,"retentionDays":30,"backupDir":"/Users/james/.paperclip/instances/default/data/backups"}[39m
[13:08:18] [32mINFO[39m: [36mServer listening on 0.0.0.0:8444[39m
[13:08:18] [32mINFO[39m: [36mloaded tools from ready plugins[39m [90m{"service":"plugin-tool-dispatcher","readyPlugins":0,"registeredTools":0}[39m
[13:08:18] [32mINFO[39m: [36mplugin tool dispatcher initialized[39m [90m{"service":"plugin-tool-dispatcher","totalTools":0}[39m
[13:08:18] [32mINFO[39m: [36mplugin-loader: no ready plugins to load[39m [90m{"service":"plugin-loader"}[39m
12:09:02 AM [tsx] change in ./src/index.ts Restarting...
c[13:09:04] [33mWARN[39m: [36mEmbedded PostgreSQL already running; reusing existing process (pid=16630, port=54329)[39m
[13:09:04] [32mINFO[39m: [36mEmbedded PostgreSQL ready[39m
[13:09:04] [32mINFO[39m: [36mAuthenticated mode auth origin configuration[39m [90m{"authBaseUrlMode":"auto","authPublicBaseUrl":null,"trustedOrigins":["https://zifeis-mac-mini.tailf9f88d.ts.net","http://zifeis-mac-mini.tailf9f88d.ts.net"],"trustedOriginsSource":{"derived":2,"env":0}}[39m
[13:09:04] [32mINFO[39m: [36mplugin job coordinator started — listening to lifecycle events[39m [90m{"service":"plugin-job-coordinator"}[39m
[13:09:04] [32mINFO[39m: [36mplugin job scheduler started[39m [90m{"service":"plugin-job-scheduler","tickIntervalMs":30000,"maxConcurrentJobs":10}[39m
[13:09:04] [32mINFO[39m: [36minitializing plugin tool dispatcher[39m [90m{"service":"plugin-tool-dispatcher"}[39m
[13:09:04] [32mINFO[39m: [36mplugin-loader: loading all ready plugins[39m [90m{"service":"plugin-loader"}[39m
[13:09:04] [32mINFO[39m: [36mAutomatic database backups enabled[39m [90m{"intervalMinutes":60,"retentionDays":30,"backupDir":"/Users/james/.paperclip/instances/default/data/backups"}[39m
[13:09:04] [31mERROR[39m: [36mPaperclip server failed to start[39m 
    err: {
      "type": "Error",
      "message": "listen EADDRINUSE: address already in use 0.0.0.0:8443",
      "stack":
          Error: listen EADDRINUSE: address already in use 0.0.0.0:8443
              at Server.setupListenHandle [as _listen2] (node:net:2008:16)
              at listenInCluster (node:net:2065:12)
              at node:net:2274:7
              at process.processTicksAndRejections (node:internal/process/task_queues:90:21)
      "code": "EADDRINUSE",
      "errno": -48,
      "syscall": "listen",
      "address": "0.0.0.0",
      "port": 8443
    }
12:09:57 AM [tsx] change in ./src/index.ts Rerunning...
c[13:09:59] [33mWARN[39m: [36mEmbedded PostgreSQL already running; reusing existing process (pid=16630, port=54329)[39m

[36m██████╗  █████╗ ██████╗ ███████╗██████╗  ██████╗██╗     ██╗██████╗ [0m
[36m██╔══██╗██╔══██╗██╔══██╗██╔════╝██╔══██╗██╔════╝██║     ██║██╔══██╗[0m
[36m██████╔╝███████║██████╔╝█████╗  ██████╔╝██║     ██║     ██║██████╔╝[0m
[36m██╔═══╝ ██╔══██║██╔═══╝ ██╔══╝  ██╔══██╗██║     ██║     ██║██╔═══╝ [0m
[36m██║     ██║  ██║██║     ███████╗██║  ██║╚██████╗███████╗██║██║     [0m
[36m╚═╝     ╚═╝  ╚═╝╚═╝     ╚══════╝╚═╝  ╚═╝ ╚═════╝╚══════╝╚═╝╚═╝     [0m
[34m  ───────────────────────────────────────────────────────[0m
[2mMode            [0m [32membedded-postgres[0m  |  [35mstatic-ui[0m
[2mDeploy          [0m authenticated (private)
[2mAuth            [0m [32mready[0m
[2mServer          [0m 8444 [2m(requested 8443)[0m
[2mAPI             [0m http://localhost:8444/api [2m(health: http://localhost:8444/api/health)[0m
[2mUI              [0m http://localhost:8444
[2mDatabase        [0m /Users/james/.paperclip/instances/default/db [2m(pg:54329)[0m
[2mMigrations      [0m already applied
[2mAgent JWT       [0m [32mset[0m
[2mHeartbeat       [0m enabled [2m(30000ms)[0m
[2mDB Backup       [0m enabled [2m(every 60m, keep 30d)[0m
[2mBackup Dir      [0m /Users/james/.paperclip/instances/default/data/backups
[2mConfig          [0m /Users/james/.paperclip/instances/default/config.json
[34m  ───────────────────────────────────────────────────────[0m

[13:09:59] [32mINFO[39m: [36mEmbedded PostgreSQL ready[39m
[13:09:59] [32mINFO[39m: [36mAuthenticated mode auth origin configuration[39m [90m{"authBaseUrlMode":"auto","authPublicBaseUrl":null,"trustedOrigins":["https://zifeis-mac-mini.tailf9f88d.ts.net","http://zifeis-mac-mini.tailf9f88d.ts.net"],"trustedOriginsSource":{"derived":2,"env":0}}[39m
[13:09:59] [32mINFO[39m: [36mplugin job coordinator started — listening to lifecycle events[39m [90m{"service":"plugin-job-coordinator"}[39m
[13:09:59] [32mINFO[39m: [36mplugin job scheduler started[39m [90m{"service":"plugin-job-scheduler","tickIntervalMs":30000,"maxConcurrentJobs":10}[39m
[13:09:59] [32mINFO[39m: [36minitializing plugin tool dispatcher[39m [90m{"service":"plugin-tool-dispatcher"}[39m
[13:09:59] [32mINFO[39m: [36mplugin-loader: loading all ready plugins[39m [90m{"service":"plugin-loader"}[39m
[13:09:59] [33mWARN[39m: [36mRequested port is busy; using next free port (requestedPort=8443, selectedPort=8444)[39m
[13:09:59] [32mINFO[39m: [36mAutomatic database backups enabled[39m [90m{"intervalMinutes":60,"retentionDays":30,"backupDir":"/Users/james/.paperclip/instances/default/data/backups"}[39m
[13:09:59] [32mINFO[39m: [36mServer listening on 0.0.0.0:8444[39m
[13:09:59] [32mINFO[39m: [36mloaded tools from ready plugins[39m [90m{"service":"plugin-tool-dispatcher","readyPlugins":0,"registeredTools":0}[39m
[13:09:59] [32mINFO[39m: [36mplugin tool dispatcher initialized[39m [90m{"service":"plugin-tool-dispatcher","totalTools":0}[39m
[13:09:59] [32mINFO[39m: [36mplugin-loader: no ready plugins to load[39m [90m{"service":"plugin-loader"}[39m
[tac] Building UI...

> @paperclipai/ui@0.0.1 build /Users/james/Dev/theagent-company/ui
> tsc -b && vite build

vite v6.4.1 building for production...
transforming...
✓ 4789 modules transformed.
rendering chunks...
computing gzip size...
dist/index.html                                           3.63 kB │ gzip:   1.16 kB
dist/assets/index-BM5tPATl.css                          224.18 kB │ gzip:  35.70 kB
dist/assets/clone-DAdQoEsk.js                             0.10 kB │ gzip:   0.11 kB
dist/assets/channel-BJSDqYOb.js                           0.11 kB │ gzip:   0.13 kB
dist/assets/init-Gi6I4Gst.js                              0.15 kB │ gzip:   0.13 kB
dist/assets/chunk-QZHKN3VN-BSmepFiw.js                    0.19 kB │ gzip:   0.16 kB
dist/assets/chunk-55IACEB6-BYJEvuQ_.js                    0.24 kB │ gzip:   0.21 kB
dist/assets/chunk-4BX2VUAB-BcsyRPD7.js                    0.30 kB │ gzip:   0.21 kB
dist/assets/diff-DbItnlRl.js                              0.31 kB │ gzip:   0.24 kB
dist/assets/chunk-FMBD7UC4-28toWmJ1.js                    0.37 kB │ gzip:   0.27 kB
dist/assets/chunk-QN33PNHL-BDNRDOqF.js                    0.53 kB │ gzip:   0.37 kB
dist/assets/stateDiagram-v2-4FDKWEC3-BxaNOD-H.js          0.57 kB │ gzip:   0.36 kB
dist/assets/classDiagram-2ON5EDUG-RPmrjjvc.js             0.61 kB │ gzip:   0.37 kB
dist/assets/classDiagram-v2-WZHVMYZB-RPmrjjvc.js          0.61 kB │ gzip:   0.37 kB
dist/assets/brainfuck-C4LP7Hcl.js                         0.61 kB │ gzip:   0.33 kB
dist/assets/properties-C78fOPTZ.js                        0.67 kB │ gzip:   0.34 kB
dist/assets/cmake-BQqOBYOt.js                             0.78 kB │ gzip:   0.46 kB
dist/assets/asciiarmor-Df11BRmG.js                        0.79 kB │ gzip:   0.40 kB
dist/assets/http-DBlCnlav.js                              0.85 kB │ gzip:   0.42 kB
dist/assets/protobuf-ChK-085T.js                          0.86 kB │ gzip:   0.52 kB
dist/assets/solr-DehyRSwq.js                              0.87 kB │ gzip:   0.45 kB
dist/assets/infoDiagram-HS3SLOUP-Bnqsix_U.js              0.87 kB │ gzip:   0.53 kB
dist/assets/troff-wAsdV37c.js                             0.96 kB │ gzip:   0.44 kB
dist/assets/spreadsheet-BCZA_wO0.js                       1.14 kB │ gzip:   0.54 kB
dist/assets/toml-Bm5Em-hy.js                              1.14 kB │ gzip:   0.54 kB
dist/assets/ordinal-Cboi1Yqb.js                           1.19 kB │ gzip:   0.57 kB
dist/assets/mbox-CNhZ1qSd.js                              1.40 kB │ gzip:   0.65 kB
dist/assets/chunk-TZMSLE5B-BWPsWWNj.js                    1.44 kB │ gzip:   0.64 kB
dist/assets/sieve-C3Gn_uJK.js                             1.62 kB │ gzip:   0.77 kB
dist/assets/rpm-CTu-6PCP.js                               1.62 kB │ gzip:   0.82 kB
dist/assets/factor-kuTfRLto.js                            1.67 kB │ gzip:   0.61 kB
dist/assets/z80-Hz9HOZM7.js                               1.75 kB │ gzip:   0.81 kB
dist/assets/eiffel-CnydiIhH.js                            1.81 kB │ gzip:   0.91 kB
dist/assets/elm-vLlmbW-K.js                               1.89 kB │ gzip:   0.81 kB
dist/assets/mathematica-DTrFuWx2.js                       1.92 kB │ gzip:   0.81 kB
dist/assets/dockerfile-BKs6k2Af.js                        1.95 kB │ gzip:   0.67 kB
dist/assets/turtle-B1tBg_DP.js                            1.98 kB │ gzip:   0.90 kB
dist/assets/ebnf-CDyGwa7X.js                              1.99 kB │ gzip:   0.80 kB
dist/assets/smalltalk-CnHTOXQT.js                         2.01 kB │ gzip:   0.85 kB
dist/assets/dtd-DF_7sFjM.js                               2.06 kB │ gzip:   0.87 kB
dist/assets/mumps-BT43cFF4.js                             2.07 kB │ gzip:   0.98 kB
dist/assets/fcl-Kvtd6kyn.js                               2.08 kB │ gzip:   0.95 kB
dist/assets/ntriples-BfvgReVJ.js                          2.10 kB │ gzip:   0.74 kB
dist/assets/yacas-BJ4BC0dw.js                             2.15 kB │ gzip:   1.09 kB
dist/assets/simple-mode-GW_nhZxv.js                       2.28 kB │ gzip:   1.09 kB
dist/assets/apl-B4CMkyY2.js                               2.30 kB │ gzip:   1.20 kB
dist/assets/pascal--L3eBynH.js                            2.30 kB │ gzip:   1.19 kB
dist/assets/octave-Ck1zUtKM.js                            2.31 kB │ gzip:   1.09 kB
dist/assets/commonlisp-DBKNyK5s.js                        2.32 kB │ gzip:   1.09 kB
dist/assets/tcl-DVfN8rqt.js                               2.36 kB │ gzip:   1.22 kB
dist/assets/webidl-ZXfAyPTL.js                            2.52 kB │ gzip:   1.24 kB
dist/assets/pig-CevX1Tat.js                               2.53 kB │ gzip:   1.35 kB
dist/assets/puppet-DMA9R1ak.js                            2.54 kB │ gzip:   1.19 kB
dist/assets/forth-Ffai-XNe.js                             2.54 kB │ gzip:   1.31 kB
dist/assets/shell-CjFT_Tl9.js                             2.57 kB │ gzip:   1.20 kB
dist/assets/_basePickBy-gpzw5osc.js                       2.59 kB │ gzip:   1.29 kB
dist/assets/index-D4XB8Edi.js                             2.59 kB │ gzip:   1.55 kB
dist/assets/velocity-D8B20fx6.js                          2.67 kB │ gzip:   1.11 kB
dist/assets/tiddlywiki-DO-Gjzrf.js                        2.78 kB │ gzip:   1.06 kB
dist/assets/modelica-Dc1JOy9r.js                          2.79 kB │ gzip:   1.28 kB
dist/assets/index-DZTjVWas.js                             2.81 kB │ gzip:   1.54 kB
dist/assets/oz-BzwKVEFT.js                                2.90 kB │ gzip:   1.28 kB
dist/assets/r-B6wPVr8A.js                                 2.94 kB │ gzip:   1.36 kB
dist/assets/stex-C3f8Ysf7.js                              3.12 kB │ gzip:   1.20 kB
dist/assets/tiki-DGYXhP31.js                              3.25 kB │ gzip:   1.26 kB
dist/assets/vhdl-lSbBsy5d.js                              3.35 kB │ gzip:   1.51 kB
dist/assets/lua-BgMRiT3U.js                               3.40 kB │ gzip:   1.42 kB
dist/assets/arc-DGur4Lzk.js                               3.42 kB │ gzip:   1.45 kB
dist/assets/mscgen-BA5vi2Kp.js                            3.51 kB │ gzip:   0.97 kB
dist/assets/sparql-DkYu6x3z.js                            3.55 kB │ gzip:   1.61 kB
dist/assets/cypher-C_CwsFkJ.js                            3.56 kB │ gzip:   1.52 kB
dist/assets/index-Byq-2ouA.js                             3.58 kB │ gzip:   1.78 kB
dist/assets/d-pRatUO7H.js                                 3.72 kB │ gzip:   1.67 kB
dist/assets/coffeescript-S37ZYGWr.js                      3.87 kB │ gzip:   1.67 kB
dist/assets/vb-CmGdzxic.js                                3.90 kB │ gzip:   1.78 kB
dist/assets/swift-BzpIVaGY.js                             3.96 kB │ gzip:   1.78 kB
dist/assets/asn1-EdZsLKOL.js                              3.98 kB │ gzip:   1.92 kB
dist/assets/q-pXgVlZs6.js                                 4.03 kB │ gzip:   1.66 kB
dist/assets/ttcn-cfg-B9xdYoR4.js                          4.05 kB │ gzip:   1.69 kB
dist/assets/dylan-DwRh75JA.js                             4.05 kB │ gzip:   1.64 kB
dist/assets/livescript-BwQOo05w.js                        4.09 kB │ gzip:   1.62 kB
dist/assets/groovy-D9Dt4D0W.js                            4.14 kB │ gzip:   1.76 kB
dist/assets/haskell-Cw1EW3IL.js                           4.17 kB │ gzip:   1.86 kB
dist/assets/asterisk-B-8jnY81.js                          4.48 kB │ gzip:   1.78 kB
dist/assets/diagram-S2PKOQOG-DLGnDLmd.js                  4.52 kB │ gzip:   1.97 kB
dist/assets/gas-Bneqetm1.js                               4.57 kB │ gzip:   1.28 kB
dist/assets/fortran-DYz_wnZ1.js                           4.65 kB │ gzip:   2.00 kB
dist/assets/defaultLocale-DX6XiGOO.js                     4.69 kB │ gzip:   2.17 kB
dist/assets/mllike-CXdrOF99.js                            4.79 kB │ gzip:   1.54 kB
dist/assets/ttcn-CfJYG6tj.js                              4.80 kB │ gzip:   2.10 kB
dist/assets/ecl-Cabwm37j.js                               5.13 kB │ gzip:   2.29 kB
dist/assets/crystal-SjHAIU92.js                           5.13 kB │ gzip:   2.05 kB
dist/assets/ruby-B2Rjki9n.js                              5.16 kB │ gzip:   2.13 kB
dist/assets/index-D549ce1s.js                             5.24 kB │ gzip:   2.44 kB
dist/assets/julia-DuME0IfC.js                             5.39 kB │ gzip:   2.12 kB
dist/assets/pieDiagram-ADFJNKIX-9gJWbhzj.js               5.44 kB │ gzip:   2.41 kB
dist/assets/linear-kEyodgED.js                            5.66 kB │ gzip:   2.31 kB
dist/assets/vbscript-BuJXcnF6.js                          5.82 kB │ gzip:   2.55 kB
dist/assets/mirc-CjQqDB4T.js                              5.92 kB │ gzip:   2.66 kB
dist/assets/graph-s3cqs7wo.js                             5.92 kB │ gzip:   1.87 kB
dist/assets/cobol-CWcv1MsR.js                             6.20 kB │ gzip:   2.91 kB
dist/assets/diagram-QEK2KX5R-6582tYzq.js                  6.23 kB │ gzip:   2.61 kB
dist/assets/scheme-C41bIUwD.js                            6.37 kB │ gzip:   2.39 kB
dist/assets/python-BuPzkPfP.js                            6.48 kB │ gzip:   2.71 kB
dist/assets/xquery-DzFWVndE.js                            6.62 kB │ gzip:   2.56 kB
dist/assets/pug-DeIclll2.js                               6.67 kB │ gzip:   1.95 kB
dist/assets/textile-CnDTJFAw.js                           6.80 kB │ gzip:   2.43 kB
dist/assets/nsis-LdVXkNf5.js                              6.81 kB │ gzip:   2.96 kB
dist/assets/nginx-DdIZxoE0.js                             7.34 kB │ gzip:   2.73 kB
dist/assets/powershell-CFHJl5sT.js                        7.77 kB │ gzip:   3.30 kB
dist/assets/haxe-H-WmDvRZ.js                              7.89 kB │ gzip:   2.92 kB
dist/assets/erlang-BNw1qcRV.js                            8.10 kB │ gzip:   2.86 kB
dist/assets/verilog-C6RDOZhf.js                           8.24 kB │ gzip:   3.47 kB
dist/assets/sas-B4kiWyti.js                               9.33 kB │ gzip:   4.07 kB
dist/assets/perl-CdXCOZ3F.js                              9.75 kB │ gzip:   3.40 kB
dist/assets/gherkin-heZmZLOM.js                          10.16 kB │ gzip:   4.96 kB
dist/assets/stateDiagram-FKZM4ZOC-Da4QWXp6.js            10.56 kB │ gzip:   3.71 kB
dist/assets/clojure-BMjYHr_A.js                          10.82 kB │ gzip:   3.96 kB
dist/assets/dagre-6UL2VRFP-B9V3caAO.js                   11.44 kB │ gzip:   4.28 kB
dist/assets/idl-BEugSyMb.js                              11.63 kB │ gzip:   4.54 kB
dist/assets/_baseUniq-DnM1wfCF.js                        11.90 kB │ gzip:   4.63 kB
dist/assets/index-B0baG406.js                            12.87 kB │ gzip:   5.57 kB
dist/assets/index-2Cnzi0m4.js                            14.97 kB │ gzip:   5.97 kB
dist/assets/diagram-PSM6KHXK-Cq92UKxT.js                 16.16 kB │ gzip:   5.78 kB
dist/assets/index-BWtvuGF_.js                            16.49 kB │ gzip:   7.30 kB
dist/assets/javascript-iXu5QeM3.js                       17.08 kB │ gzip:   5.72 kB
dist/assets/index-BxneqfSV.js                            19.86 kB │ gzip:   9.13 kB
dist/assets/kanban-definition-3W4ZIXB7-Z32e1pXk.js       20.78 kB │ gzip:   7.27 kB
dist/assets/index-D9YQqNbV.js                            21.09 kB │ gzip:   9.20 kB
dist/assets/mindmap-definition-VGOIOE7T-BhDf-Jjw.js      21.21 kB │ gzip:   7.35 kB
dist/assets/clike-B9uivgTg.js                            22.30 kB │ gzip:   7.79 kB
dist/assets/sankeyDiagram-TZEHDZUN-h1XefwrZ.js           22.41 kB │ gzip:   8.19 kB
dist/assets/index-DC7w492-.js                            23.24 kB │ gzip:  10.09 kB
dist/assets/journeyDiagram-XKPGCS4Q-EvB-VeCc.js          23.72 kB │ gzip:   8.35 kB
dist/assets/timeline-definition-IT6M3QCI-CxthEMcD.js     23.89 kB │ gzip:   8.31 kB
dist/assets/gitGraphDiagram-V2S2FVAM-CW7rfNED.js         24.90 kB │ gzip:   7.66 kB
dist/assets/erDiagram-Q2GNP2WA-BjxWiP6N.js               25.52 kB │ gzip:   8.85 kB
dist/assets/stylus-B533Al4x.js                           25.80 kB │ gzip:   8.62 kB
dist/assets/index-Bw8wjJzh.js                            26.03 kB │ gzip:  11.45 kB
dist/assets/index-B05OPtkX.js                            26.39 kB │ gzip:   8.82 kB
dist/assets/css-BnMrqG3P.js                              27.13 kB │ gzip:   8.49 kB
dist/assets/layout-BLCB9XPa.js                           27.39 kB │ gzip:   9.72 kB
dist/assets/index-pPL10Jtm.js                            28.86 kB │ gzip:  11.46 kB
dist/assets/requirementDiagram-UZGBJVZJ-D3KDCP3u.js      30.44 kB │ gzip:   9.46 kB
dist/assets/index-BJmZV-jh.js                            30.97 kB │ gzip:  12.42 kB
dist/assets/index-DTYa-VD0.js                            32.50 kB │ gzip:  13.05 kB
dist/assets/quadrantDiagram-AYHSOK5B-DbGWcxQc.js         34.50 kB │ gzip:  10.07 kB
dist/assets/chunk-DI55MBZ5-6ctRRIR_.js                   36.80 kB │ gzip:  11.85 kB
dist/assets/sql-D0XecflT.js                              37.05 kB │ gzip:  10.91 kB
dist/assets/xychartDiagram-PRI3JC2R-BmyiNxwL.js          40.39 kB │ gzip:  11.43 kB
dist/assets/vendor-tanstack-D-u36eqh.js                  40.82 kB │ gzip:  12.16 kB
dist/assets/index-DsUodgRo.js                            40.91 kB │ gzip:  16.24 kB
dist/assets/index-dtVDkZEM.js                            44.33 kB │ gzip:  15.39 kB
dist/assets/index-DOX7H3_6.js                            45.28 kB │ gzip:  18.73 kB
dist/assets/chunk-B4BG7PRW-CjKg95Ep.js                   45.41 kB │ gzip:  14.55 kB
dist/assets/vendor-dnd-D9flXMQ8.js                       50.12 kB │ gzip:  16.60 kB
dist/assets/vendor-i18n-D7Z1H7Kb.js                      57.07 kB │ gzip:  18.42 kB
dist/assets/flowDiagram-NV44I4VS-O2RjlAzM.js             61.29 kB │ gzip:  19.39 kB
dist/assets/ganttDiagram-JELNMOA3-CpNQZzdc.js            68.48 kB │ gzip:  22.95 kB
dist/assets/c4Diagram-YG6GDRKO-Bs0JnzlK.js               70.34 kB │ gzip:  19.62 kB
dist/assets/index-Blu6yaeg.js                            70.98 kB │ gzip:  25.16 kB
dist/assets/blockDiagram-VD42YOAC-ChSs7cUd.js            73.33 kB │ gzip:  20.75 kB
dist/assets/cose-bilkent-S5V4N54A-lrK6NXAs.js            81.89 kB │ gzip:  22.47 kB
dist/assets/index-auzQ2Uvj.js                            86.81 kB │ gzip:  33.63 kB
dist/assets/index-D9D-biVY.js                            98.03 kB │ gzip:  28.03 kB
dist/assets/sequenceDiagram-WL72ISMW-CjeNEHIL.js         98.31 kB │ gzip:  26.86 kB
dist/assets/index-1oDJJsB0.js                           100.73 kB │ gzip:  32.62 kB
dist/assets/vendor-radix-Bv30JGBl.js                    118.34 kB │ gzip:  36.18 kB
dist/assets/architectureDiagram-VXUJARFQ-DVtp7UAs.js    149.14 kB │ gzip:  42.00 kB
dist/assets/katex-O9d3_IXG.js                           258.51 kB │ gzip:  76.54 kB
dist/assets/cytoscape.esm-BQaXIfA_.js                   442.44 kB │ gzip: 141.29 kB
dist/assets/treemap-GDKQZRPO-DxnLdY2j.js                454.87 kB │ gzip: 107.69 kB
dist/assets/vendor-react-CJhteRp4.js                    477.93 kB │ gzip: 152.31 kB
dist/assets/mermaid.core-BvnsLJWi.js                    498.96 kB │ gzip: 139.36 kB
dist/assets/index-Cv501jdO.js                         2,163.37 kB │ gzip: 600.37 kB
✓ built in 7.51s
[tac] Starting server...

> @paperclipai/server@0.3.1 dev:watch /Users/james/Dev/theagent-company/server
> cross-env PAPERCLIP_MIGRATION_PROMPT=never PAPERCLIP_MIGRATION_AUTO_APPLY=true tsx watch --ignore ../ui/node_modules --ignore ../ui/.vite --ignore ../ui/dist src/index.ts

[13:10:54] [33mWARN[39m: [36mEmbedded PostgreSQL already running; reusing existing process (pid=16630, port=54329)[39m
[13:10:54] [32mINFO[39m: [36mEmbedded PostgreSQL ready[39m
[13:10:55] [32mINFO[39m: [36mAuthenticated mode auth origin configuration[39m [90m{"authBaseUrlMode":"auto","authPublicBaseUrl":null,"trustedOrigins":["https://zifeis-mac-mini.tailf9f88d.ts.net","http://zifeis-mac-mini.tailf9f88d.ts.net"],"trustedOriginsSource":{"derived":2,"env":0}}[39m

[36m██████╗  █████╗ ██████╗ ███████╗██████╗  ██████╗██╗     ██╗██████╗ [0m
[36m██╔══██╗██╔══██╗██╔══██╗██╔════╝██╔══██╗██╔════╝██║     ██║██╔══██╗[0m
[36m██████╔╝███████║██████╔╝█████╗  ██████╔╝██║     ██║     ██║██████╔╝[0m
[36m██╔═══╝ ██╔══██║██╔═══╝ ██╔══╝  ██╔══██╗██║     ██║     ██║██╔═══╝ [0m
[36m██║     ██║  ██║██║     ███████╗██║  ██║╚██████╗███████╗██║██║     [0m
[36m╚═╝     ╚═╝  ╚═╝╚═╝     ╚══════╝╚═╝  ╚═╝ ╚═════╝╚══════╝╚═╝╚═╝     [0m
[34m  ───────────────────────────────────────────────────────[0m
[2mMode            [0m [32membedded-postgres[0m  |  [35mstatic-ui[0m
[2mDeploy          [0m authenticated (private)
[2mAuth            [0m [32mready[0m
[2mServer          [0m 3100
[2mAPI             [0m http://localhost:3100/api [2m(health: http://localhost:3100/api/health)[0m
[2mUI              [0m http://localhost:3100
[2mDatabase        [0m /Users/james/.paperclip/instances/default/db [2m(pg:54329)[0m
[2mMigrations      [0m already applied
[2mAgent JWT       [0m [32mset[0m
[2mHeartbeat       [0m enabled [2m(30000ms)[0m
[2mDB Backup       [0m enabled [2m(every 60m, keep 30d)[0m
[2mBackup Dir      [0m /Users/james/.paperclip/instances/default/data/backups
[2mConfig          [0m /Users/james/.paperclip/instances/default/config.json
[34m  ───────────────────────────────────────────────────────[0m

[13:10:55] [32mINFO[39m: [36mplugin job coordinator started — listening to lifecycle events[39m [90m{"service":"plugin-job-coordinator"}[39m
[13:10:55] [32mINFO[39m: [36mplugin job scheduler started[39m [90m{"service":"plugin-job-scheduler","tickIntervalMs":30000,"maxConcurrentJobs":10}[39m
[13:10:55] [32mINFO[39m: [36minitializing plugin tool dispatcher[39m [90m{"service":"plugin-tool-dispatcher"}[39m
[13:10:55] [32mINFO[39m: [36mplugin-loader: loading all ready plugins[39m [90m{"service":"plugin-loader"}[39m
[13:10:55] [32mINFO[39m: [36mAutomatic database backups enabled[39m [90m{"intervalMinutes":60,"retentionDays":30,"backupDir":"/Users/james/.paperclip/instances/default/data/backups"}[39m
[13:10:55] [32mINFO[39m: [36mServer listening on 0.0.0.0:3100[39m
[13:10:55] [32mINFO[39m: [36mloaded tools from ready plugins[39m [90m{"service":"plugin-tool-dispatcher","readyPlugins":0,"registeredTools":0}[39m
[13:10:55] [32mINFO[39m: [36mplugin tool dispatcher initialized[39m [90m{"service":"plugin-tool-dispatcher","totalTools":0}[39m
[13:10:55] [32mINFO[39m: [36mplugin-loader: no ready plugins to load[39m [90m{"service":"plugin-loader"}[39m
12:10:56 AM [tsx] change in ./../packages/plugins/sdk/dist/index.js Restarting...
c[13:10:58] [33mWARN[39m: [36mEmbedded PostgreSQL already running; reusing existing process (pid=16630, port=54329)[39m
[13:10:58] [32mINFO[39m: [36mEmbedded PostgreSQL ready[39m
[13:10:58] [32mINFO[39m: [36mAuthenticated mode auth origin configuration[39m [90m{"authBaseUrlMode":"auto","authPublicBaseUrl":null,"trustedOrigins":["https://zifeis-mac-mini.tailf9f88d.ts.net","http://zifeis-mac-mini.tailf9f88d.ts.net"],"trustedOriginsSource":{"derived":2,"env":0}}[39m

[36m██████╗  █████╗ ██████╗ ███████╗██████╗  ██████╗██╗     ██╗██████╗ [0m
[36m██╔══██╗██╔══██╗██╔══██╗██╔════╝██╔══██╗██╔════╝██║     ██║██╔══██╗[0m
[36m██████╔╝███████║██████╔╝█████╗  ██████╔╝██║     ██║     ██║██████╔╝[0m
[36m██╔═══╝ ██╔══██║██╔═══╝ ██╔══╝  ██╔══██╗██║     ██║     ██║██╔═══╝ [0m
[36m██║     ██║  ██║██║     ███████╗██║  ██║╚██████╗███████╗██║██║     [0m
[36m╚═╝     ╚═╝  ╚═╝╚═╝     ╚══════╝╚═╝  ╚═╝ ╚═════╝╚══════╝╚═╝╚═╝     [0m
[34m  ───────────────────────────────────────────────────────[0m
[2mMode            [0m [32membedded-postgres[0m  |  [35mstatic-ui[0m
[2mDeploy          [0m authenticated (private)
[2mAuth            [0m [32mready[0m
[2mServer          [0m 3100
[2mAPI             [0m http://localhost:3100/api [2m(health: http://localhost:3100/api/health)[0m
[2mUI              [0m http://localhost:3100
[2mDatabase        [0m /Users/james/.paperclip/instances/default/db [2m(pg:54329)[0m
[2mMigrations      [0m already applied
[2mAgent JWT       [0m [32mset[0m
[2mHeartbeat       [0m enabled [2m(30000ms)[0m
[2mDB Backup       [0m enabled [2m(every 60m, keep 30d)[0m
[2mBackup Dir      [0m /Users/james/.paperclip/instances/default/data/backups
[2mConfig          [0m /Users/james/.paperclip/instances/default/config.json
[34m  ───────────────────────────────────────────────────────[0m

[13:10:59] [32mINFO[39m: [36mplugin job coordinator started — listening to lifecycle events[39m [90m{"service":"plugin-job-coordinator"}[39m
[13:10:59] [32mINFO[39m: [36mplugin job scheduler started[39m [90m{"service":"plugin-job-scheduler","tickIntervalMs":30000,"maxConcurrentJobs":10}[39m
[13:10:59] [32mINFO[39m: [36minitializing plugin tool dispatcher[39m [90m{"service":"plugin-tool-dispatcher"}[39m
[13:10:59] [32mINFO[39m: [36mplugin-loader: loading all ready plugins[39m [90m{"service":"plugin-loader"}[39m
[13:10:59] [32mINFO[39m: [36mAutomatic database backups enabled[39m [90m{"intervalMinutes":60,"retentionDays":30,"backupDir":"/Users/james/.paperclip/instances/default/data/backups"}[39m
[13:10:59] [32mINFO[39m: [36mServer listening on 0.0.0.0:3100[39m
[13:10:59] [32mINFO[39m: [36mloaded tools from ready plugins[39m [90m{"service":"plugin-tool-dispatcher","readyPlugins":0,"registeredTools":0}[39m
[13:10:59] [32mINFO[39m: [36mplugin tool dispatcher initialized[39m [90m{"service":"plugin-tool-dispatcher","totalTools":0}[39m
[13:10:59] [32mINFO[39m: [36mplugin-loader: no ready plugins to load[39m [90m{"service":"plugin-loader"}[39m
[13:11:13] [32mINFO[39m: [36mGET /heartbeat-runs/1dab9b6e-febd-42be-b8f5-aaf8e4ba31ce/log?offset=259&limitBytes=256000 200[39m
[13:11:13] [32mINFO[39m: [36mGET /heartbeat-runs/032bb982-ef73-4656-aa77-36e0ba353a42/log?offset=24080&limitBytes=256000 200[39m
[13:11:13] [32mINFO[39m: [36mGET /heartbeat-runs/e6854426-576e-469e-a27e-00b14c35b2f6/log?offset=259&limitBytes=256000 200[39m
[13:11:13] [32mINFO[39m: [36mGET /heartbeat-runs/58b045b9-682f-4fe1-adf7-1dcbd5ab2b65/log?offset=21758&limitBytes=256000 200[39m
[tac] Building UI...

> @paperclipai/ui@0.0.1 build /Users/james/Dev/theagent-company/ui
> tsc -b && vite build

vite v6.4.1 building for production...
transforming...
✓ 4789 modules transformed.
rendering chunks...
computing gzip size...
dist/index.html                                           3.63 kB │ gzip:   1.16 kB
dist/assets/index-BM5tPATl.css                          224.18 kB │ gzip:  35.70 kB
dist/assets/clone-DAdQoEsk.js                             0.10 kB │ gzip:   0.11 kB
dist/assets/channel-BJSDqYOb.js                           0.11 kB │ gzip:   0.13 kB
dist/assets/init-Gi6I4Gst.js                              0.15 kB │ gzip:   0.13 kB
dist/assets/chunk-QZHKN3VN-BSmepFiw.js                    0.19 kB │ gzip:   0.16 kB
dist/assets/chunk-55IACEB6-BYJEvuQ_.js                    0.24 kB │ gzip:   0.21 kB
dist/assets/chunk-4BX2VUAB-BcsyRPD7.js                    0.30 kB │ gzip:   0.21 kB
dist/assets/diff-DbItnlRl.js                              0.31 kB │ gzip:   0.24 kB
dist/assets/chunk-FMBD7UC4-28toWmJ1.js                    0.37 kB │ gzip:   0.27 kB
dist/assets/chunk-QN33PNHL-BDNRDOqF.js                    0.53 kB │ gzip:   0.37 kB
dist/assets/stateDiagram-v2-4FDKWEC3-BxaNOD-H.js          0.57 kB │ gzip:   0.36 kB
dist/assets/classDiagram-2ON5EDUG-RPmrjjvc.js             0.61 kB │ gzip:   0.37 kB
dist/assets/classDiagram-v2-WZHVMYZB-RPmrjjvc.js          0.61 kB │ gzip:   0.37 kB
dist/assets/brainfuck-C4LP7Hcl.js                         0.61 kB │ gzip:   0.33 kB
dist/assets/properties-C78fOPTZ.js                        0.67 kB │ gzip:   0.34 kB
dist/assets/cmake-BQqOBYOt.js                             0.78 kB │ gzip:   0.46 kB
dist/assets/asciiarmor-Df11BRmG.js                        0.79 kB │ gzip:   0.40 kB
dist/assets/http-DBlCnlav.js                              0.85 kB │ gzip:   0.42 kB
dist/assets/protobuf-ChK-085T.js                          0.86 kB │ gzip:   0.52 kB
dist/assets/solr-DehyRSwq.js                              0.87 kB │ gzip:   0.45 kB
dist/assets/infoDiagram-HS3SLOUP-Bnqsix_U.js              0.87 kB │ gzip:   0.53 kB
dist/assets/troff-wAsdV37c.js                             0.96 kB │ gzip:   0.44 kB
dist/assets/spreadsheet-BCZA_wO0.js                       1.14 kB │ gzip:   0.54 kB
dist/assets/toml-Bm5Em-hy.js                              1.14 kB │ gzip:   0.54 kB
dist/assets/ordinal-Cboi1Yqb.js                           1.19 kB │ gzip:   0.57 kB
dist/assets/mbox-CNhZ1qSd.js                              1.40 kB │ gzip:   0.65 kB
dist/assets/chunk-TZMSLE5B-BWPsWWNj.js                    1.44 kB │ gzip:   0.64 kB
dist/assets/sieve-C3Gn_uJK.js                             1.62 kB │ gzip:   0.77 kB
dist/assets/rpm-CTu-6PCP.js                               1.62 kB │ gzip:   0.82 kB
dist/assets/factor-kuTfRLto.js                            1.67 kB │ gzip:   0.61 kB
dist/assets/z80-Hz9HOZM7.js                               1.75 kB │ gzip:   0.81 kB
dist/assets/eiffel-CnydiIhH.js                            1.81 kB │ gzip:   0.91 kB
dist/assets/elm-vLlmbW-K.js                               1.89 kB │ gzip:   0.81 kB
dist/assets/mathematica-DTrFuWx2.js                       1.92 kB │ gzip:   0.81 kB
dist/assets/dockerfile-BKs6k2Af.js                        1.95 kB │ gzip:   0.67 kB
dist/assets/turtle-B1tBg_DP.js                            1.98 kB │ gzip:   0.90 kB
dist/assets/ebnf-CDyGwa7X.js                              1.99 kB │ gzip:   0.80 kB
dist/assets/smalltalk-CnHTOXQT.js                         2.01 kB │ gzip:   0.85 kB
dist/assets/dtd-DF_7sFjM.js                               2.06 kB │ gzip:   0.87 kB
dist/assets/mumps-BT43cFF4.js                             2.07 kB │ gzip:   0.98 kB
dist/assets/fcl-Kvtd6kyn.js                               2.08 kB │ gzip:   0.95 kB
dist/assets/ntriples-BfvgReVJ.js                          2.10 kB │ gzip:   0.74 kB
dist/assets/yacas-BJ4BC0dw.js                             2.15 kB │ gzip:   1.09 kB
dist/assets/simple-mode-GW_nhZxv.js                       2.28 kB │ gzip:   1.09 kB
dist/assets/apl-B4CMkyY2.js                               2.30 kB │ gzip:   1.20 kB
dist/assets/pascal--L3eBynH.js                            2.30 kB │ gzip:   1.19 kB
dist/assets/octave-Ck1zUtKM.js                            2.31 kB │ gzip:   1.09 kB
dist/assets/commonlisp-DBKNyK5s.js                        2.32 kB │ gzip:   1.09 kB
dist/assets/tcl-DVfN8rqt.js                               2.36 kB │ gzip:   1.22 kB
dist/assets/webidl-ZXfAyPTL.js                            2.52 kB │ gzip:   1.24 kB
dist/assets/pig-CevX1Tat.js                               2.53 kB │ gzip:   1.35 kB
dist/assets/puppet-DMA9R1ak.js                            2.54 kB │ gzip:   1.19 kB
dist/assets/forth-Ffai-XNe.js                             2.54 kB │ gzip:   1.31 kB
dist/assets/shell-CjFT_Tl9.js                             2.57 kB │ gzip:   1.20 kB
dist/assets/_basePickBy-gpzw5osc.js                       2.59 kB │ gzip:   1.29 kB
dist/assets/index-D4XB8Edi.js                             2.59 kB │ gzip:   1.55 kB
dist/assets/velocity-D8B20fx6.js                          2.67 kB │ gzip:   1.11 kB
dist/assets/tiddlywiki-DO-Gjzrf.js                        2.78 kB │ gzip:   1.06 kB
dist/assets/modelica-Dc1JOy9r.js                          2.79 kB │ gzip:   1.28 kB
dist/assets/index-DZTjVWas.js                             2.81 kB │ gzip:   1.54 kB
dist/assets/oz-BzwKVEFT.js                                2.90 kB │ gzip:   1.28 kB
dist/assets/r-B6wPVr8A.js                                 2.94 kB │ gzip:   1.36 kB
dist/assets/stex-C3f8Ysf7.js                              3.12 kB │ gzip:   1.20 kB
dist/assets/tiki-DGYXhP31.js                              3.25 kB │ gzip:   1.26 kB
dist/assets/vhdl-lSbBsy5d.js                              3.35 kB │ gzip:   1.51 kB
dist/assets/lua-BgMRiT3U.js                               3.40 kB │ gzip:   1.42 kB
dist/assets/arc-DGur4Lzk.js                               3.42 kB │ gzip:   1.45 kB
dist/assets/mscgen-BA5vi2Kp.js                            3.51 kB │ gzip:   0.97 kB
dist/assets/sparql-DkYu6x3z.js                            3.55 kB │ gzip:   1.61 kB
dist/assets/cypher-C_CwsFkJ.js                            3.56 kB │ gzip:   1.52 kB
dist/assets/index-Byq-2ouA.js                             3.58 kB │ gzip:   1.78 kB
dist/assets/d-pRatUO7H.js                                 3.72 kB │ gzip:   1.67 kB
dist/assets/coffeescript-S37ZYGWr.js                      3.87 kB │ gzip:   1.67 kB
dist/assets/vb-CmGdzxic.js                                3.90 kB │ gzip:   1.78 kB
dist/assets/swift-BzpIVaGY.js                             3.96 kB │ gzip:   1.78 kB
dist/assets/asn1-EdZsLKOL.js                              3.98 kB │ gzip:   1.92 kB
dist/assets/q-pXgVlZs6.js                                 4.03 kB │ gzip:   1.66 kB
dist/assets/ttcn-cfg-B9xdYoR4.js                          4.05 kB │ gzip:   1.69 kB
dist/assets/dylan-DwRh75JA.js                             4.05 kB │ gzip:   1.64 kB
dist/assets/livescript-BwQOo05w.js                        4.09 kB │ gzip:   1.62 kB
dist/assets/groovy-D9Dt4D0W.js                            4.14 kB │ gzip:   1.76 kB
dist/assets/haskell-Cw1EW3IL.js                           4.17 kB │ gzip:   1.86 kB
dist/assets/asterisk-B-8jnY81.js                          4.48 kB │ gzip:   1.78 kB
dist/assets/diagram-S2PKOQOG-DLGnDLmd.js                  4.52 kB │ gzip:   1.97 kB
dist/assets/gas-Bneqetm1.js                               4.57 kB │ gzip:   1.28 kB
dist/assets/fortran-DYz_wnZ1.js                           4.65 kB │ gzip:   2.00 kB
dist/assets/defaultLocale-DX6XiGOO.js                     4.69 kB │ gzip:   2.17 kB
dist/assets/mllike-CXdrOF99.js                            4.79 kB │ gzip:   1.54 kB
dist/assets/ttcn-CfJYG6tj.js                              4.80 kB │ gzip:   2.10 kB
dist/assets/ecl-Cabwm37j.js                               5.13 kB │ gzip:   2.29 kB
dist/assets/crystal-SjHAIU92.js                           5.13 kB │ gzip:   2.05 kB
dist/assets/ruby-B2Rjki9n.js                              5.16 kB │ gzip:   2.13 kB
dist/assets/index-D549ce1s.js                             5.24 kB │ gzip:   2.44 kB
dist/assets/julia-DuME0IfC.js                             5.39 kB │ gzip:   2.12 kB
dist/assets/pieDiagram-ADFJNKIX-9gJWbhzj.js               5.44 kB │ gzip:   2.41 kB
dist/assets/linear-kEyodgED.js                            5.66 kB │ gzip:   2.31 kB
dist/assets/vbscript-BuJXcnF6.js                          5.82 kB │ gzip:   2.55 kB
dist/assets/mirc-CjQqDB4T.js                              5.92 kB │ gzip:   2.66 kB
dist/assets/graph-s3cqs7wo.js                             5.92 kB │ gzip:   1.87 kB
dist/assets/cobol-CWcv1MsR.js                             6.20 kB │ gzip:   2.91 kB
dist/assets/diagram-QEK2KX5R-6582tYzq.js                  6.23 kB │ gzip:   2.61 kB
dist/assets/scheme-C41bIUwD.js                            6.37 kB │ gzip:   2.39 kB
dist/assets/python-BuPzkPfP.js                            6.48 kB │ gzip:   2.71 kB
dist/assets/xquery-DzFWVndE.js                            6.62 kB │ gzip:   2.56 kB
dist/assets/pug-DeIclll2.js                               6.67 kB │ gzip:   1.95 kB
dist/assets/textile-CnDTJFAw.js                           6.80 kB │ gzip:   2.43 kB
dist/assets/nsis-LdVXkNf5.js                              6.81 kB │ gzip:   2.96 kB
dist/assets/nginx-DdIZxoE0.js                             7.34 kB │ gzip:   2.73 kB
dist/assets/powershell-CFHJl5sT.js                        7.77 kB │ gzip:   3.30 kB
dist/assets/haxe-H-WmDvRZ.js                              7.89 kB │ gzip:   2.92 kB
dist/assets/erlang-BNw1qcRV.js                            8.10 kB │ gzip:   2.86 kB
dist/assets/verilog-C6RDOZhf.js                           8.24 kB │ gzip:   3.47 kB
dist/assets/sas-B4kiWyti.js                               9.33 kB │ gzip:   4.07 kB
dist/assets/perl-CdXCOZ3F.js                              9.75 kB │ gzip:   3.40 kB
dist/assets/gherkin-heZmZLOM.js                          10.16 kB │ gzip:   4.96 kB
dist/assets/stateDiagram-FKZM4ZOC-Da4QWXp6.js            10.56 kB │ gzip:   3.71 kB
dist/assets/clojure-BMjYHr_A.js                          10.82 kB │ gzip:   3.96 kB
dist/assets/dagre-6UL2VRFP-B9V3caAO.js                   11.44 kB │ gzip:   4.28 kB
dist/assets/idl-BEugSyMb.js                              11.63 kB │ gzip:   4.54 kB
dist/assets/_baseUniq-DnM1wfCF.js                        11.90 kB │ gzip:   4.63 kB
dist/assets/index-B0baG406.js                            12.87 kB │ gzip:   5.57 kB
dist/assets/index-2Cnzi0m4.js                            14.97 kB │ gzip:   5.97 kB
dist/assets/diagram-PSM6KHXK-Cq92UKxT.js                 16.16 kB │ gzip:   5.78 kB
dist/assets/index-BWtvuGF_.js                            16.49 kB │ gzip:   7.30 kB
dist/assets/javascript-iXu5QeM3.js                       17.08 kB │ gzip:   5.72 kB
dist/assets/index-BxneqfSV.js                            19.86 kB │ gzip:   9.13 kB
dist/assets/kanban-definition-3W4ZIXB7-Z32e1pXk.js       20.78 kB │ gzip:   7.27 kB
dist/assets/index-D9YQqNbV.js                            21.09 kB │ gzip:   9.20 kB
dist/assets/mindmap-definition-VGOIOE7T-BhDf-Jjw.js      21.21 kB │ gzip:   7.35 kB
dist/assets/clike-B9uivgTg.js                            22.30 kB │ gzip:   7.79 kB
dist/assets/sankeyDiagram-TZEHDZUN-h1XefwrZ.js           22.41 kB │ gzip:   8.19 kB
dist/assets/index-DC7w492-.js                            23.24 kB │ gzip:  10.09 kB
dist/assets/journeyDiagram-XKPGCS4Q-EvB-VeCc.js          23.72 kB │ gzip:   8.35 kB
dist/assets/timeline-definition-IT6M3QCI-CxthEMcD.js     23.89 kB │ gzip:   8.31 kB
dist/assets/gitGraphDiagram-V2S2FVAM-CW7rfNED.js         24.90 kB │ gzip:   7.66 kB
dist/assets/erDiagram-Q2GNP2WA-BjxWiP6N.js               25.52 kB │ gzip:   8.85 kB
dist/assets/stylus-B533Al4x.js                           25.80 kB │ gzip:   8.62 kB
dist/assets/index-Bw8wjJzh.js                            26.03 kB │ gzip:  11.45 kB
dist/assets/index-B05OPtkX.js                            26.39 kB │ gzip:   8.82 kB
dist/assets/css-BnMrqG3P.js                              27.13 kB │ gzip:   8.49 kB
dist/assets/layout-BLCB9XPa.js                           27.39 kB │ gzip:   9.72 kB
dist/assets/index-pPL10Jtm.js                            28.86 kB │ gzip:  11.46 kB
dist/assets/requirementDiagram-UZGBJVZJ-D3KDCP3u.js      30.44 kB │ gzip:   9.46 kB
dist/assets/index-BJmZV-jh.js                            30.97 kB │ gzip:  12.42 kB
dist/assets/index-DTYa-VD0.js                            32.50 kB │ gzip:  13.05 kB
dist/assets/quadrantDiagram-AYHSOK5B-DbGWcxQc.js         34.50 kB │ gzip:  10.07 kB
dist/assets/chunk-DI55MBZ5-6ctRRIR_.js                   36.80 kB │ gzip:  11.85 kB
dist/assets/sql-D0XecflT.js                              37.05 kB │ gzip:  10.91 kB
dist/assets/xychartDiagram-PRI3JC2R-BmyiNxwL.js          40.39 kB │ gzip:  11.43 kB
dist/assets/vendor-tanstack-D-u36eqh.js                  40.82 kB │ gzip:  12.16 kB
dist/assets/index-DsUodgRo.js                            40.91 kB │ gzip:  16.24 kB
dist/assets/index-dtVDkZEM.js                            44.33 kB │ gzip:  15.39 kB
dist/assets/index-DOX7H3_6.js                            45.28 kB │ gzip:  18.73 kB
dist/assets/chunk-B4BG7PRW-CjKg95Ep.js                   45.41 kB │ gzip:  14.55 kB
dist/assets/vendor-dnd-D9flXMQ8.js                       50.12 kB │ gzip:  16.60 kB
dist/assets/vendor-i18n-D7Z1H7Kb.js                      57.07 kB │ gzip:  18.42 kB
dist/assets/flowDiagram-NV44I4VS-O2RjlAzM.js             61.29 kB │ gzip:  19.39 kB
dist/assets/ganttDiagram-JELNMOA3-CpNQZzdc.js            68.48 kB │ gzip:  22.95 kB
dist/assets/c4Diagram-YG6GDRKO-Bs0JnzlK.js               70.34 kB │ gzip:  19.62 kB
dist/assets/index-Blu6yaeg.js                            70.98 kB │ gzip:  25.16 kB
dist/assets/blockDiagram-VD42YOAC-ChSs7cUd.js            73.33 kB │ gzip:  20.75 kB
dist/assets/cose-bilkent-S5V4N54A-lrK6NXAs.js            81.89 kB │ gzip:  22.47 kB
dist/assets/index-auzQ2Uvj.js                            86.81 kB │ gzip:  33.63 kB
dist/assets/index-D9D-biVY.js                            98.03 kB │ gzip:  28.03 kB
dist/assets/sequenceDiagram-WL72ISMW-CjeNEHIL.js         98.31 kB │ gzip:  26.86 kB
dist/assets/index-1oDJJsB0.js                           100.73 kB │ gzip:  32.62 kB
dist/assets/vendor-radix-Bv30JGBl.js                    118.34 kB │ gzip:  36.18 kB
dist/assets/architectureDiagram-VXUJARFQ-DVtp7UAs.js    149.14 kB │ gzip:  42.00 kB
dist/assets/katex-O9d3_IXG.js                           258.51 kB │ gzip:  76.54 kB
dist/assets/cytoscape.esm-BQaXIfA_.js                   442.44 kB │ gzip: 141.29 kB
dist/assets/treemap-GDKQZRPO-DxnLdY2j.js                454.87 kB │ gzip: 107.69 kB
dist/assets/vendor-react-CJhteRp4.js                    477.93 kB │ gzip: 152.31 kB
dist/assets/mermaid.core-BvnsLJWi.js                    498.96 kB │ gzip: 139.36 kB
dist/assets/index-Cv501jdO.js                         2,163.37 kB │ gzip: 600.37 kB
✓ built in 7.48s
[tac] Starting server...

> @paperclipai/server@0.3.1 dev:watch /Users/james/Dev/theagent-company/server
> cross-env PAPERCLIP_MIGRATION_PROMPT=never PAPERCLIP_MIGRATION_AUTO_APPLY=true tsx watch --ignore ../ui/node_modules --ignore ../ui/.vite --ignore ../ui/dist src/index.ts

[13:12:36] [33mWARN[39m: [36mEmbedded PostgreSQL already running; reusing existing process (pid=16630, port=54329)[39m
[13:12:36] [32mINFO[39m: [36mEmbedded PostgreSQL ready[39m
[13:12:37] [32mINFO[39m: [36mAuthenticated mode auth origin configuration[39m [90m{"authBaseUrlMode":"auto","authPublicBaseUrl":null,"trustedOrigins":["https://zifeis-mac-mini.tailf9f88d.ts.net","http://zifeis-mac-mini.tailf9f88d.ts.net"],"trustedOriginsSource":{"derived":2,"env":0}}[39m

[36m██████╗  █████╗ ██████╗ ███████╗██████╗  ██████╗██╗     ██╗██████╗ [0m
[36m██╔══██╗██╔══██╗██╔══██╗██╔════╝██╔══██╗██╔════╝██║     ██║██╔══██╗[0m
[36m██████╔╝███████║██████╔╝█████╗  ██████╔╝██║     ██║     ██║██████╔╝[0m
[36m██╔═══╝ ██╔══██║██╔═══╝ ██╔══╝  ██╔══██╗██║     ██║     ██║██╔═══╝ [0m
[36m██║     ██║  ██║██║     ███████╗██║  ██║╚██████╗███████╗██║██║     [0m
[36m╚═╝     ╚═╝  ╚═╝╚═╝     ╚══════╝╚═╝  ╚═╝ ╚═════╝╚══════╝╚═╝╚═╝     [0m
[34m  ───────────────────────────────────────────────────────[0m
[2mMode            [0m [32membedded-postgres[0m  |  [35mstatic-ui[0m
[2mDeploy          [0m authenticated (private)
[2mAuth            [0m [32mready[0m
[2mServer          [0m 3101 [2m(requested 3100)[0m
[2mAPI             [0m http://localhost:3101/api [2m(health: http://localhost:3101/api/health)[0m
[2mUI              [0m http://localhost:3101
[2mDatabase        [0m /Users/james/.paperclip/instances/default/db [2m(pg:54329)[0m
[2mMigrations      [0m already applied
[2mAgent JWT       [0m [32mset[0m
[2mHeartbeat       [0m enabled [2m(30000ms)[0m
[2mDB Backup       [0m enabled [2m(every 60m, keep 30d)[0m
[2mBackup Dir      [0m /Users/james/.paperclip/instances/default/data/backups
[2mConfig          [0m /Users/james/.paperclip/instances/default/config.json
[34m  ───────────────────────────────────────────────────────[0m

[13:12:37] [32mINFO[39m: [36mplugin job coordinator started — listening to lifecycle events[39m [90m{"service":"plugin-job-coordinator"}[39m
[13:12:37] [32mINFO[39m: [36mplugin job scheduler started[39m [90m{"service":"plugin-job-scheduler","tickIntervalMs":30000,"maxConcurrentJobs":10}[39m
[13:12:37] [32mINFO[39m: [36minitializing plugin tool dispatcher[39m [90m{"service":"plugin-tool-dispatcher"}[39m
[13:12:37] [32mINFO[39m: [36mplugin-loader: loading all ready plugins[39m [90m{"service":"plugin-loader"}[39m
[13:12:37] [33mWARN[39m: [36mRequested port is busy; using next free port (requestedPort=3100, selectedPort=3101)[39m
[13:12:37] [32mINFO[39m: [36mAutomatic database backups enabled[39m [90m{"intervalMinutes":60,"retentionDays":30,"backupDir":"/Users/james/.paperclip/instances/default/data/backups"}[39m
[13:12:37] [32mINFO[39m: [36mServer listening on 0.0.0.0:3101[39m
[13:12:37] [32mINFO[39m: [36mloaded tools from ready plugins[39m [90m{"service":"plugin-tool-dispatcher","readyPlugins":0,"registeredTools":0}[39m
[13:12:37] [32mINFO[39m: [36mplugin tool dispatcher initialized[39m [90m{"service":"plugin-tool-dispatcher","totalTools":0}[39m
[13:12:37] [32mINFO[39m: [36mplugin-loader: no ready plugins to load[39m [90m{"service":"plugin-loader"}[39m
[13:33:37] [32mINFO[39m: [36mheartbeat timer tick enqueued runs[39m [90m{"checked":1,"enqueued":1,"skipped":0}[39m
[13:33:37] [31mERROR[39m: [36mheartbeat execution failed[39m [90m{"runId":"a49555fe-04c9-44c3-85a9-3631b0be6ded"}[39m
    err: {
      "type": "Error",
      "message": "Command not found in PATH: \"claude\"",
      "stack":
          Error: Command not found in PATH: "claude"
              at ensureCommandResolvable (/Users/james/Dev/theagent-company/packages/adapter-utils/src/server-utils.ts:412:9)
              at async buildClaudeRuntimeConfig (/Users/james/Dev/theagent-company/packages/adapters/claude-local/src/server/execute.ts:245:3)
              at async Object.execute (/Users/james/Dev/theagent-company/packages/adapters/claude-local/src/server/execute.ts:325:25)
              at async executeRun (/Users/james/Dev/theagent-company/server/src/services/heartbeat.ts:2147:29)
    }
12:51:15 AM [tsx] change in ./../packages/adapter-utils/src/server-utils.ts Restarting...
c[13:51:17] [33mWARN[39m: [36mEmbedded PostgreSQL already running; reusing existing process (pid=16630, port=54329)[39m

[36m██████╗  █████╗ ██████╗ ███████╗██████╗  ██████╗██╗     ██╗██████╗ [0m
[36m██╔══██╗██╔══██╗██╔══██╗██╔════╝██╔══██╗██╔════╝██║     ██║██╔══██╗[0m
[36m██████╔╝███████║██████╔╝█████╗  ██████╔╝██║     ██║     ██║██████╔╝[0m
[36m██╔═══╝ ██╔══██║██╔═══╝ ██╔══╝  ██╔══██╗██║     ██║     ██║██╔═══╝ [0m
[36m██║     ██║  ██║██║     ███████╗██║  ██║╚██████╗███████╗██║██║     [0m
[36m╚═╝     ╚═╝  ╚═╝╚═╝     ╚══════╝╚═╝  ╚═╝ ╚═════╝╚══════╝╚═╝╚═╝     [0m
[34m  ───────────────────────────────────────────────────────[0m
[2mMode            [0m [32membedded-postgres[0m  |  [35mstatic-ui[0m
[2mDeploy          [0m authenticated (private)
[2mAuth            [0m [32mready[0m
[2mServer          [0m 3100
[2mAPI             [0m http://localhost:3100/api [2m(health: http://localhost:3100/api/health)[0m
[2mUI              [0m http://localhost:3100
[2mDatabase        [0m /Users/james/.paperclip/instances/default/db [2m(pg:54329)[0m
[2mMigrations      [0m already applied
[2mAgent JWT       [0m [32mset[0m
[2mHeartbeat       [0m enabled [2m(30000ms)[0m
[2mDB Backup       [0m enabled [2m(every 60m, keep 30d)[0m
[2mBackup Dir      [0m /Users/james/.paperclip/instances/default/data/backups
[2mConfig          [0m /Users/james/.paperclip/instances/default/config.json
[34m  ───────────────────────────────────────────────────────[0m

[13:51:17] [32mINFO[39m: [36mEmbedded PostgreSQL ready[39m
[13:51:18] [32mINFO[39m: [36mAuthenticated mode auth origin configuration[39m [90m{"authBaseUrlMode":"auto","authPublicBaseUrl":null,"trustedOrigins":["https://zifeis-mac-mini.tailf9f88d.ts.net","http://zifeis-mac-mini.tailf9f88d.ts.net"],"trustedOriginsSource":{"derived":2,"env":0}}[39m
[13:51:18] [32mINFO[39m: [36mplugin job coordinator started — listening to lifecycle events[39m [90m{"service":"plugin-job-coordinator"}[39m
[13:51:18] [32mINFO[39m: [36mplugin job scheduler started[39m [90m{"service":"plugin-job-scheduler","tickIntervalMs":30000,"maxConcurrentJobs":10}[39m
[13:51:18] [32mINFO[39m: [36minitializing plugin tool dispatcher[39m [90m{"service":"plugin-tool-dispatcher"}[39m
[13:51:18] [32mINFO[39m: [36mplugin-loader: loading all ready plugins[39m [90m{"service":"plugin-loader"}[39m
[13:51:18] [32mINFO[39m: [36mAutomatic database backups enabled[39m [90m{"intervalMinutes":60,"retentionDays":30,"backupDir":"/Users/james/.paperclip/instances/default/data/backups"}[39m
[13:51:18] [32mINFO[39m: [36mServer listening on 0.0.0.0:3100[39m
[13:51:18] [32mINFO[39m: [36mloaded tools from ready plugins[39m [90m{"service":"plugin-tool-dispatcher","readyPlugins":0,"registeredTools":0}[39m
[13:51:18] [32mINFO[39m: [36mplugin tool dispatcher initialized[39m [90m{"service":"plugin-tool-dispatcher","totalTools":0}[39m
[13:51:18] [32mINFO[39m: [36mplugin-loader: no ready plugins to load[39m [90m{"service":"plugin-loader"}[39m
[13:51:49] [33mWARN[39m: [36mGET /agents 404[39m
[13:51:55] [32mINFO[39m: [36mGET / 200[39m
12:52:08 AM [tsx] change in ./../packages/adapter-utils/src/server-utils.ts Restarting...
c[13:52:10] [33mWARN[39m: [36mEmbedded PostgreSQL already running; reusing existing process (pid=16630, port=54329)[39m
[13:52:10] [32mINFO[39m: [36mEmbedded PostgreSQL ready[39m
[13:52:10] [32mINFO[39m: [36mAuthenticated mode auth origin configuration[39m [90m{"authBaseUrlMode":"auto","authPublicBaseUrl":null,"trustedOrigins":["https://zifeis-mac-mini.tailf9f88d.ts.net","http://zifeis-mac-mini.tailf9f88d.ts.net"],"trustedOriginsSource":{"derived":2,"env":0}}[39m

[36m██████╗  █████╗ ██████╗ ███████╗██████╗  ██████╗██╗     ██╗██████╗ [0m
[36m██╔══██╗██╔══██╗██╔══██╗██╔════╝██╔══██╗██╔════╝██║     ██║██╔══██╗[0m
[36m██████╔╝███████║██████╔╝█████╗  ██████╔╝██║     ██║     ██║██████╔╝[0m
[36m██╔═══╝ ██╔══██║██╔═══╝ ██╔══╝  ██╔══██╗██║     ██║     ██║██╔═══╝ [0m
[36m██║     ██║  ██║██║     ███████╗██║  ██║╚██████╗███████╗██║██║     [0m
[36m╚═╝     ╚═╝  ╚═╝╚═╝     ╚══════╝╚═╝  ╚═╝ ╚═════╝╚══════╝╚═╝╚═╝     [0m
[34m  ───────────────────────────────────────────────────────[0m
[2mMode            [0m [32membedded-postgres[0m  |  [35mstatic-ui[0m
[2mDeploy          [0m authenticated (private)
[2mAuth            [0m [32mready[0m
[2mServer          [0m 3100
[2mAPI             [0m http://localhost:3100/api [2m(health: http://localhost:3100/api/health)[0m
[2mUI              [0m http://localhost:3100
[2mDatabase        [0m /Users/james/.paperclip/instances/default/db [2m(pg:54329)[0m
[2mMigrations      [0m already applied
[2mAgent JWT       [0m [32mset[0m
[2mHeartbeat       [0m enabled [2m(30000ms)[0m
[2mDB Backup       [0m enabled [2m(every 60m, keep 30d)[0m
[2mBackup Dir      [0m /Users/james/.paperclip/instances/default/data/backups
[2mConfig          [0m /Users/james/.paperclip/instances/default/config.json
[34m  ───────────────────────────────────────────────────────[0m

[13:52:10] [32mINFO[39m: [36mplugin job coordinator started — listening to lifecycle events[39m [90m{"service":"plugin-job-coordinator"}[39m
[13:52:10] [32mINFO[39m: [36mplugin job scheduler started[39m [90m{"service":"plugin-job-scheduler","tickIntervalMs":30000,"maxConcurrentJobs":10}[39m
[13:52:10] [32mINFO[39m: [36minitializing plugin tool dispatcher[39m [90m{"service":"plugin-tool-dispatcher"}[39m
[13:52:10] [32mINFO[39m: [36mplugin-loader: loading all ready plugins[39m [90m{"service":"plugin-loader"}[39m
[13:52:10] [32mINFO[39m: [36mAutomatic database backups enabled[39m [90m{"intervalMinutes":60,"retentionDays":30,"backupDir":"/Users/james/.paperclip/instances/default/data/backups"}[39m
[13:52:10] [32mINFO[39m: [36mServer listening on 0.0.0.0:3100[39m
[13:52:10] [32mINFO[39m: [36mloaded tools from ready plugins[39m [90m{"service":"plugin-tool-dispatcher","readyPlugins":0,"registeredTools":0}[39m
[13:52:10] [32mINFO[39m: [36mplugin tool dispatcher initialized[39m [90m{"service":"plugin-tool-dispatcher","totalTools":0}[39m
[13:52:10] [32mINFO[39m: [36mplugin-loader: no ready plugins to load[39m [90m{"service":"plugin-loader"}[39m
[13:57:10] [32mINFO[39m: [36mGET /api/auth/get-session 304[39m
[13:57:10] [32mINFO[39m: [36mGET / 304[39m
[13:57:10] [32mINFO[39m: [36mGET /plugins/ui-contributions 304[39m
[13:57:10] [32mINFO[39m: [36mGET /companies/b9e2b5c9-9f24-49ca-bf0e-be3a6832453d/agents 304[39m
[13:57:10] [32mINFO[39m: [36mGET /companies/b9e2b5c9-9f24-49ca-bf0e-be3a6832453d/issues 304[39m
[13:57:10] [32mINFO[39m: [36mGET / 304[39m
[13:57:10] [32mINFO[39m: [36mGET /companies/b9e2b5c9-9f24-49ca-bf0e-be3a6832453d/issues?status=backlog%2Ctodo%2Cin_progress%2Cin_review%2Cblocked%2Cdone&touchedByUserId=me 304[39m
[13:57:10] [32mINFO[39m: [36mGET /companies/b9e2b5c9-9f24-49ca-bf0e-be3a6832453d/heartbeat-runs 304[39m
[13:57:10] [32mINFO[39m: [36mGET /companies/b9e2b5c9-9f24-49ca-bf0e-be3a6832453d/dashboard 304[39m
[13:57:10] [32mINFO[39m: [36mGET /companies/b9e2b5c9-9f24-49ca-bf0e-be3a6832453d/approvals 304[39m
[13:57:10] [32mINFO[39m: [36mGET /companies/b9e2b5c9-9f24-49ca-bf0e-be3a6832453d/live-runs 304[39m
[13:57:10] [32mINFO[39m: [36mGET /companies/b9e2b5c9-9f24-49ca-bf0e-be3a6832453d/join-requests?status=pending_approval 304[39m
[13:57:10] [32mINFO[39m: [36mGET /companies/b9e2b5c9-9f24-49ca-bf0e-be3a6832453d/projects 304[39m
[13:57:11] [32mINFO[39m: [36mGET /ORR/inbox/recent 200[39m
[13:57:11] [32mINFO[39m: [36mGET /assets/vendor-i18n-D7Z1H7Kb.js 200[39m
[13:57:11] [32mINFO[39m: [36mGET /assets/vendor-tanstack-D-u36eqh.js 200[39m
[13:57:11] [32mINFO[39m: [36mGET /assets/vendor-radix-Bv30JGBl.js 200[39m
[13:57:11] [32mINFO[39m: [36mGET /assets/vendor-dnd-D9flXMQ8.js 200[39m
[13:57:11] [32mINFO[39m: [36mGET /assets/index-BM5tPATl.css 200[39m
[13:57:11] [32mINFO[39m: [36mGET /assets/vendor-react-CJhteRp4.js 200[39m
[13:57:11] [32mINFO[39m: [36mGET /assets/index-Cv501jdO.js 200[39m
[13:57:12] [32mINFO[39m: [36mGET /api/auth/get-session 200[39m
[13:57:12] [32mINFO[39m: [36mGET / 200[39m
[13:57:12] [32mINFO[39m: [36mGET /favicon.svg 200[39m
[13:57:12] [32mINFO[39m: [36mGET / 200[39m
[13:57:12] [32mINFO[39m: [36mGET /companies/b9e2b5c9-9f24-49ca-bf0e-be3a6832453d/heartbeat-runs 304[39m
[13:57:12] [32mINFO[39m: [36mGET /companies/b9e2b5c9-9f24-49ca-bf0e-be3a6832453d/approvals 304[39m
[13:57:12] [32mINFO[39m: [36mGET /plugins/ui-contributions 304[39m
[13:57:12] [32mINFO[39m: [36mGET /companies/b9e2b5c9-9f24-49ca-bf0e-be3a6832453d/live-runs 304[39m
[13:57:12] [32mINFO[39m: [36mGET /favicon.svg 304[39m
[13:57:12] [32mINFO[39m: [36mGET /companies/b9e2b5c9-9f24-49ca-bf0e-be3a6832453d/agents 304[39m
[13:57:12] [32mINFO[39m: [36mGET /companies/b9e2b5c9-9f24-49ca-bf0e-be3a6832453d/projects 304[39m
[13:57:12] [32mINFO[39m: [36mGET /companies/b9e2b5c9-9f24-49ca-bf0e-be3a6832453d/join-requests?status=pending_approval 304[39m
[13:57:12] [32mINFO[39m: [36mGET /companies/b9e2b5c9-9f24-49ca-bf0e-be3a6832453d/issues 304[39m
[13:57:12] [32mINFO[39m: [36mGET /companies/b9e2b5c9-9f24-49ca-bf0e-be3a6832453d/issues?status=backlog%2Ctodo%2Cin_progress%2Cin_review%2Cblocked%2Cdone&touchedByUserId=me 304[39m
[13:57:12] [32mINFO[39m: [36mGET /companies/b9e2b5c9-9f24-49ca-bf0e-be3a6832453d/dashboard 304[39m
[13:57:14] [32mINFO[39m: [36mGET /ORR/inbox/recent 200[39m
[13:57:14] [32mINFO[39m: [36mGET /assets/vendor-react-CJhteRp4.js 304[39m
[13:57:14] [32mINFO[39m: [36mGET /assets/index-Cv501jdO.js 304[39m
[13:57:14] [32mINFO[39m: [36mGET /assets/vendor-radix-Bv30JGBl.js 304[39m
[13:57:14] [32mINFO[39m: [36mGET /assets/vendor-tanstack-D-u36eqh.js 304[39m
[13:57:14] [32mINFO[39m: [36mGET /assets/vendor-dnd-D9flXMQ8.js 304[39m
[13:57:14] [32mINFO[39m: [36mGET /assets/index-BM5tPATl.css 304[39m
[13:57:14] [32mINFO[39m: [36mGET /assets/vendor-i18n-D7Z1H7Kb.js 304[39m
[13:57:14] [32mINFO[39m: [36mGET /api/auth/get-session 304[39m
[13:57:14] [32mINFO[39m: [36mGET / 304[39m
[13:57:14] [32mINFO[39m: [36mGET /favicon.svg 304[39m
[13:57:14] [32mINFO[39m: [36mGET / 304[39m
[13:57:14] [32mINFO[39m: [36mGET /plugins/ui-contributions 304[39m
[13:57:14] [32mINFO[39m: [36mGET /companies/b9e2b5c9-9f24-49ca-bf0e-be3a6832453d/approvals 304[39m
[13:57:14] [32mINFO[39m: [36mGET /companies/b9e2b5c9-9f24-49ca-bf0e-be3a6832453d/heartbeat-runs 304[39m
[13:57:14] [32mINFO[39m: [36mGET /companies/b9e2b5c9-9f24-49ca-bf0e-be3a6832453d/join-requests?status=pending_approval 304[39m
[13:57:14] [32mINFO[39m: [36mGET /favicon.svg 304[39m
[13:57:14] [32mINFO[39m: [36mGET /companies/b9e2b5c9-9f24-49ca-bf0e-be3a6832453d/agents 304[39m
[13:57:14] [32mINFO[39m: [36mGET /companies/b9e2b5c9-9f24-49ca-bf0e-be3a6832453d/projects 304[39m
[13:57:14] [32mINFO[39m: [36mGET /companies/b9e2b5c9-9f24-49ca-bf0e-be3a6832453d/live-runs 304[39m
[13:57:14] [32mINFO[39m: [36mGET /companies/b9e2b5c9-9f24-49ca-bf0e-be3a6832453d/issues 304[39m
[13:57:14] [32mINFO[39m: [36mGET /companies/b9e2b5c9-9f24-49ca-bf0e-be3a6832453d/issues?status=backlog%2Ctodo%2Cin_progress%2Cin_review%2Cblocked%2Cdone&touchedByUserId=me 304[39m
[13:57:14] [32mINFO[39m: [36mGET /companies/b9e2b5c9-9f24-49ca-bf0e-be3a6832453d/dashboard 304[39m
[13:57:15] [32mINFO[39m: [36mGET /ORR/inbox/recent 200[39m
[13:57:15] [32mINFO[39m: [36mGET /assets/index-Cv501jdO.js 304[39m
[13:57:15] [32mINFO[39m: [36mGET /assets/vendor-radix-Bv30JGBl.js 304[39m
[13:57:15] [32mINFO[39m: [36mGET /assets/vendor-react-CJhteRp4.js 304[39m
[13:57:15] [32mINFO[39m: [36mGET /assets/vendor-i18n-D7Z1H7Kb.js 304[39m
[13:57:15] [32mINFO[39m: [36mGET /assets/vendor-tanstack-D-u36eqh.js 304[39m
[13:57:15] [32mINFO[39m: [36mGET /assets/index-BM5tPATl.css 304[39m
[13:57:15] [32mINFO[39m: [36mGET /assets/vendor-dnd-D9flXMQ8.js 304[39m
[13:57:15] [32mINFO[39m: [36mGET /api/auth/get-session 304[39m
[13:57:15] [32mINFO[39m: [36mGET / 304[39m
[13:57:15] [32mINFO[39m: [36mGET /favicon.svg 304[39m
[13:57:15] [32mINFO[39m: [36mGET / 304[39m
[13:57:15] [32mINFO[39m: [36mGET /plugins/ui-contributions 304[39m
[13:57:15] [32mINFO[39m: [36mGET /companies/b9e2b5c9-9f24-49ca-bf0e-be3a6832453d/approvals 304[39m
[13:57:15] [32mINFO[39m: [36mGET /favicon.svg 304[39m
[13:57:15] [32mINFO[39m: [36mGET /companies/b9e2b5c9-9f24-49ca-bf0e-be3a6832453d/live-runs 304[39m
[13:57:15] [32mINFO[39m: [36mGET /companies/b9e2b5c9-9f24-49ca-bf0e-be3a6832453d/join-requests?status=pending_approval 304[39m
[13:57:15] [32mINFO[39m: [36mGET /companies/b9e2b5c9-9f24-49ca-bf0e-be3a6832453d/projects 304[39m
[13:57:15] [32mINFO[39m: [36mGET /companies/b9e2b5c9-9f24-49ca-bf0e-be3a6832453d/agents 304[39m
[13:57:15] [32mINFO[39m: [36mGET /companies/b9e2b5c9-9f24-49ca-bf0e-be3a6832453d/issues 304[39m
[13:57:15] [32mINFO[39m: [36mGET /companies/b9e2b5c9-9f24-49ca-bf0e-be3a6832453d/heartbeat-runs 304[39m
[13:57:15] [32mINFO[39m: [36mGET /companies/b9e2b5c9-9f24-49ca-bf0e-be3a6832453d/issues?status=backlog%2Ctodo%2Cin_progress%2Cin_review%2Cblocked%2Cdone&touchedByUserId=me 304[39m
[13:57:15] [32mINFO[39m: [36mGET /companies/b9e2b5c9-9f24-49ca-bf0e-be3a6832453d/dashboard 304[39m
[13:57:16] [32mINFO[39m: [36mGET /sw.js 200[39m
[13:57:17] [32mINFO[39m: [36mGET /sw.js 304[39m
[13:57:19] [32mINFO[39m: [36mGET /ORR/inbox 200[39m
[13:57:19] [32mINFO[39m: [36mGET /assets/vendor-i18n-D7Z1H7Kb.js 200[39m
[13:57:19] [32mINFO[39m: [36mGET /assets/vendor-tanstack-D-u36eqh.js 200[39m
[13:57:19] [32mINFO[39m: [36mGET /assets/index-BM5tPATl.css 200[39m
[13:57:19] [32mINFO[39m: [36mGET /assets/vendor-dnd-D9flXMQ8.js 200[39m
[13:57:19] [32mINFO[39m: [36mGET /assets/vendor-radix-Bv30JGBl.js 200[39m
[13:57:19] [32mINFO[39m: [36mGET /assets/vendor-react-CJhteRp4.js 200[39m
[13:57:19] [32mINFO[39m: [36mGET /assets/index-Cv501jdO.js 200[39m
[13:57:19] [32mINFO[39m: [36mGET /api/auth/get-session 200[39m
[13:57:19] [32mINFO[39m: [36mGET / 200[39m
[13:57:19] [32mINFO[39m: [36mGET /favicon.svg 200[39m
[13:57:19] [32mINFO[39m: [36mGET / 200[39m
[13:57:19] [32mINFO[39m: [36mGET /plugins/ui-contributions 304[39m
[13:57:19] [32mINFO[39m: [36mGET /companies/b9e2b5c9-9f24-49ca-bf0e-be3a6832453d/approvals 304[39m
[13:57:19] [32mINFO[39m: [36mGET /companies/b9e2b5c9-9f24-49ca-bf0e-be3a6832453d/projects 304[39m
[13:57:19] [32mINFO[39m: [36mGET /companies/b9e2b5c9-9f24-49ca-bf0e-be3a6832453d/live-runs 304[39m
[13:57:19] [32mINFO[39m: [36mGET /favicon.svg 304[39m
[13:57:19] [32mINFO[39m: [36mGET /companies/b9e2b5c9-9f24-49ca-bf0e-be3a6832453d/join-requests?status=pending_approval 304[39m
[13:57:19] [32mINFO[39m: [36mGET /companies/b9e2b5c9-9f24-49ca-bf0e-be3a6832453d/heartbeat-runs 304[39m
[13:57:19] [32mINFO[39m: [36mGET /companies/b9e2b5c9-9f24-49ca-bf0e-be3a6832453d/agents 304[39m
[13:57:19] [32mINFO[39m: [36mGET /companies/b9e2b5c9-9f24-49ca-bf0e-be3a6832453d/issues 304[39m
[13:57:19] [32mINFO[39m: [36mGET /companies/b9e2b5c9-9f24-49ca-bf0e-be3a6832453d/issues?status=backlog%2Ctodo%2Cin_progress%2Cin_review%2Cblocked%2Cdone&touchedByUserId=me 304[39m
[13:57:19] [32mINFO[39m: [36mGET /companies/b9e2b5c9-9f24-49ca-bf0e-be3a6832453d/dashboard 304[39m
[13:57:19] [32mINFO[39m: [36mGET /favicon.svg 304[39m
[13:57:24] [32mINFO[39m: [36mGET /assets/index-BM5tPATl.css 304[39m
[13:57:24] [32mINFO[39m: [36mGET /site.webmanifest 200[39m
[13:57:29] [32mINFO[39m: [36mGET /companies/b9e2b5c9-9f24-49ca-bf0e-be3a6832453d/live-runs 200[39m
[13:57:32] [32mINFO[39m: [36mGET /ORR/inbox/recent 200[39m
[13:57:32] [32mINFO[39m: [36mGET /assets/index-BM5tPATl.css 200[39m
[13:57:32] [32mINFO[39m: [36mGET /assets/vendor-tanstack-D-u36eqh.js 200[39m
[13:57:32] [32mINFO[39m: [36mGET /assets/vendor-radix-Bv30JGBl.js 200[39m
[13:57:32] [32mINFO[39m: [36mGET /assets/vendor-i18n-D7Z1H7Kb.js 200[39m
[13:57:32] [32mINFO[39m: [36mGET /assets/vendor-dnd-D9flXMQ8.js 200[39m
[13:57:32] [32mINFO[39m: [36mGET /assets/vendor-react-CJhteRp4.js 200[39m
[13:57:32] [32mINFO[39m: [36mGET /assets/index-Cv501jdO.js 200[39m
[13:57:32] [32mINFO[39m: [36mGET /api/auth/get-session 200[39m
[13:57:32] [32mINFO[39m: [36mGET / 200[39m
[13:57:32] [32mINFO[39m: [36mGET /favicon.svg 200[39m
[13:57:32] [32mINFO[39m: [36mGET / 200[39m
[13:57:32] [32mINFO[39m: [36mGET /plugins/ui-contributions 200[39m
[13:57:32] [32mINFO[39m: [36mGET /companies/b9e2b5c9-9f24-49ca-bf0e-be3a6832453d/approvals 200[39m
[13:57:32] [32mINFO[39m: [36mGET /companies/b9e2b5c9-9f24-49ca-bf0e-be3a6832453d/projects 200[39m
[13:57:32] [32mINFO[39m: [36mGET /companies/b9e2b5c9-9f24-49ca-bf0e-be3a6832453d/live-runs 200[39m
[13:57:32] [32mINFO[39m: [36mGET /favicon.svg 200[39m
[13:57:32] [32mINFO[39m: [36mGET /companies/b9e2b5c9-9f24-49ca-bf0e-be3a6832453d/join-requests?status=pending_approval 200[39m
[13:57:32] [32mINFO[39m: [36mGET /companies/b9e2b5c9-9f24-49ca-bf0e-be3a6832453d/issues 200[39m
[13:57:32] [32mINFO[39m: [36mGET /companies/b9e2b5c9-9f24-49ca-bf0e-be3a6832453d/heartbeat-runs 200[39m
[13:57:32] [32mINFO[39m: [36mGET /companies/b9e2b5c9-9f24-49ca-bf0e-be3a6832453d/agents 200[39m
[13:57:32] [32mINFO[39m: [36mGET /companies/b9e2b5c9-9f24-49ca-bf0e-be3a6832453d/issues?status=backlog%2Ctodo%2Cin_progress%2Cin_review%2Cblocked%2Cdone&touchedByUserId=me 200[39m
[13:57:32] [32mINFO[39m: [36mGET /companies/b9e2b5c9-9f24-49ca-bf0e-be3a6832453d/dashboard 200[39m
[13:57:43] [32mINFO[39m: [36mGET /companies/b9e2b5c9-9f24-49ca-bf0e-be3a6832453d/live-runs 200[39m
[13:57:53] [32mINFO[39m: [36mGET /companies/b9e2b5c9-9f24-49ca-bf0e-be3a6832453d/live-runs 200[39m
[13:58:03] [32mINFO[39m: [36mGET /companies/b9e2b5c9-9f24-49ca-bf0e-be3a6832453d/live-runs 200[39m
[13:58:13] [32mINFO[39m: [36mGET /companies/b9e2b5c9-9f24-49ca-bf0e-be3a6832453d/live-runs 200[39m
[14:21:33] [32mINFO[39m: [36mGET /api/auth/get-session 200[39m
[14:21:33] [32mINFO[39m: [36mGET / 200[39m
[14:21:33] [32mINFO[39m: [36mGET /companies/b9e2b5c9-9f24-49ca-bf0e-be3a6832453d/approvals 200[39m
[14:21:33] [32mINFO[39m: [36mGET / 200[39m
[14:21:33] [32mINFO[39m: [36mGET /plugins/ui-contributions 200[39m
[14:21:33] [32mINFO[39m: [36mGET /companies/b9e2b5c9-9f24-49ca-bf0e-be3a6832453d/heartbeat-runs 200[39m
[14:21:33] [32mINFO[39m: [36mGET /companies/b9e2b5c9-9f24-49ca-bf0e-be3a6832453d/live-runs 200[39m
[14:21:33] [32mINFO[39m: [36mGET /companies/b9e2b5c9-9f24-49ca-bf0e-be3a6832453d/join-requests?status=pending_approval 200[39m
[14:21:33] [32mINFO[39m: [36mGET /companies/b9e2b5c9-9f24-49ca-bf0e-be3a6832453d/issues?status=backlog%2Ctodo%2Cin_progress%2Cin_review%2Cblocked%2Cdone&touchedByUserId=me 200[39m
[14:21:33] [32mINFO[39m: [36mGET /companies/b9e2b5c9-9f24-49ca-bf0e-be3a6832453d/projects 200[39m
[14:21:33] [32mINFO[39m: [36mGET /companies/b9e2b5c9-9f24-49ca-bf0e-be3a6832453d/dashboard 200[39m
[14:21:33] [32mINFO[39m: [36mGET /ORR/inbox/recent 200[39m
[14:21:34] [32mINFO[39m: [36mGET /assets/vendor-dnd-D9flXMQ8.js 200[39m
[14:21:34] [32mINFO[39m: [36mGET /assets/index-BM5tPATl.css 200[39m
[14:21:34] [32mINFO[39m: [36mGET /assets/vendor-radix-Bv30JGBl.js 200[39m
[14:21:34] [32mINFO[39m: [36mGET /assets/vendor-i18n-D7Z1H7Kb.js 200[39m
[14:21:34] [32mINFO[39m: [36mGET /assets/vendor-tanstack-D-u36eqh.js 200[39m
[14:21:34] [32mINFO[39m: [36mGET /assets/vendor-react-CJhteRp4.js 200[39m
[14:21:34] [32mINFO[39m: [36mGET /assets/index-Cv501jdO.js 200[39m
[14:21:34] [32mINFO[39m: [36mGET /api/auth/get-session 200[39m
[14:21:34] [32mINFO[39m: [36mGET / 200[39m
[14:21:34] [32mINFO[39m: [36mGET /favicon.svg 200[39m
[14:21:34] [32mINFO[39m: [36mGET / 200[39m
[14:21:34] [32mINFO[39m: [36mGET /plugins/ui-contributions 200[39m
[14:21:34] [32mINFO[39m: [36mGET /companies/b9e2b5c9-9f24-49ca-bf0e-be3a6832453d/heartbeat-runs 200[39m
[14:21:34] [32mINFO[39m: [36mGET /favicon.svg 200[39m
[14:21:34] [32mINFO[39m: [36mGET /companies/b9e2b5c9-9f24-49ca-bf0e-be3a6832453d/live-runs 200[39m
[14:21:34] [32mINFO[39m: [36mGET /companies/b9e2b5c9-9f24-49ca-bf0e-be3a6832453d/join-requests?status=pending_approval 200[39m
[14:21:34] [32mINFO[39m: [36mGET /companies/b9e2b5c9-9f24-49ca-bf0e-be3a6832453d/approvals 200[39m
[14:21:34] [32mINFO[39m: [36mGET /companies/b9e2b5c9-9f24-49ca-bf0e-be3a6832453d/issues 200[39m
[14:21:34] [32mINFO[39m: [36mGET /companies/b9e2b5c9-9f24-49ca-bf0e-be3a6832453d/agents 200[39m
[14:21:34] [32mINFO[39m: [36mGET /companies/b9e2b5c9-9f24-49ca-bf0e-be3a6832453d/projects 200[39m
[14:21:34] [32mINFO[39m: [36mGET /companies/b9e2b5c9-9f24-49ca-bf0e-be3a6832453d/issues?status=backlog%2Ctodo%2Cin_progress%2Cin_review%2Cblocked%2Cdone&touchedByUserId=me 200[39m
[14:21:34] [32mINFO[39m: [36mGET /companies/b9e2b5c9-9f24-49ca-bf0e-be3a6832453d/dashboard 200[39m
[14:21:35] [32mINFO[39m: [36mGET /ORR/inbox/recent 200[39m
[14:21:35] [32mINFO[39m: [36mGET /assets/index-BM5tPATl.css 200[39m
[14:21:35] [32mINFO[39m: [36mGET /assets/vendor-i18n-D7Z1H7Kb.js 200[39m
[14:21:35] [32mINFO[39m: [36mGET /assets/vendor-radix-Bv30JGBl.js 200[39m
[14:21:35] [32mINFO[39m: [36mGET /assets/vendor-dnd-D9flXMQ8.js 200[39m
[14:21:35] [32mINFO[39m: [36mGET /assets/vendor-tanstack-D-u36eqh.js 200[39m
[14:21:35] [32mINFO[39m: [36mGET /assets/vendor-react-CJhteRp4.js 200[39m
[14:21:35] [32mINFO[39m: [36mGET /assets/index-Cv501jdO.js 200[39m
[14:21:35] [32mINFO[39m: [36mGET /api/auth/get-session 200[39m
[14:21:35] [32mINFO[39m: [36mGET / 200[39m
[14:21:35] [32mINFO[39m: [36mGET /favicon.svg 200[39m
[14:21:35] [32mINFO[39m: [36mGET / 200[39m
[14:21:35] [32mINFO[39m: [36mGET /companies/b9e2b5c9-9f24-49ca-bf0e-be3a6832453d/live-runs 200[39m
[14:21:35] [32mINFO[39m: [36mGET /plugins/ui-contributions 200[39m
[14:21:35] [32mINFO[39m: [36mGET /companies/b9e2b5c9-9f24-49ca-bf0e-be3a6832453d/approvals 200[39m
[14:21:35] [32mINFO[39m: [36mGET /companies/b9e2b5c9-9f24-49ca-bf0e-be3a6832453d/heartbeat-runs 200[39m
[14:21:35] [32mINFO[39m: [36mGET /favicon.svg 200[39m
[14:21:35] [32mINFO[39m: [36mGET /companies/b9e2b5c9-9f24-49ca-bf0e-be3a6832453d/agents 200[39m
[14:21:35] [32mINFO[39m: [36mGET /companies/b9e2b5c9-9f24-49ca-bf0e-be3a6832453d/projects 200[39m
[14:21:35] [32mINFO[39m: [36mGET /companies/b9e2b5c9-9f24-49ca-bf0e-be3a6832453d/issues 200[39m
[14:21:35] [32mINFO[39m: [36mGET /companies/b9e2b5c9-9f24-49ca-bf0e-be3a6832453d/join-requests?status=pending_approval 200[39m
[14:21:35] [32mINFO[39m: [36mGET /companies/b9e2b5c9-9f24-49ca-bf0e-be3a6832453d/issues?status=backlog%2Ctodo%2Cin_progress%2Cin_review%2Cblocked%2Cdone&touchedByUserId=me 200[39m
[14:21:35] [32mINFO[39m: [36mGET /companies/b9e2b5c9-9f24-49ca-bf0e-be3a6832453d/dashboard 200[39m
[14:21:38] [32mINFO[39m: [36mGET /ORR/inbox/recent 200[39m
[14:21:38] [32mINFO[39m: [36mGET /assets/index-BM5tPATl.css 200[39m
[14:21:38] [32mINFO[39m: [36mGET /assets/vendor-radix-Bv30JGBl.js 200[39m
[14:21:38] [32mINFO[39m: [36mGET /assets/vendor-i18n-D7Z1H7Kb.js 200[39m
[14:21:38] [32mINFO[39m: [36mGET /assets/vendor-tanstack-D-u36eqh.js 200[39m
[14:21:38] [32mINFO[39m: [36mGET /assets/vendor-dnd-D9flXMQ8.js 200[39m
[14:21:38] [32mINFO[39m: [36mGET /assets/vendor-react-CJhteRp4.js 200[39m
[14:21:38] [32mINFO[39m: [36mGET /assets/index-Cv501jdO.js 200[39m
[14:21:38] [32mINFO[39m: [36mGET / 200[39m
[14:21:38] [32mINFO[39m: [36mGET /api/auth/get-session 200[39m
[14:21:38] [32mINFO[39m: [36mGET /favicon.svg 200[39m
[14:21:38] [32mINFO[39m: [36mGET / 200[39m
[14:21:38] [32mINFO[39m: [36mGET /plugins/ui-contributions 304[39m
[14:21:38] [32mINFO[39m: [36mGET /companies/b9e2b5c9-9f24-49ca-bf0e-be3a6832453d/approvals 304[39m
[14:21:38] [32mINFO[39m: [36mGET /favicon.svg 304[39m
[14:21:38] [32mINFO[39m: [36mGET /companies/b9e2b5c9-9f24-49ca-bf0e-be3a6832453d/projects 304[39m
[14:21:38] [32mINFO[39m: [36mGET /companies/b9e2b5c9-9f24-49ca-bf0e-be3a6832453d/live-runs 304[39m
[14:21:38] [32mINFO[39m: [36mGET /companies/b9e2b5c9-9f24-49ca-bf0e-be3a6832453d/join-requests?status=pending_approval 304[39m
[14:21:38] [32mINFO[39m: [36mGET /companies/b9e2b5c9-9f24-49ca-bf0e-be3a6832453d/issues 304[39m
[14:21:38] [32mINFO[39m: [36mGET /companies/b9e2b5c9-9f24-49ca-bf0e-be3a6832453d/agents 304[39m
[14:21:38] [32mINFO[39m: [36mGET /companies/b9e2b5c9-9f24-49ca-bf0e-be3a6832453d/heartbeat-runs 304[39m
[14:21:38] [32mINFO[39m: [36mGET /companies/b9e2b5c9-9f24-49ca-bf0e-be3a6832453d/issues?status=backlog%2Ctodo%2Cin_progress%2Cin_review%2Cblocked%2Cdone&touchedByUserId=me 304[39m
[14:21:38] [32mINFO[39m: [36mGET /companies/b9e2b5c9-9f24-49ca-bf0e-be3a6832453d/dashboard 304[39m
[14:21:48] [32mINFO[39m: [36mGET /companies/b9e2b5c9-9f24-49ca-bf0e-be3a6832453d/live-runs 304[39m
[14:21:58] [32mINFO[39m: [36mGET /companies/b9e2b5c9-9f24-49ca-bf0e-be3a6832453d/live-runs 304[39m
[14:22:08] [32mINFO[39m: [36mGET /companies/b9e2b5c9-9f24-49ca-bf0e-be3a6832453d/live-runs 304[39m
[14:22:18] [32mINFO[39m: [36mGET /companies/b9e2b5c9-9f24-49ca-bf0e-be3a6832453d/live-runs 304[39m
[14:22:29] [32mINFO[39m: [36mGET /companies/b9e2b5c9-9f24-49ca-bf0e-be3a6832453d/live-runs 304[39m
[14:22:39] [32mINFO[39m: [36mGET /companies/b9e2b5c9-9f24-49ca-bf0e-be3a6832453d/live-runs 304[39m
[14:22:49] [32mINFO[39m: [36mGET /companies/b9e2b5c9-9f24-49ca-bf0e-be3a6832453d/live-runs 304[39m
[14:33:40] [32mINFO[39m: [36mheartbeat timer tick enqueued runs[39m [90m{"checked":1,"enqueued":1,"skipped":0}[39m
[14:33:40] [32mINFO[39m: [36mGET /companies/b9e2b5c9-9f24-49ca-bf0e-be3a6832453d/dashboard 200[39m
[14:33:40] [32mINFO[39m: [36mGET /companies/b9e2b5c9-9f24-49ca-bf0e-be3a6832453d/heartbeat-runs 200[39m
[14:33:40] [32mINFO[39m: [36mGET /companies/b9e2b5c9-9f24-49ca-bf0e-be3a6832453d/live-runs 200[39m
[14:33:40] [32mINFO[39m: [36mGET /companies/b9e2b5c9-9f24-49ca-bf0e-be3a6832453d/dashboard 304[39m
[14:33:40] [32mINFO[39m: [36mGET /companies/b9e2b5c9-9f24-49ca-bf0e-be3a6832453d/live-runs 304[39m
[14:33:40] [32mINFO[39m: [36mGET /companies/b9e2b5c9-9f24-49ca-bf0e-be3a6832453d/heartbeat-runs 304[39m
[14:33:40] [32mINFO[39m: [36mGET /companies/b9e2b5c9-9f24-49ca-bf0e-be3a6832453d/dashboard 304[39m
[14:33:59] [32mINFO[39m: [36mGET /issues/8fc6b4d4-6e3e-43bb-9cac-d82fa67de990/comments 200[39m
[14:34:10] [32mINFO[39m: [36mheartbeat timer tick enqueued runs[39m [90m{"checked":1,"enqueued":1,"skipped":0}[39m
[14:34:15] [32mINFO[39m: [36mGET /companies/b9e2b5c9-9f24-49ca-bf0e-be3a6832453d/live-runs 200[39m
[14:34:15] [32mINFO[39m: [36mGET /companies/b9e2b5c9-9f24-49ca-bf0e-be3a6832453d/heartbeat-runs 200[39m
[14:34:15] [32mINFO[39m: [36mGET /companies/b9e2b5c9-9f24-49ca-bf0e-be3a6832453d/dashboard 200[39m
[14:34:15] [32mINFO[39m: [36mGET /companies/b9e2b5c9-9f24-49ca-bf0e-be3a6832453d/dashboard 304[39m
[14:52:10] [32mINFO[39m: [36mAutomatic database backup complete: /Users/james/.paperclip/instances/default/data/backups/paperclip-20260323-015210.sql (4.3M)[39m [90m{"backupFile":"/Users/james/.paperclip/instances/default/data/backups/paperclip-20260323-015210.sql","sizeBytes":4512437,"prunedCount":0,"backupDir":"/Users/james/.paperclip/instances/default/data/backups","retentionDays":30}[39m
[15:34:40] [32mINFO[39m: [36mheartbeat timer tick enqueued runs[39m [90m{"checked":1,"enqueued":1,"skipped":0}[39m
[15:34:59] [32mINFO[39m: [36mGET /issues/8fc6b4d4-6e3e-43bb-9cac-d82fa67de990/comments 200[39m
[15:35:10] [32mINFO[39m: [36mheartbeat timer tick enqueued runs[39m [90m{"checked":1,"enqueued":1,"skipped":0}[39m
[15:52:10] [32mINFO[39m: [36mAutomatic database backup complete: /Users/james/.paperclip/instances/default/data/backups/paperclip-20260323-025210.sql (4.3M)[39m [90m{"backupFile":"/Users/james/.paperclip/instances/default/data/backups/paperclip-20260323-025210.sql","sizeBytes":4545736,"prunedCount":0,"backupDir":"/Users/james/.paperclip/instances/default/data/backups","retentionDays":30}[39m
[16:35:41] [32mINFO[39m: [36mheartbeat timer tick enqueued runs[39m [90m{"checked":1,"enqueued":1,"skipped":0}[39m
[16:36:03] [32mINFO[39m: [36mGET /issues/8fc6b4d4-6e3e-43bb-9cac-d82fa67de990/comments 200[39m
[16:36:11] [32mINFO[39m: [36mheartbeat timer tick enqueued runs[39m [90m{"checked":1,"enqueued":1,"skipped":0}[39m
[16:52:10] [32mINFO[39m: [36mAutomatic database backup complete: /Users/james/.paperclip/instances/default/data/backups/paperclip-20260323-035210.sql (4.4M)[39m [90m{"backupFile":"/Users/james/.paperclip/instances/default/data/backups/paperclip-20260323-035210.sql","sizeBytes":4579137,"prunedCount":0,"backupDir":"/Users/james/.paperclip/instances/default/data/backups","retentionDays":30}[39m
[17:36:41] [32mINFO[39m: [36mheartbeat timer tick enqueued runs[39m [90m{"checked":1,"enqueued":1,"skipped":0}[39m
[17:36:57] [32mINFO[39m: [36mGET /issues/8fc6b4d4-6e3e-43bb-9cac-d82fa67de990/comments 200[39m
[17:52:10] [32mINFO[39m: [36mAutomatic database backup complete: /Users/james/.paperclip/instances/default/data/backups/paperclip-20260323-045210.sql (4.4M)[39m [90m{"backupFile":"/Users/james/.paperclip/instances/default/data/backups/paperclip-20260323-045210.sql","sizeBytes":4610409,"prunedCount":0,"backupDir":"/Users/james/.paperclip/instances/default/data/backups","retentionDays":30}[39m
[18:37:11] [32mINFO[39m: [36mheartbeat timer tick enqueued runs[39m [90m{"checked":1,"enqueued":1,"skipped":0}[39m
[18:37:28] [32mINFO[39m: [36mGET /issues/8fc6b4d4-6e3e-43bb-9cac-d82fa67de990/comments 200[39m
[18:52:10] [32mINFO[39m: [36mAutomatic database backup complete: /Users/james/.paperclip/instances/default/data/backups/paperclip-20260323-055210.sql (4.4M)[39m [90m{"backupFile":"/Users/james/.paperclip/instances/default/data/backups/paperclip-20260323-055210.sql","sizeBytes":4641731,"prunedCount":0,"backupDir":"/Users/james/.paperclip/instances/default/data/backups","retentionDays":30}[39m
[19:37:41] [32mINFO[39m: [36mheartbeat timer tick enqueued runs[39m [90m{"checked":1,"enqueued":1,"skipped":0}[39m
[19:38:00] [32mINFO[39m: [36mGET /issues/8fc6b4d4-6e3e-43bb-9cac-d82fa67de990/comments 200[39m
[19:38:11] [32mINFO[39m: [36mheartbeat timer tick enqueued runs[39m [90m{"checked":1,"enqueued":1,"skipped":0}[39m
[19:52:10] [32mINFO[39m: [36mAutomatic database backup complete: /Users/james/.paperclip/instances/default/data/backups/paperclip-20260323-065210.sql (4.5M)[39m [90m{"backupFile":"/Users/james/.paperclip/instances/default/data/backups/paperclip-20260323-065210.sql","sizeBytes":4675137,"prunedCount":0,"backupDir":"/Users/james/.paperclip/instances/default/data/backups","retentionDays":30}[39m
[20:38:41] [32mINFO[39m: [36mheartbeat timer tick enqueued runs[39m [90m{"checked":1,"enqueued":1,"skipped":0}[39m
[20:39:00] [32mINFO[39m: [36mGET /issues/8fc6b4d4-6e3e-43bb-9cac-d82fa67de990/comments 200[39m
[20:39:11] [32mINFO[39m: [36mheartbeat timer tick enqueued runs[39m [90m{"checked":1,"enqueued":1,"skipped":0}[39m
[20:52:10] [32mINFO[39m: [36mAutomatic database backup complete: /Users/james/.paperclip/instances/default/data/backups/paperclip-20260323-075210.sql (4.5M)[39m [90m{"backupFile":"/Users/james/.paperclip/instances/default/data/backups/paperclip-20260323-075210.sql","sizeBytes":4707521,"prunedCount":0,"backupDir":"/Users/james/.paperclip/instances/default/data/backups","retentionDays":30}[39m
[21:39:12] [32mINFO[39m: [36mheartbeat timer tick enqueued runs[39m [90m{"checked":1,"enqueued":1,"skipped":0}[39m
[21:39:29] [32mINFO[39m: [36mGET /issues/8fc6b4d4-6e3e-43bb-9cac-d82fa67de990/comments 200[39m
[21:39:42] [32mINFO[39m: [36mheartbeat timer tick enqueued runs[39m [90m{"checked":1,"enqueued":1,"skipped":0}[39m
[21:52:10] [32mINFO[39m: [36mAutomatic database backup complete: /Users/james/.paperclip/instances/default/data/backups/paperclip-20260323-085210.sql (4.5M)[39m [90m{"backupFile":"/Users/james/.paperclip/instances/default/data/backups/paperclip-20260323-085210.sql","sizeBytes":4739905,"prunedCount":0,"backupDir":"/Users/james/.paperclip/instances/default/data/backups","retentionDays":30}[39m
[22:39:42] [32mINFO[39m: [36mheartbeat timer tick enqueued runs[39m [90m{"checked":1,"enqueued":1,"skipped":0}[39m
[22:39:59] [32mINFO[39m: [36mGET /issues/8fc6b4d4-6e3e-43bb-9cac-d82fa67de990/comments 200[39m
[22:52:10] [32mINFO[39m: [36mAutomatic database backup complete: /Users/james/.paperclip/instances/default/data/backups/paperclip-20260323-095210.sql (4.6M)[39m [90m{"backupFile":"/Users/james/.paperclip/instances/default/data/backups/paperclip-20260323-095210.sql","sizeBytes":4771227,"prunedCount":0,"backupDir":"/Users/james/.paperclip/instances/default/data/backups","retentionDays":30}[39m
[23:40:12] [32mINFO[39m: [36mheartbeat timer tick enqueued runs[39m [90m{"checked":1,"enqueued":1,"skipped":0}[39m
[23:40:29] [32mINFO[39m: [36mGET /issues/8fc6b4d4-6e3e-43bb-9cac-d82fa67de990/comments 200[39m
[23:40:42] [32mINFO[39m: [36mheartbeat timer tick enqueued runs[39m [90m{"checked":1,"enqueued":1,"skipped":0}[39m
[23:52:10] [32mINFO[39m: [36mAutomatic database backup complete: /Users/james/.paperclip/instances/default/data/backups/paperclip-20260323-105210.sql (4.6M)[39m [90m{"backupFile":"/Users/james/.paperclip/instances/default/data/backups/paperclip-20260323-105210.sql","sizeBytes":4804571,"prunedCount":0,"backupDir":"/Users/james/.paperclip/instances/default/data/backups","retentionDays":30}[39m
[00:11:47] [32mINFO[39m: [36mGET /api/auth/get-session 304[39m
[00:11:47] [32mINFO[39m: [36mGET /companies/b9e2b5c9-9f24-49ca-bf0e-be3a6832453d/live-runs 304[39m
[00:11:47] [32mINFO[39m: [36mGET /companies/b9e2b5c9-9f24-49ca-bf0e-be3a6832453d/heartbeat-runs 200[39m
[00:11:47] [32mINFO[39m: [36mGET /companies/b9e2b5c9-9f24-49ca-bf0e-be3a6832453d/issues?status=backlog%2Ctodo%2Cin_progress%2Cin_review%2Cblocked%2Cdone&touchedByUserId=me 304[39m
[00:11:47] [32mINFO[39m: [36mGET /companies/b9e2b5c9-9f24-49ca-bf0e-be3a6832453d/live-runs 304[39m
[00:11:47] [32mINFO[39m: [36mGET / 304[39m
[00:11:47] [32mINFO[39m: [36mGET /companies/b9e2b5c9-9f24-49ca-bf0e-be3a6832453d/approvals 304[39m
[00:11:47] [32mINFO[39m: [36mGET /plugins/ui-contributions 304[39m
[00:11:47] [32mINFO[39m: [36mGET /companies/b9e2b5c9-9f24-49ca-bf0e-be3a6832453d/projects 304[39m
[00:11:47] [32mINFO[39m: [36mGET / 200[39m
[00:11:47] [32mINFO[39m: [36mGET /companies/b9e2b5c9-9f24-49ca-bf0e-be3a6832453d/heartbeat-runs 304[39m
[00:11:47] [32mINFO[39m: [36mGET /companies/b9e2b5c9-9f24-49ca-bf0e-be3a6832453d/join-requests?status=pending_approval 304[39m
[00:11:47] [32mINFO[39m: [36mGET /companies/b9e2b5c9-9f24-49ca-bf0e-be3a6832453d/dashboard 304[39m
[00:11:47] [32mINFO[39m: [36mGET /companies/b9e2b5c9-9f24-49ca-bf0e-be3a6832453d/live-runs 304[39m
[00:11:47] [32mINFO[39m: [36mGET /companies/b9e2b5c9-9f24-49ca-bf0e-be3a6832453d/heartbeat-runs 304[39m
[00:11:47] [32mINFO[39m: [36mGET /companies/b9e2b5c9-9f24-49ca-bf0e-be3a6832453d/live-runs 304[39m
[00:11:47] [32mINFO[39m: [36mGET /companies/b9e2b5c9-9f24-49ca-bf0e-be3a6832453d/dashboard 304[39m
[00:11:47] [32mINFO[39m: [36mGET /companies/b9e2b5c9-9f24-49ca-bf0e-be3a6832453d/heartbeat-runs 304[39m
[00:11:47] [32mINFO[39m: [36mGET /companies/b9e2b5c9-9f24-49ca-bf0e-be3a6832453d/live-runs 304[39m
[00:11:47] [32mINFO[39m: [36mGET /companies/b9e2b5c9-9f24-49ca-bf0e-be3a6832453d/dashboard 304[39m
[00:11:47] [32mINFO[39m: [36mGET /companies/b9e2b5c9-9f24-49ca-bf0e-be3a6832453d/heartbeat-runs 304[39m
[00:11:47] [32mINFO[39m: [36mGET /companies/b9e2b5c9-9f24-49ca-bf0e-be3a6832453d/live-runs 304[39m
[00:11:47] [32mINFO[39m: [36mGET /companies/b9e2b5c9-9f24-49ca-bf0e-be3a6832453d/dashboard 304[39m
[00:11:47] [32mINFO[39m: [36mGET /companies/b9e2b5c9-9f24-49ca-bf0e-be3a6832453d/heartbeat-runs 304[39m
[00:11:47] [32mINFO[39m: [36mGET /companies/b9e2b5c9-9f24-49ca-bf0e-be3a6832453d/live-runs 304[39m
[00:11:47] [32mINFO[39m: [36mGET /companies/b9e2b5c9-9f24-49ca-bf0e-be3a6832453d/dashboard 304[39m
[00:11:47] [32mINFO[39m: [36mGET /companies/b9e2b5c9-9f24-49ca-bf0e-be3a6832453d/live-runs 304[39m
[00:11:47] [32mINFO[39m: [36mGET /companies/b9e2b5c9-9f24-49ca-bf0e-be3a6832453d/heartbeat-runs 304[39m
[00:11:47] [32mINFO[39m: [36mGET /companies/b9e2b5c9-9f24-49ca-bf0e-be3a6832453d/dashboard 304[39m
[00:11:47] [32mINFO[39m: [36mGET /companies/b9e2b5c9-9f24-49ca-bf0e-be3a6832453d/live-runs 304[39m
[00:11:47] [32mINFO[39m: [36mGET /companies/b9e2b5c9-9f24-49ca-bf0e-be3a6832453d/heartbeat-runs 304[39m
[00:11:47] [32mINFO[39m: [36mGET /companies/b9e2b5c9-9f24-49ca-bf0e-be3a6832453d/live-runs 304[39m
[00:11:47] [32mINFO[39m: [36mGET /companies/b9e2b5c9-9f24-49ca-bf0e-be3a6832453d/dashboard 304[39m
[00:11:47] [32mINFO[39m: [36mGET /companies/b9e2b5c9-9f24-49ca-bf0e-be3a6832453d/heartbeat-runs 304[39m
[00:11:47] [32mINFO[39m: [36mGET /companies/b9e2b5c9-9f24-49ca-bf0e-be3a6832453d/live-runs 304[39m
[00:11:47] [32mINFO[39m: [36mGET /companies/b9e2b5c9-9f24-49ca-bf0e-be3a6832453d/dashboard 304[39m
[00:11:47] [32mINFO[39m: [36mGET /companies/b9e2b5c9-9f24-49ca-bf0e-be3a6832453d/live-runs 304[39m
[00:11:47] [32mINFO[39m: [36mGET /companies/b9e2b5c9-9f24-49ca-bf0e-be3a6832453d/heartbeat-runs 304[39m
[00:11:47] [32mINFO[39m: [36mGET /companies/b9e2b5c9-9f24-49ca-bf0e-be3a6832453d/dashboard 304[39m
[00:11:47] [32mINFO[39m: [36mGET /companies/b9e2b5c9-9f24-49ca-bf0e-be3a6832453d/live-runs 304[39m
[00:11:47] [32mINFO[39m: [36mGET /companies/b9e2b5c9-9f24-49ca-bf0e-be3a6832453d/heartbeat-runs 304[39m
[00:11:47] [32mINFO[39m: [36mGET /companies/b9e2b5c9-9f24-49ca-bf0e-be3a6832453d/live-runs 304[39m
[00:11:47] [32mINFO[39m: [36mGET /companies/b9e2b5c9-9f24-49ca-bf0e-be3a6832453d/dashboard 304[39m
[00:11:47] [32mINFO[39m: [36mGET /companies/b9e2b5c9-9f24-49ca-bf0e-be3a6832453d/heartbeat-runs 304[39m
[00:11:47] [32mINFO[39m: [36mGET /companies/b9e2b5c9-9f24-49ca-bf0e-be3a6832453d/live-runs 304[39m
[00:11:47] [32mINFO[39m: [36mGET /companies/b9e2b5c9-9f24-49ca-bf0e-be3a6832453d/dashboard 304[39m
[00:11:47] [32mINFO[39m: [36mGET /companies/b9e2b5c9-9f24-49ca-bf0e-be3a6832453d/live-runs 304[39m
[00:11:47] [32mINFO[39m: [36mGET /companies/b9e2b5c9-9f24-49ca-bf0e-be3a6832453d/heartbeat-runs 304[39m
[00:11:47] [32mINFO[39m: [36mGET /companies/b9e2b5c9-9f24-49ca-bf0e-be3a6832453d/dashboard 304[39m
[00:11:47] [32mINFO[39m: [36mGET /companies/b9e2b5c9-9f24-49ca-bf0e-be3a6832453d/live-runs 304[39m
[00:11:47] [32mINFO[39m: [36mGET /companies/b9e2b5c9-9f24-49ca-bf0e-be3a6832453d/live-runs 304[39m
[00:11:47] [32mINFO[39m: [36mGET /companies/b9e2b5c9-9f24-49ca-bf0e-be3a6832453d/dashboard 304[39m
[00:11:47] [32mINFO[39m: [36mGET /companies/b9e2b5c9-9f24-49ca-bf0e-be3a6832453d/heartbeat-runs 304[39m
[00:11:47] [32mINFO[39m: [36mGET /companies/b9e2b5c9-9f24-49ca-bf0e-be3a6832453d/live-runs 304[39m
[00:11:47] [32mINFO[39m: [36mGET /companies/b9e2b5c9-9f24-49ca-bf0e-be3a6832453d/dashboard 304[39m
[00:11:47] [32mINFO[39m: [36mGET /companies/b9e2b5c9-9f24-49ca-bf0e-be3a6832453d/heartbeat-runs 304[39m
[00:11:47] [32mINFO[39m: [36mGET /companies/b9e2b5c9-9f24-49ca-bf0e-be3a6832453d/dashboard 304[39m
[00:11:47] [32mINFO[39m: [36mGET /companies/b9e2b5c9-9f24-49ca-bf0e-be3a6832453d/heartbeat-runs 304[39m
[00:11:47] [32mINFO[39m: [36mGET /companies/b9e2b5c9-9f24-49ca-bf0e-be3a6832453d/dashboard 304[39m
[00:11:47] [32mINFO[39m: [36mGET /companies/b9e2b5c9-9f24-49ca-bf0e-be3a6832453d/heartbeat-runs 304[39m
[00:11:47] [32mINFO[39m: [36mGET /companies/b9e2b5c9-9f24-49ca-bf0e-be3a6832453d/dashboard 304[39m
[00:11:47] [32mINFO[39m: [36mGET /companies/b9e2b5c9-9f24-49ca-bf0e-be3a6832453d/heartbeat-runs 304[39m
[00:11:47] [32mINFO[39m: [36mGET /companies/b9e2b5c9-9f24-49ca-bf0e-be3a6832453d/dashboard 304[39m
[00:11:47] [32mINFO[39m: [36mGET /companies/b9e2b5c9-9f24-49ca-bf0e-be3a6832453d/heartbeat-runs 304[39m
[00:11:47] [32mINFO[39m: [36mGET /companies/b9e2b5c9-9f24-49ca-bf0e-be3a6832453d/dashboard 304[39m
[00:11:47] [32mINFO[39m: [36mGET /companies/b9e2b5c9-9f24-49ca-bf0e-be3a6832453d/dashboard 304[39m
[00:11:47] [32mINFO[39m: [36mGET /companies/b9e2b5c9-9f24-49ca-bf0e-be3a6832453d/dashboard 304[39m
[00:11:47] [32mINFO[39m: [36mGET /companies/b9e2b5c9-9f24-49ca-bf0e-be3a6832453d/dashboard 304[39m
[00:11:48] [32mINFO[39m: [36mGET /companies/b9e2b5c9-9f24-49ca-bf0e-be3a6832453d/dashboard 304[39m
[00:11:48] [32mINFO[39m: [36mGET /companies/b9e2b5c9-9f24-49ca-bf0e-be3a6832453d/dashboard 304[39m
[00:11:48] [32mINFO[39m: [36mGET /companies/b9e2b5c9-9f24-49ca-bf0e-be3a6832453d/dashboard 304[39m
[00:11:48] [32mINFO[39m: [36mGET /companies/b9e2b5c9-9f24-49ca-bf0e-be3a6832453d/dashboard 304[39m
[00:11:48] [32mINFO[39m: [36mGET /companies/b9e2b5c9-9f24-49ca-bf0e-be3a6832453d/dashboard 304[39m
[00:11:48] [32mINFO[39m: [36mGET /companies/b9e2b5c9-9f24-49ca-bf0e-be3a6832453d/dashboard 304[39m
[00:11:48] [32mINFO[39m: [36mGET /companies/b9e2b5c9-9f24-49ca-bf0e-be3a6832453d/dashboard 304[39m
[00:11:48] [32mINFO[39m: [36mGET /companies/b9e2b5c9-9f24-49ca-bf0e-be3a6832453d/dashboard 304[39m
[00:11:48] [32mINFO[39m: [36mGET /companies/b9e2b5c9-9f24-49ca-bf0e-be3a6832453d/dashboard 304[39m
[00:11:48] [32mINFO[39m: [36mGET /ORR/inbox/recent 200[39m
[00:11:48] [32mINFO[39m: [36mGET /assets/vendor-dnd-D9flXMQ8.js 200[39m
[00:11:48] [32mINFO[39m: [36mGET /assets/vendor-tanstack-D-u36eqh.js 200[39m
[00:11:48] [32mINFO[39m: [36mGET /assets/vendor-i18n-D7Z1H7Kb.js 200[39m
[00:11:48] [32mINFO[39m: [36mGET /assets/vendor-radix-Bv30JGBl.js 200[39m
[00:11:48] [32mINFO[39m: [36mGET /assets/vendor-react-CJhteRp4.js 200[39m
[00:11:48] [32mINFO[39m: [36mGET /assets/index-BM5tPATl.css 200[39m
[00:11:48] [32mINFO[39m: [36mGET /assets/index-Cv501jdO.js 200[39m
[00:11:48] [32mINFO[39m: [36mGET /api/auth/get-session 200[39m
[00:11:48] [32mINFO[39m: [36mGET / 200[39m
[00:11:48] [32mINFO[39m: [36mGET /favicon.svg 200[39m
[00:11:48] [32mINFO[39m: [36mGET / 200[39m
[00:11:48] [32mINFO[39m: [36mGET /companies/b9e2b5c9-9f24-49ca-bf0e-be3a6832453d/approvals 304[39m
[00:11:48] [32mINFO[39m: [36mGET /plugins/ui-contributions 304[39m
[00:11:48] [32mINFO[39m: [36mGET /companies/b9e2b5c9-9f24-49ca-bf0e-be3a6832453d/join-requests?status=pending_approval 304[39m
[00:11:48] [32mINFO[39m: [36mGET /companies/b9e2b5c9-9f24-49ca-bf0e-be3a6832453d/live-runs 304[39m
[00:11:48] [32mINFO[39m: [36mGET /companies/b9e2b5c9-9f24-49ca-bf0e-be3a6832453d/agents 200[39m
[00:11:48] [32mINFO[39m: [36mGET /companies/b9e2b5c9-9f24-49ca-bf0e-be3a6832453d/issues 304[39m
[00:11:48] [32mINFO[39m: [36mGET /companies/b9e2b5c9-9f24-49ca-bf0e-be3a6832453d/projects 304[39m
[00:11:48] [32mINFO[39m: [36mGET /companies/b9e2b5c9-9f24-49ca-bf0e-be3a6832453d/heartbeat-runs 304[39m
[00:11:48] [32mINFO[39m: [36mGET /companies/b9e2b5c9-9f24-49ca-bf0e-be3a6832453d/dashboard 304[39m
[00:11:48] [32mINFO[39m: [36mGET /companies/b9e2b5c9-9f24-49ca-bf0e-be3a6832453d/issues?status=backlog%2Ctodo%2Cin_progress%2Cin_review%2Cblocked%2Cdone&touchedByUserId=me 304[39m
[00:11:48] [32mINFO[39m: [36mGET /favicon.svg 304[39m
[00:11:51] [32mINFO[39m: [36mGET /ORR/inbox/recent 200[39m
[00:11:51] [32mINFO[39m: [36mGET /assets/vendor-tanstack-D-u36eqh.js 200[39m
[00:11:51] [32mINFO[39m: [36mGET /assets/vendor-radix-Bv30JGBl.js 200[39m
[00:11:51] [32mINFO[39m: [36mGET /assets/vendor-i18n-D7Z1H7Kb.js 200[39m
[00:11:51] [32mINFO[39m: [36mGET /assets/index-BM5tPATl.css 200[39m
[00:11:51] [32mINFO[39m: [36mGET /assets/vendor-react-CJhteRp4.js 200[39m
[00:11:51] [32mINFO[39m: [36mGET /assets/vendor-dnd-D9flXMQ8.js 200[39m
[00:11:51] [32mINFO[39m: [36mGET /assets/index-Cv501jdO.js 200[39m
[00:11:51] [32mINFO[39m: [36mGET / 200[39m
[00:11:51] [32mINFO[39m: [36mGET /api/auth/get-session 200[39m
[00:11:51] [32mINFO[39m: [36mGET / 200[39m
[00:11:51] [32mINFO[39m: [36mGET /favicon.svg 200[39m
[00:11:51] [32mINFO[39m: [36mGET /plugins/ui-contributions 304[39m
[00:11:51] [32mINFO[39m: [36mGET /companies/b9e2b5c9-9f24-49ca-bf0e-be3a6832453d/approvals 304[39m
[00:11:51] [32mINFO[39m: [36mGET /companies/b9e2b5c9-9f24-49ca-bf0e-be3a6832453d/projects 304[39m
[00:11:51] [32mINFO[39m: [36mGET /favicon.svg 304[39m
[00:11:51] [32mINFO[39m: [36mGET /companies/b9e2b5c9-9f24-49ca-bf0e-be3a6832453d/join-requests?status=pending_approval 304[39m
[00:11:51] [32mINFO[39m: [36mGET /companies/b9e2b5c9-9f24-49ca-bf0e-be3a6832453d/live-runs 304[39m
[00:11:51] [32mINFO[39m: [36mGET /companies/b9e2b5c9-9f24-49ca-bf0e-be3a6832453d/agents 304[39m
[00:11:51] [32mINFO[39m: [36mGET /companies/b9e2b5c9-9f24-49ca-bf0e-be3a6832453d/issues 304[39m
[00:11:51] [32mINFO[39m: [36mGET /companies/b9e2b5c9-9f24-49ca-bf0e-be3a6832453d/dashboard 304[39m
[00:11:51] [32mINFO[39m: [36mGET /companies/b9e2b5c9-9f24-49ca-bf0e-be3a6832453d/issues?status=backlog%2Ctodo%2Cin_progress%2Cin_review%2Cblocked%2Cdone&touchedByUserId=me 304[39m
[00:11:51] [32mINFO[39m: [36mGET /companies/b9e2b5c9-9f24-49ca-bf0e-be3a6832453d/heartbeat-runs 304[39m
[00:11:53] [32mINFO[39m: [36mGET /ORR/inbox/recent 200[39m
[00:11:53] [32mINFO[39m: [36mGET /assets/vendor-react-CJhteRp4.js 304[39m
[00:11:53] [32mINFO[39m: [36mGET /assets/index-Cv501jdO.js 304[39m
[00:11:53] [32mINFO[39m: [36mGET /assets/vendor-radix-Bv30JGBl.js 304[39m
[00:11:53] [32mINFO[39m: [36mGET /assets/vendor-tanstack-D-u36eqh.js 304[39m
[00:11:53] [32mINFO[39m: [36mGET /assets/vendor-i18n-D7Z1H7Kb.js 304[39m
[00:11:53] [32mINFO[39m: [36mGET /assets/vendor-dnd-D9flXMQ8.js 304[39m
[00:11:53] [32mINFO[39m: [36mGET /assets/index-BM5tPATl.css 304[39m
[00:11:53] [32mINFO[39m: [36mGET /api/auth/get-session 304[39m
[00:11:53] [32mINFO[39m: [36mGET / 304[39m
[00:11:53] [32mINFO[39m: [36mGET /favicon.svg 304[39m
[00:11:53] [32mINFO[39m: [36mGET / 304[39m
[00:11:53] [32mINFO[39m: [36mGET /companies/b9e2b5c9-9f24-49ca-bf0e-be3a6832453d/approvals 304[39m
[00:11:53] [32mINFO[39m: [36mGET /plugins/ui-contributions 304[39m
[00:11:53] [32mINFO[39m: [36mGET /companies/b9e2b5c9-9f24-49ca-bf0e-be3a6832453d/live-runs 304[39m
[00:11:53] [32mINFO[39m: [36mGET /favicon.svg 304[39m
[00:11:53] [32mINFO[39m: [36mGET /companies/b9e2b5c9-9f24-49ca-bf0e-be3a6832453d/join-requests?status=pending_approval 304[39m
[00:11:53] [32mINFO[39m: [36mGET /companies/b9e2b5c9-9f24-49ca-bf0e-be3a6832453d/heartbeat-runs 304[39m
[00:11:53] [32mINFO[39m: [36mGET /companies/b9e2b5c9-9f24-49ca-bf0e-be3a6832453d/agents 304[39m
[00:11:53] [32mINFO[39m: [36mGET /companies/b9e2b5c9-9f24-49ca-bf0e-be3a6832453d/projects 304[39m
[00:11:53] [32mINFO[39m: [36mGET /companies/b9e2b5c9-9f24-49ca-bf0e-be3a6832453d/issues 304[39m
[00:11:53] [32mINFO[39m: [36mGET /companies/b9e2b5c9-9f24-49ca-bf0e-be3a6832453d/dashboard 304[39m
[00:11:53] [32mINFO[39m: [36mGET /companies/b9e2b5c9-9f24-49ca-bf0e-be3a6832453d/issues?status=backlog%2Ctodo%2Cin_progress%2Cin_review%2Cblocked%2Cdone&touchedByUserId=me 304[39m
[00:11:55] [32mINFO[39m: [36mGET /sw.js 304[39m
[00:12:03] [32mINFO[39m: [36mGET /companies/b9e2b5c9-9f24-49ca-bf0e-be3a6832453d/live-runs 304[39m
[00:12:08] [32mINFO[39m: [36mGET /ORR/inbox/recent 200[39m
[00:12:08] [32mINFO[39m: [36mGET /assets/index-BM5tPATl.css 200[39m
[00:12:08] [32mINFO[39m: [36mGET /assets/vendor-radix-Bv30JGBl.js 200[39m
[00:12:08] [32mINFO[39m: [36mGET /assets/vendor-tanstack-D-u36eqh.js 200[39m
[00:12:08] [32mINFO[39m: [36mGET /assets/vendor-i18n-D7Z1H7Kb.js 200[39m
[00:12:08] [32mINFO[39m: [36mGET /assets/vendor-dnd-D9flXMQ8.js 200[39m
[00:12:08] [32mINFO[39m: [36mGET /assets/vendor-react-CJhteRp4.js 200[39m
[00:12:08] [32mINFO[39m: [36mGET /assets/index-Cv501jdO.js 200[39m
[00:12:08] [32mINFO[39m: [36mGET / 200[39m
[00:12:08] [32mINFO[39m: [36mGET /api/auth/get-session 200[39m
[00:12:08] [32mINFO[39m: [36mGET /favicon.svg 200[39m
[00:12:08] [32mINFO[39m: [36mGET / 200[39m
[00:12:08] [32mINFO[39m: [36mGET /plugins/ui-contributions 304[39m
[00:12:08] [32mINFO[39m: [36mGET /companies/b9e2b5c9-9f24-49ca-bf0e-be3a6832453d/approvals 304[39m
[00:12:08] [32mINFO[39m: [36mGET /favicon.svg 304[39m
[00:12:08] [32mINFO[39m: [36mGET /companies/b9e2b5c9-9f24-49ca-bf0e-be3a6832453d/live-runs 304[39m
[00:12:08] [32mINFO[39m: [36mGET /companies/b9e2b5c9-9f24-49ca-bf0e-be3a6832453d/agents 304[39m
[00:12:08] [32mINFO[39m: [36mGET /companies/b9e2b5c9-9f24-49ca-bf0e-be3a6832453d/join-requests?status=pending_approval 304[39m
[00:12:08] [32mINFO[39m: [36mGET /companies/b9e2b5c9-9f24-49ca-bf0e-be3a6832453d/projects 304[39m
[00:12:09] [32mINFO[39m: [36mGET /companies/b9e2b5c9-9f24-49ca-bf0e-be3a6832453d/heartbeat-runs 304[39m
[00:12:09] [32mINFO[39m: [36mGET /companies/b9e2b5c9-9f24-49ca-bf0e-be3a6832453d/issues 304[39m
[00:12:09] [32mINFO[39m: [36mGET /companies/b9e2b5c9-9f24-49ca-bf0e-be3a6832453d/dashboard 304[39m
[00:12:09] [32mINFO[39m: [36mGET /companies/b9e2b5c9-9f24-49ca-bf0e-be3a6832453d/issues?status=backlog%2Ctodo%2Cin_progress%2Cin_review%2Cblocked%2Cdone&touchedByUserId=me 304[39m
[00:12:12] [32mINFO[39m: [36mGET /assets/index-BM5tPATl.css 304[39m
[00:12:12] [32mINFO[39m: [36mGET /site.webmanifest 304[39m
[00:12:19] [32mINFO[39m: [36mGET /companies/b9e2b5c9-9f24-49ca-bf0e-be3a6832453d/live-runs 200[39m
[00:12:29] [32mINFO[39m: [36mGET /companies/b9e2b5c9-9f24-49ca-bf0e-be3a6832453d/live-runs 200[39m
[00:12:39] [32mINFO[39m: [36mGET /companies/b9e2b5c9-9f24-49ca-bf0e-be3a6832453d/live-runs 200[39m
[00:12:49] [32mINFO[39m: [36mGET /companies/b9e2b5c9-9f24-49ca-bf0e-be3a6832453d/live-runs 200[39m
[00:12:59] [32mINFO[39m: [36mGET /companies/b9e2b5c9-9f24-49ca-bf0e-be3a6832453d/live-runs 200[39m
[00:13:09] [32mINFO[39m: [36mGET /companies/b9e2b5c9-9f24-49ca-bf0e-be3a6832453d/live-runs 200[39m
[00:13:19] [32mINFO[39m: [36mGET /companies/b9e2b5c9-9f24-49ca-bf0e-be3a6832453d/live-runs 200[39m
[00:13:29] [32mINFO[39m: [36mGET /companies/b9e2b5c9-9f24-49ca-bf0e-be3a6832453d/live-runs 200[39m
[00:13:39] [32mINFO[39m: [36mGET /companies/b9e2b5c9-9f24-49ca-bf0e-be3a6832453d/live-runs 200[39m
[00:13:49] [32mINFO[39m: [36mGET /companies/b9e2b5c9-9f24-49ca-bf0e-be3a6832453d/live-runs 200[39m
[00:13:59] [32mINFO[39m: [36mGET /companies/b9e2b5c9-9f24-49ca-bf0e-be3a6832453d/live-runs 200[39m
[00:14:09] [32mINFO[39m: [36mGET /companies/b9e2b5c9-9f24-49ca-bf0e-be3a6832453d/live-runs 200[39m
[00:14:19] [32mINFO[39m: [36mGET /companies/b9e2b5c9-9f24-49ca-bf0e-be3a6832453d/live-runs 200[39m
[00:14:21] [32mINFO[39m: [36mGET /ORR/inbox/recent 200[39m
[00:14:21] [32mINFO[39m: [36mGET /assets/vendor-tanstack-D-u36eqh.js 200[39m
[00:14:21] [32mINFO[39m: [36mGET /assets/index-BM5tPATl.css 200[39m
[00:14:21] [32mINFO[39m: [36mGET /assets/vendor-i18n-D7Z1H7Kb.js 200[39m
[00:14:21] [32mINFO[39m: [36mGET /assets/vendor-dnd-D9flXMQ8.js 200[39m
[00:14:21] [32mINFO[39m: [36mGET /assets/vendor-radix-Bv30JGBl.js 200[39m
[00:14:21] [32mINFO[39m: [36mGET /assets/vendor-react-CJhteRp4.js 200[39m
[00:14:21] [32mINFO[39m: [36mGET /assets/index-Cv501jdO.js 200[39m
[00:14:21] [32mINFO[39m: [36mGET / 200[39m
[00:14:21] [32mINFO[39m: [36mGET /api/auth/get-session 200[39m
[00:14:21] [32mINFO[39m: [36mGET /favicon.svg 200[39m
[00:14:21] [32mINFO[39m: [36mGET / 200[39m
[00:14:22] [32mINFO[39m: [36mGET /plugins/ui-contributions 200[39m
[00:14:22] [32mINFO[39m: [36mGET /companies/b9e2b5c9-9f24-49ca-bf0e-be3a6832453d/approvals 200[39m
[00:14:22] [32mINFO[39m: [36mGET /companies/b9e2b5c9-9f24-49ca-bf0e-be3a6832453d/live-runs 200[39m
[00:14:22] [32mINFO[39m: [36mGET /companies/b9e2b5c9-9f24-49ca-bf0e-be3a6832453d/join-requests?status=pending_approval 200[39m
[00:14:22] [32mINFO[39m: [36mGET /favicon.svg 200[39m
[00:14:22] [32mINFO[39m: [36mGET /companies/b9e2b5c9-9f24-49ca-bf0e-be3a6832453d/heartbeat-runs 200[39m
[00:14:22] [32mINFO[39m: [36mGET /companies/b9e2b5c9-9f24-49ca-bf0e-be3a6832453d/agents 200[39m
[00:14:22] [32mINFO[39m: [36mGET /companies/b9e2b5c9-9f24-49ca-bf0e-be3a6832453d/projects 200[39m
[00:14:22] [32mINFO[39m: [36mGET /companies/b9e2b5c9-9f24-49ca-bf0e-be3a6832453d/dashboard 200[39m
[00:14:22] [32mINFO[39m: [36mGET /companies/b9e2b5c9-9f24-49ca-bf0e-be3a6832453d/issues 200[39m
[00:14:22] [32mINFO[39m: [36mGET /companies/b9e2b5c9-9f24-49ca-bf0e-be3a6832453d/issues?status=backlog%2Ctodo%2Cin_progress%2Cin_review%2Cblocked%2Cdone&touchedByUserId=me 200[39m
[00:14:32] [32mINFO[39m: [36mGET /companies/b9e2b5c9-9f24-49ca-bf0e-be3a6832453d/live-runs 200[39m
[00:14:42] [32mINFO[39m: [36mGET /companies/b9e2b5c9-9f24-49ca-bf0e-be3a6832453d/live-runs 200[39m
[00:14:52] [32mINFO[39m: [36mGET /companies/b9e2b5c9-9f24-49ca-bf0e-be3a6832453d/live-runs 200[39m
[00:15:02] [32mINFO[39m: [36mGET /companies/b9e2b5c9-9f24-49ca-bf0e-be3a6832453d/live-runs 200[39m
[00:17:24] [32mINFO[39m: [36mGET / 200[39m
[00:17:24] [32mINFO[39m: [36mGET /api/auth/get-session 200[39m
[00:17:24] [32mINFO[39m: [36mGET /companies/b9e2b5c9-9f24-49ca-bf0e-be3a6832453d/join-requests?status=pending_approval 200[39m
[00:17:24] [32mINFO[39m: [36mGET /companies/b9e2b5c9-9f24-49ca-bf0e-be3a6832453d/heartbeat-runs 200[39m
[00:17:24] [32mINFO[39m: [36mGET /companies/b9e2b5c9-9f24-49ca-bf0e-be3a6832453d/live-runs 200[39m
[00:17:24] [32mINFO[39m: [36mGET /plugins/ui-contributions 200[39m
[00:17:24] [32mINFO[39m: [36mGET /companies/b9e2b5c9-9f24-49ca-bf0e-be3a6832453d/approvals 200[39m
[00:17:24] [32mINFO[39m: [36mGET / 200[39m
[00:17:24] [32mINFO[39m: [36mGET /companies/b9e2b5c9-9f24-49ca-bf0e-be3a6832453d/dashboard 200[39m
[00:17:24] [32mINFO[39m: [36mGET /companies/b9e2b5c9-9f24-49ca-bf0e-be3a6832453d/issues?status=backlog%2Ctodo%2Cin_progress%2Cin_review%2Cblocked%2Cdone&touchedByUserId=me 200[39m
[00:17:24] [32mINFO[39m: [36mGET /companies/b9e2b5c9-9f24-49ca-bf0e-be3a6832453d/projects 200[39m
[00:17:25] [32mINFO[39m: [36mGET /ORR/inbox/recent 200[39m
[00:17:25] [32mINFO[39m: [36mGET /assets/index-Cv501jdO.js 200[39m
[00:17:25] [32mINFO[39m: [36mGET /assets/index-BM5tPATl.css 200[39m
[00:17:25] [32mINFO[39m: [36mGET /assets/vendor-react-CJhteRp4.js 200[39m
[00:17:25] [32mINFO[39m: [36mGET /assets/vendor-radix-Bv30JGBl.js 200[39m
[00:17:25] [32mINFO[39m: [36mGET /assets/vendor-i18n-D7Z1H7Kb.js 200[39m
[00:17:25] [32mINFO[39m: [36mGET /assets/vendor-dnd-D9flXMQ8.js 200[39m
[00:17:25] [32mINFO[39m: [36mGET /assets/vendor-tanstack-D-u36eqh.js 200[39m
[00:17:25] [32mINFO[39m: [36mGET /favicon.svg 200[39m
[00:17:25] [32mINFO[39m: [36mGET /favicon-32x32.png 200[39m
[00:17:25] [32mINFO[39m: [36mGET /favicon-16x16.png 200[39m
[00:17:25] [32mINFO[39m: [36mGET /favicon.ico 200[39m
[00:17:28] [32mINFO[39m: [36mGET /ORR/inbox/recent 200[39m
[00:17:28] [32mINFO[39m: [36mGET /assets/vendor-react-CJhteRp4.js 200[39m
[00:17:28] [32mINFO[39m: [36mGET /assets/index-Cv501jdO.js 200[39m
[00:17:28] [32mINFO[39m: [36mGET /assets/vendor-tanstack-D-u36eqh.js 200[39m
[00:17:28] [32mINFO[39m: [36mGET /assets/vendor-radix-Bv30JGBl.js 200[39m
[00:17:28] [32mINFO[39m: [36mGET /assets/vendor-i18n-D7Z1H7Kb.js 200[39m
[00:17:28] [32mINFO[39m: [36mGET /assets/vendor-dnd-D9flXMQ8.js 200[39m
[00:17:28] [32mINFO[39m: [36mGET /assets/index-BM5tPATl.css 200[39m
[00:17:28] [32mINFO[39m: [36mGET /favicon.svg 200[39m
[00:17:28] [32mINFO[39m: [36mGET /favicon-32x32.png 200[39m
[00:17:28] [32mINFO[39m: [36mGET /favicon-16x16.png 200[39m
[00:17:28] [32mINFO[39m: [36mGET /favicon.ico 200[39m
[00:17:33] [32mINFO[39m: [36mGET / 200[39m
[00:17:34] [32mINFO[39m: [36mGET /assets/index-Cv501jdO.js 200[39m
[00:17:34] [32mINFO[39m: [36mGET /assets/vendor-react-CJhteRp4.js 200[39m
[00:17:34] [32mINFO[39m: [36mGET /assets/vendor-tanstack-D-u36eqh.js 200[39m
[00:17:34] [32mINFO[39m: [36mGET /assets/vendor-i18n-D7Z1H7Kb.js 200[39m
[00:17:34] [32mINFO[39m: [36mGET /assets/vendor-dnd-D9flXMQ8.js 200[39m
[00:17:34] [32mINFO[39m: [36mGET /assets/vendor-radix-Bv30JGBl.js 200[39m
[00:17:34] [32mINFO[39m: [36mGET /assets/index-BM5tPATl.css 200[39m
[00:17:34] [32mINFO[39m: [36mGET /favicon.svg 200[39m
[00:17:34] [32mINFO[39m: [36mGET /favicon-32x32.png 200[39m
[00:17:34] [32mINFO[39m: [36mGET /favicon-16x16.png 200[39m
[00:17:34] [32mINFO[39m: [36mGET /favicon.ico 200[39m
[00:17:35] [32mINFO[39m: [36mGET /sw.js 200[39m
[tac] Building UI...

> @paperclipai/ui@0.0.1 build /Users/james/Dev/theagent-company/ui
> tsc -b && vite build

vite v6.4.1 building for production...
transforming...
✓ 4789 modules transformed.
rendering chunks...
computing gzip size...
dist/index.html                                           3.63 kB │ gzip:   1.16 kB
dist/assets/index-BM5tPATl.css                          224.18 kB │ gzip:  35.70 kB
dist/assets/clone-zyj0p-tY.js                             0.10 kB │ gzip:   0.11 kB
dist/assets/channel-C5yeXY1-.js                           0.11 kB │ gzip:   0.13 kB
dist/assets/init-Gi6I4Gst.js                              0.15 kB │ gzip:   0.13 kB
dist/assets/chunk-QZHKN3VN-DSIaLcZW.js                    0.19 kB │ gzip:   0.16 kB
dist/assets/chunk-55IACEB6-CkRslWqh.js                    0.24 kB │ gzip:   0.21 kB
dist/assets/chunk-4BX2VUAB-Ya2ZKb1R.js                    0.30 kB │ gzip:   0.21 kB
dist/assets/diff-DbItnlRl.js                              0.31 kB │ gzip:   0.24 kB
dist/assets/chunk-FMBD7UC4-Dy1jVmvY.js                    0.37 kB │ gzip:   0.27 kB
dist/assets/chunk-QN33PNHL-Cog_kGRI.js                    0.53 kB │ gzip:   0.37 kB
dist/assets/stateDiagram-v2-4FDKWEC3-DgiWL0r3.js          0.57 kB │ gzip:   0.36 kB
dist/assets/classDiagram-2ON5EDUG-CgjUgTux.js             0.61 kB │ gzip:   0.37 kB
dist/assets/classDiagram-v2-WZHVMYZB-CgjUgTux.js          0.61 kB │ gzip:   0.37 kB
dist/assets/brainfuck-C4LP7Hcl.js                         0.61 kB │ gzip:   0.33 kB
dist/assets/properties-C78fOPTZ.js                        0.67 kB │ gzip:   0.34 kB
dist/assets/cmake-BQqOBYOt.js                             0.78 kB │ gzip:   0.46 kB
dist/assets/asciiarmor-Df11BRmG.js                        0.79 kB │ gzip:   0.40 kB
dist/assets/http-DBlCnlav.js                              0.85 kB │ gzip:   0.42 kB
dist/assets/protobuf-ChK-085T.js                          0.86 kB │ gzip:   0.52 kB
dist/assets/solr-DehyRSwq.js                              0.87 kB │ gzip:   0.45 kB
dist/assets/infoDiagram-HS3SLOUP-BWGbFw3K.js              0.87 kB │ gzip:   0.53 kB
dist/assets/troff-wAsdV37c.js                             0.96 kB │ gzip:   0.44 kB
dist/assets/spreadsheet-BCZA_wO0.js                       1.14 kB │ gzip:   0.54 kB
dist/assets/toml-Bm5Em-hy.js                              1.14 kB │ gzip:   0.54 kB
dist/assets/ordinal-Cboi1Yqb.js                           1.19 kB │ gzip:   0.57 kB
dist/assets/mbox-CNhZ1qSd.js                              1.40 kB │ gzip:   0.65 kB
dist/assets/chunk-TZMSLE5B-V9ovB2y-.js                    1.44 kB │ gzip:   0.64 kB
dist/assets/sieve-C3Gn_uJK.js                             1.62 kB │ gzip:   0.77 kB
dist/assets/rpm-CTu-6PCP.js                               1.62 kB │ gzip:   0.82 kB
dist/assets/factor-kuTfRLto.js                            1.67 kB │ gzip:   0.61 kB
dist/assets/z80-Hz9HOZM7.js                               1.75 kB │ gzip:   0.81 kB
dist/assets/eiffel-CnydiIhH.js                            1.81 kB │ gzip:   0.91 kB
dist/assets/elm-vLlmbW-K.js                               1.89 kB │ gzip:   0.81 kB
dist/assets/mathematica-DTrFuWx2.js                       1.92 kB │ gzip:   0.81 kB
dist/assets/dockerfile-BKs6k2Af.js                        1.95 kB │ gzip:   0.67 kB
dist/assets/turtle-B1tBg_DP.js                            1.98 kB │ gzip:   0.90 kB
dist/assets/ebnf-CDyGwa7X.js                              1.99 kB │ gzip:   0.80 kB
dist/assets/smalltalk-CnHTOXQT.js                         2.01 kB │ gzip:   0.85 kB
dist/assets/dtd-DF_7sFjM.js                               2.06 kB │ gzip:   0.87 kB
dist/assets/mumps-BT43cFF4.js                             2.07 kB │ gzip:   0.98 kB
dist/assets/fcl-Kvtd6kyn.js                               2.08 kB │ gzip:   0.95 kB
dist/assets/ntriples-BfvgReVJ.js                          2.10 kB │ gzip:   0.74 kB
dist/assets/yacas-BJ4BC0dw.js                             2.15 kB │ gzip:   1.09 kB
dist/assets/simple-mode-GW_nhZxv.js                       2.28 kB │ gzip:   1.09 kB
dist/assets/apl-B4CMkyY2.js                               2.30 kB │ gzip:   1.20 kB
dist/assets/pascal--L3eBynH.js                            2.30 kB │ gzip:   1.19 kB
dist/assets/octave-Ck1zUtKM.js                            2.31 kB │ gzip:   1.09 kB
dist/assets/commonlisp-DBKNyK5s.js                        2.32 kB │ gzip:   1.09 kB
dist/assets/tcl-DVfN8rqt.js                               2.36 kB │ gzip:   1.22 kB
dist/assets/webidl-ZXfAyPTL.js                            2.52 kB │ gzip:   1.24 kB
dist/assets/pig-CevX1Tat.js                               2.53 kB │ gzip:   1.35 kB
dist/assets/puppet-DMA9R1ak.js                            2.54 kB │ gzip:   1.19 kB
dist/assets/forth-Ffai-XNe.js                             2.54 kB │ gzip:   1.31 kB
dist/assets/shell-CjFT_Tl9.js                             2.57 kB │ gzip:   1.20 kB
dist/assets/_basePickBy-iC08gKK9.js                       2.59 kB │ gzip:   1.29 kB
dist/assets/index-BIhUAQf6.js                             2.59 kB │ gzip:   1.55 kB
dist/assets/velocity-D8B20fx6.js                          2.67 kB │ gzip:   1.11 kB
dist/assets/tiddlywiki-DO-Gjzrf.js                        2.78 kB │ gzip:   1.06 kB
dist/assets/modelica-Dc1JOy9r.js                          2.79 kB │ gzip:   1.28 kB
dist/assets/index-DdCZbSNO.js                             2.81 kB │ gzip:   1.54 kB
dist/assets/oz-BzwKVEFT.js                                2.90 kB │ gzip:   1.28 kB
dist/assets/r-B6wPVr8A.js                                 2.94 kB │ gzip:   1.36 kB
dist/assets/stex-C3f8Ysf7.js                              3.12 kB │ gzip:   1.20 kB
dist/assets/tiki-DGYXhP31.js                              3.25 kB │ gzip:   1.26 kB
dist/assets/vhdl-lSbBsy5d.js                              3.35 kB │ gzip:   1.51 kB
dist/assets/lua-BgMRiT3U.js                               3.40 kB │ gzip:   1.42 kB
dist/assets/arc-CB7JGrDT.js                               3.42 kB │ gzip:   1.45 kB
dist/assets/mscgen-BA5vi2Kp.js                            3.51 kB │ gzip:   0.97 kB
dist/assets/sparql-DkYu6x3z.js                            3.55 kB │ gzip:   1.61 kB
dist/assets/cypher-C_CwsFkJ.js                            3.56 kB │ gzip:   1.52 kB
dist/assets/index-C7WYxWY8.js                             3.58 kB │ gzip:   1.77 kB
dist/assets/d-pRatUO7H.js                                 3.72 kB │ gzip:   1.67 kB
dist/assets/coffeescript-S37ZYGWr.js                      3.87 kB │ gzip:   1.67 kB
dist/assets/vb-CmGdzxic.js                                3.90 kB │ gzip:   1.78 kB
dist/assets/swift-BzpIVaGY.js                             3.96 kB │ gzip:   1.78 kB
dist/assets/asn1-EdZsLKOL.js                              3.98 kB │ gzip:   1.92 kB
dist/assets/q-pXgVlZs6.js                                 4.03 kB │ gzip:   1.66 kB
dist/assets/ttcn-cfg-B9xdYoR4.js                          4.05 kB │ gzip:   1.69 kB
dist/assets/dylan-DwRh75JA.js                             4.05 kB │ gzip:   1.64 kB
dist/assets/livescript-BwQOo05w.js                        4.09 kB │ gzip:   1.62 kB
dist/assets/groovy-D9Dt4D0W.js                            4.14 kB │ gzip:   1.76 kB
dist/assets/haskell-Cw1EW3IL.js                           4.17 kB │ gzip:   1.86 kB
dist/assets/asterisk-B-8jnY81.js                          4.48 kB │ gzip:   1.78 kB
dist/assets/diagram-S2PKOQOG-koOYK6Br.js                  4.52 kB │ gzip:   1.97 kB
dist/assets/gas-Bneqetm1.js                               4.57 kB │ gzip:   1.28 kB
dist/assets/fortran-DYz_wnZ1.js                           4.65 kB │ gzip:   2.00 kB
dist/assets/defaultLocale-DX6XiGOO.js                     4.69 kB │ gzip:   2.17 kB
dist/assets/mllike-CXdrOF99.js                            4.79 kB │ gzip:   1.54 kB
dist/assets/ttcn-CfJYG6tj.js                              4.80 kB │ gzip:   2.10 kB
dist/assets/ecl-Cabwm37j.js                               5.13 kB │ gzip:   2.29 kB
dist/assets/crystal-SjHAIU92.js                           5.13 kB │ gzip:   2.05 kB
dist/assets/ruby-B2Rjki9n.js                              5.16 kB │ gzip:   2.13 kB
dist/assets/index-KTV2S-9r.js                             5.24 kB │ gzip:   2.44 kB
dist/assets/julia-DuME0IfC.js                             5.39 kB │ gzip:   2.12 kB
dist/assets/pieDiagram-ADFJNKIX-yqmgiu9h.js               5.44 kB │ gzip:   2.42 kB
dist/assets/linear-BzQ3nXHU.js                            5.66 kB │ gzip:   2.31 kB
dist/assets/vbscript-BuJXcnF6.js                          5.82 kB │ gzip:   2.55 kB
dist/assets/mirc-CjQqDB4T.js                              5.92 kB │ gzip:   2.66 kB
dist/assets/graph-B2PUJaaf.js                             5.92 kB │ gzip:   1.88 kB
dist/assets/cobol-CWcv1MsR.js                             6.20 kB │ gzip:   2.91 kB
dist/assets/diagram-QEK2KX5R-BwHP9T3z.js                  6.23 kB │ gzip:   2.62 kB
dist/assets/scheme-C41bIUwD.js                            6.37 kB │ gzip:   2.39 kB
dist/assets/python-BuPzkPfP.js                            6.48 kB │ gzip:   2.71 kB
dist/assets/xquery-DzFWVndE.js                            6.62 kB │ gzip:   2.56 kB
dist/assets/pug-DeIclll2.js                               6.67 kB │ gzip:   1.95 kB
dist/assets/textile-CnDTJFAw.js                           6.80 kB │ gzip:   2.43 kB
dist/assets/nsis-LdVXkNf5.js                              6.81 kB │ gzip:   2.96 kB
dist/assets/nginx-DdIZxoE0.js                             7.34 kB │ gzip:   2.73 kB
dist/assets/powershell-CFHJl5sT.js                        7.77 kB │ gzip:   3.30 kB
dist/assets/haxe-H-WmDvRZ.js                              7.89 kB │ gzip:   2.92 kB
dist/assets/erlang-BNw1qcRV.js                            8.10 kB │ gzip:   2.86 kB
dist/assets/verilog-C6RDOZhf.js                           8.24 kB │ gzip:   3.47 kB
dist/assets/sas-B4kiWyti.js                               9.33 kB │ gzip:   4.07 kB
dist/assets/perl-CdXCOZ3F.js                              9.75 kB │ gzip:   3.40 kB
dist/assets/gherkin-heZmZLOM.js                          10.16 kB │ gzip:   4.96 kB
dist/assets/stateDiagram-FKZM4ZOC-CCkxMPDQ.js            10.56 kB │ gzip:   3.72 kB
dist/assets/clojure-BMjYHr_A.js                          10.82 kB │ gzip:   3.96 kB
dist/assets/dagre-6UL2VRFP-Cx_evo6F.js                   11.44 kB │ gzip:   4.29 kB
dist/assets/idl-BEugSyMb.js                              11.63 kB │ gzip:   4.54 kB
dist/assets/_baseUniq-CQtPaJ6N.js                        11.90 kB │ gzip:   4.63 kB
dist/assets/index-BLq_c0Ca.js                            12.87 kB │ gzip:   5.57 kB
dist/assets/index-Cbzh9hZf.js                            14.97 kB │ gzip:   5.97 kB
dist/assets/diagram-PSM6KHXK-CjiZ-ykQ.js                 16.16 kB │ gzip:   5.78 kB
dist/assets/index-BaJuNQx0.js                            16.49 kB │ gzip:   7.31 kB
dist/assets/javascript-iXu5QeM3.js                       17.08 kB │ gzip:   5.72 kB
dist/assets/index-UrolmM3K.js                            19.86 kB │ gzip:   9.14 kB
dist/assets/kanban-definition-3W4ZIXB7-CwH1n09F.js       20.78 kB │ gzip:   7.27 kB
dist/assets/index-CwEK70nd.js                            21.09 kB │ gzip:   9.20 kB
dist/assets/mindmap-definition-VGOIOE7T-yK67m0nq.js      21.21 kB │ gzip:   7.35 kB
dist/assets/clike-B9uivgTg.js                            22.30 kB │ gzip:   7.79 kB
dist/assets/sankeyDiagram-TZEHDZUN-B4Ncm9t7.js           22.41 kB │ gzip:   8.19 kB
dist/assets/index-BdmBvCky.js                            23.24 kB │ gzip:  10.09 kB
dist/assets/journeyDiagram-XKPGCS4Q-Cp6GcLR-.js          23.72 kB │ gzip:   8.35 kB
dist/assets/timeline-definition-IT6M3QCI-hpFz0A0n.js     23.89 kB │ gzip:   8.32 kB
dist/assets/gitGraphDiagram-V2S2FVAM-BZgDCv1z.js         24.90 kB │ gzip:   7.67 kB
dist/assets/erDiagram-Q2GNP2WA-C5-xnQ0O.js               25.52 kB │ gzip:   8.85 kB
dist/assets/stylus-B533Al4x.js                           25.80 kB │ gzip:   8.62 kB
dist/assets/index-B0bW9AA5.js                            26.03 kB │ gzip:  11.45 kB
dist/assets/index-DApc1yp9.js                            26.39 kB │ gzip:   8.82 kB
dist/assets/css-BnMrqG3P.js                              27.13 kB │ gzip:   8.49 kB
dist/assets/layout-Bs9gai3D.js                           27.39 kB │ gzip:   9.72 kB
dist/assets/index-RGb2bWs4.js                            28.86 kB │ gzip:  11.46 kB
dist/assets/requirementDiagram-UZGBJVZJ-frnkk7IK.js      30.44 kB │ gzip:   9.45 kB
dist/assets/index-R_a5Efi5.js                            30.97 kB │ gzip:  12.42 kB
dist/assets/index-BcKMdwbh.js                            32.50 kB │ gzip:  13.05 kB
dist/assets/quadrantDiagram-AYHSOK5B-CniRdr3O.js         34.50 kB │ gzip:  10.07 kB
dist/assets/chunk-DI55MBZ5-B8Qq2ova.js                   36.80 kB │ gzip:  11.85 kB
dist/assets/sql-D0XecflT.js                              37.05 kB │ gzip:  10.91 kB
dist/assets/xychartDiagram-PRI3JC2R-Dagnxvcm.js          40.39 kB │ gzip:  11.44 kB
dist/assets/vendor-tanstack-C2Y_hnmp.js                  40.82 kB │ gzip:  12.17 kB
dist/assets/index-DKrcsuRH.js                            40.91 kB │ gzip:  16.24 kB
dist/assets/index-DX5BcVFu.js                            44.33 kB │ gzip:  15.39 kB
dist/assets/index-BnNInSk3.js                            45.28 kB │ gzip:  18.73 kB
dist/assets/chunk-B4BG7PRW-BXaMYN2u.js                   45.41 kB │ gzip:  14.55 kB
dist/assets/vendor-dnd-DWWskIVA.js                       50.12 kB │ gzip:  16.60 kB
dist/assets/vendor-i18n-B5Y2hUFy.js                      58.17 kB │ gzip:  18.90 kB
dist/assets/flowDiagram-NV44I4VS-DS1Jo6J4.js             61.29 kB │ gzip:  19.40 kB
dist/assets/ganttDiagram-JELNMOA3-t3_3_zQy.js            68.48 kB │ gzip:  22.96 kB
dist/assets/c4Diagram-YG6GDRKO-s-HW2ijk.js               70.34 kB │ gzip:  19.62 kB
dist/assets/index-BNwkoC50.js                            70.98 kB │ gzip:  25.16 kB
dist/assets/blockDiagram-VD42YOAC-dYtVNj-n.js            73.33 kB │ gzip:  20.75 kB
dist/assets/cose-bilkent-S5V4N54A-BP-vVt4-.js            81.89 kB │ gzip:  22.47 kB
dist/assets/index-D82kYeQa.js                            86.81 kB │ gzip:  33.63 kB
dist/assets/index-jnqzEEhK.js                            98.03 kB │ gzip:  28.03 kB
dist/assets/sequenceDiagram-WL72ISMW-Dwg10L0m.js         98.31 kB │ gzip:  26.86 kB
dist/assets/index-DgnhPhUv.js                           100.73 kB │ gzip:  32.62 kB
dist/assets/vendor-radix-CN16OuO_.js                    117.25 kB │ gzip:  35.68 kB
dist/assets/architectureDiagram-VXUJARFQ-ChARqWRR.js    149.14 kB │ gzip:  42.00 kB
dist/assets/katex-O9d3_IXG.js                           258.51 kB │ gzip:  76.54 kB
dist/assets/cytoscape.esm-BQaXIfA_.js                   442.44 kB │ gzip: 141.29 kB
dist/assets/treemap-GDKQZRPO-CYfD4x7Y.js                454.87 kB │ gzip: 107.70 kB
dist/assets/vendor-react-bbBl97cl.js                    477.93 kB │ gzip: 152.31 kB
dist/assets/mermaid.core-CRrzgUX3.js                    498.96 kB │ gzip: 139.36 kB
dist/assets/index-B-2DHIGO.js                         2,194.14 kB │ gzip: 608.69 kB
✓ built in 7.91s
[tac] Starting server...

> @paperclipai/server@0.3.1 dev:watch /Users/james/Dev/theagent-company/server
> cross-env PAPERCLIP_MIGRATION_PROMPT=never PAPERCLIP_MIGRATION_AUTO_APPLY=true tsx watch --ignore ../ui/node_modules --ignore ../ui/.vite --ignore ../ui/dist src/index.ts

[00:18:18] [33mWARN[39m: [36mEmbedded PostgreSQL already running; reusing existing process (pid=16630, port=54329)[39m

[36m██████╗  █████╗ ██████╗ ███████╗██████╗  ██████╗██╗     ██╗██████╗ [0m
[36m██╔══██╗██╔══██╗██╔══██╗██╔════╝██╔══██╗██╔════╝██║     ██║██╔══██╗[0m
[36m██████╔╝███████║██████╔╝█████╗  ██████╔╝██║     ██║     ██║██████╔╝[0m
[36m██╔═══╝ ██╔══██║██╔═══╝ ██╔══╝  ██╔══██╗██║     ██║     ██║██╔═══╝ [0m
[36m██║     ██║  ██║██║     ███████╗██║  ██║╚██████╗███████╗██║██║     [0m
[36m╚═╝     ╚═╝  ╚═╝╚═╝     ╚══════╝╚═╝  ╚═╝ ╚═════╝╚══════╝╚═╝╚═╝     [0m
[34m  ───────────────────────────────────────────────────────[0m
[2mMode            [0m [32membedded-postgres[0m  |  [35mstatic-ui[0m
[2mDeploy          [0m authenticated (private)
[2mAuth            [0m [32mready[0m
[2mServer          [0m 3102 [2m(requested 3100)[0m
[2mAPI             [0m http://localhost:3102/api [2m(health: http://localhost:3102/api/health)[0m
[2mUI              [0m http://localhost:3102
[2mDatabase        [0m /Users/james/.paperclip/instances/default/db [2m(pg:54329)[0m
[2mMigrations      [0m already applied
[2mAgent JWT       [0m [32mset[0m
[2mHeartbeat       [0m enabled [2m(30000ms)[0m
[2mDB Backup       [0m enabled [2m(every 60m, keep 30d)[0m
[2mBackup Dir      [0m /Users/james/.paperclip/instances/default/data/backups
[2mConfig          [0m /Users/james/.paperclip/instances/default/config.json
[34m  ───────────────────────────────────────────────────────[0m

[00:18:18] [32mINFO[39m: [36mEmbedded PostgreSQL ready[39m
[00:18:18] [32mINFO[39m: [36mAuthenticated mode auth origin configuration[39m [90m{"authBaseUrlMode":"auto","authPublicBaseUrl":null,"trustedOrigins":["https://zifeis-mac-mini.tailf9f88d.ts.net","http://zifeis-mac-mini.tailf9f88d.ts.net"],"trustedOriginsSource":{"derived":2,"env":0}}[39m
[00:18:18] [32mINFO[39m: [36mplugin job coordinator started — listening to lifecycle events[39m [90m{"service":"plugin-job-coordinator"}[39m
[00:18:18] [32mINFO[39m: [36mplugin job scheduler started[39m [90m{"service":"plugin-job-scheduler","tickIntervalMs":30000,"maxConcurrentJobs":10}[39m
[00:18:18] [32mINFO[39m: [36minitializing plugin tool dispatcher[39m [90m{"service":"plugin-tool-dispatcher"}[39m
[00:18:18] [32mINFO[39m: [36mplugin-loader: loading all ready plugins[39m [90m{"service":"plugin-loader"}[39m
[00:18:18] [33mWARN[39m: [36mRequested port is busy; using next free port (requestedPort=3100, selectedPort=3102)[39m
[00:18:18] [32mINFO[39m: [36mAutomatic database backups enabled[39m [90m{"intervalMinutes":60,"retentionDays":30,"backupDir":"/Users/james/.paperclip/instances/default/data/backups"}[39m
[00:18:18] [32mINFO[39m: [36mServer listening on 0.0.0.0:3102[39m
[00:18:18] [32mINFO[39m: [36mloaded tools from ready plugins[39m [90m{"service":"plugin-tool-dispatcher","readyPlugins":0,"registeredTools":0}[39m
[00:18:18] [32mINFO[39m: [36mplugin tool dispatcher initialized[39m [90m{"service":"plugin-tool-dispatcher","totalTools":0}[39m
[00:18:18] [32mINFO[39m: [36mplugin-loader: no ready plugins to load[39m [90m{"service":"plugin-loader"}[39m
[tac] Building UI...

> @paperclipai/ui@0.0.1 build /Users/james/Dev/theagent-company/ui
> tsc -b && vite build

vite v6.4.1 building for production...
transforming...
✓ 4790 modules transformed.
rendering chunks...
computing gzip size...
dist/index.html                                           3.63 kB │ gzip:   1.16 kB
dist/assets/index-BjWUu2M4.css                          224.24 kB │ gzip:  35.71 kB
dist/assets/clone-DpUnRWoi.js                             0.10 kB │ gzip:   0.11 kB
dist/assets/channel-DZvsCkqh.js                           0.11 kB │ gzip:   0.13 kB
dist/assets/init-Gi6I4Gst.js                              0.15 kB │ gzip:   0.13 kB
dist/assets/chunk-QZHKN3VN-Dnrn_cPI.js                    0.19 kB │ gzip:   0.16 kB
dist/assets/chunk-55IACEB6-DodDjobN.js                    0.24 kB │ gzip:   0.21 kB
dist/assets/chunk-4BX2VUAB-Bh175-LO.js                    0.30 kB │ gzip:   0.21 kB
dist/assets/diff-DbItnlRl.js                              0.31 kB │ gzip:   0.24 kB
dist/assets/chunk-FMBD7UC4-DCGhWKZ-.js                    0.37 kB │ gzip:   0.27 kB
dist/assets/chunk-QN33PNHL-CLvIOFzm.js                    0.53 kB │ gzip:   0.37 kB
dist/assets/stateDiagram-v2-4FDKWEC3-BF8AxRTW.js          0.57 kB │ gzip:   0.35 kB
dist/assets/classDiagram-2ON5EDUG-Dn9rWEdu.js             0.61 kB │ gzip:   0.37 kB
dist/assets/classDiagram-v2-WZHVMYZB-Dn9rWEdu.js          0.61 kB │ gzip:   0.37 kB
dist/assets/brainfuck-C4LP7Hcl.js                         0.61 kB │ gzip:   0.33 kB
dist/assets/properties-C78fOPTZ.js                        0.67 kB │ gzip:   0.34 kB
dist/assets/cmake-BQqOBYOt.js                             0.78 kB │ gzip:   0.46 kB
dist/assets/asciiarmor-Df11BRmG.js                        0.79 kB │ gzip:   0.40 kB
dist/assets/http-DBlCnlav.js                              0.85 kB │ gzip:   0.42 kB
dist/assets/protobuf-ChK-085T.js                          0.86 kB │ gzip:   0.52 kB
dist/assets/solr-DehyRSwq.js                              0.87 kB │ gzip:   0.45 kB
dist/assets/infoDiagram-HS3SLOUP-Bo5DS4wh.js              0.87 kB │ gzip:   0.53 kB
dist/assets/troff-wAsdV37c.js                             0.96 kB │ gzip:   0.44 kB
dist/assets/spreadsheet-BCZA_wO0.js                       1.14 kB │ gzip:   0.54 kB
dist/assets/toml-Bm5Em-hy.js                              1.14 kB │ gzip:   0.54 kB
dist/assets/ordinal-Cboi1Yqb.js                           1.19 kB │ gzip:   0.57 kB
dist/assets/mbox-CNhZ1qSd.js                              1.40 kB │ gzip:   0.65 kB
dist/assets/chunk-TZMSLE5B-CZq0VXzO.js                    1.44 kB │ gzip:   0.64 kB
dist/assets/sieve-C3Gn_uJK.js                             1.62 kB │ gzip:   0.77 kB
dist/assets/rpm-CTu-6PCP.js                               1.62 kB │ gzip:   0.82 kB
dist/assets/factor-kuTfRLto.js                            1.67 kB │ gzip:   0.61 kB
dist/assets/z80-Hz9HOZM7.js                               1.75 kB │ gzip:   0.81 kB
dist/assets/eiffel-CnydiIhH.js                            1.81 kB │ gzip:   0.91 kB
dist/assets/elm-vLlmbW-K.js                               1.89 kB │ gzip:   0.81 kB
dist/assets/mathematica-DTrFuWx2.js                       1.92 kB │ gzip:   0.81 kB
dist/assets/dockerfile-BKs6k2Af.js                        1.95 kB │ gzip:   0.67 kB
dist/assets/turtle-B1tBg_DP.js                            1.98 kB │ gzip:   0.90 kB
dist/assets/ebnf-CDyGwa7X.js                              1.99 kB │ gzip:   0.80 kB
dist/assets/smalltalk-CnHTOXQT.js                         2.01 kB │ gzip:   0.85 kB
dist/assets/dtd-DF_7sFjM.js                               2.06 kB │ gzip:   0.87 kB
dist/assets/mumps-BT43cFF4.js                             2.07 kB │ gzip:   0.98 kB
dist/assets/fcl-Kvtd6kyn.js                               2.08 kB │ gzip:   0.95 kB
dist/assets/ntriples-BfvgReVJ.js                          2.10 kB │ gzip:   0.74 kB
dist/assets/yacas-BJ4BC0dw.js                             2.15 kB │ gzip:   1.09 kB
dist/assets/simple-mode-GW_nhZxv.js                       2.28 kB │ gzip:   1.09 kB
dist/assets/apl-B4CMkyY2.js                               2.30 kB │ gzip:   1.20 kB
dist/assets/pascal--L3eBynH.js                            2.30 kB │ gzip:   1.19 kB
dist/assets/octave-Ck1zUtKM.js                            2.31 kB │ gzip:   1.09 kB
dist/assets/commonlisp-DBKNyK5s.js                        2.32 kB │ gzip:   1.09 kB
dist/assets/tcl-DVfN8rqt.js                               2.36 kB │ gzip:   1.22 kB
dist/assets/webidl-ZXfAyPTL.js                            2.52 kB │ gzip:   1.24 kB
dist/assets/pig-CevX1Tat.js                               2.53 kB │ gzip:   1.35 kB
dist/assets/puppet-DMA9R1ak.js                            2.54 kB │ gzip:   1.19 kB
dist/assets/forth-Ffai-XNe.js                             2.54 kB │ gzip:   1.31 kB
dist/assets/shell-CjFT_Tl9.js                             2.57 kB │ gzip:   1.20 kB
dist/assets/_basePickBy-Dd2-QIJW.js                       2.59 kB │ gzip:   1.29 kB
dist/assets/index-DUqpg-Qv.js                             2.59 kB │ gzip:   1.55 kB
dist/assets/velocity-D8B20fx6.js                          2.67 kB │ gzip:   1.11 kB
dist/assets/tiddlywiki-DO-Gjzrf.js                        2.78 kB │ gzip:   1.06 kB
dist/assets/modelica-Dc1JOy9r.js                          2.79 kB │ gzip:   1.28 kB
dist/assets/index-Vpn90QCw.js                             2.81 kB │ gzip:   1.54 kB
dist/assets/oz-BzwKVEFT.js                                2.90 kB │ gzip:   1.28 kB
dist/assets/r-B6wPVr8A.js                                 2.94 kB │ gzip:   1.36 kB
dist/assets/stex-C3f8Ysf7.js                              3.12 kB │ gzip:   1.20 kB
dist/assets/tiki-DGYXhP31.js                              3.25 kB │ gzip:   1.26 kB
dist/assets/vhdl-lSbBsy5d.js                              3.35 kB │ gzip:   1.51 kB
dist/assets/lua-BgMRiT3U.js                               3.40 kB │ gzip:   1.42 kB
dist/assets/arc-CLkHEG8P.js                               3.42 kB │ gzip:   1.45 kB
dist/assets/mscgen-BA5vi2Kp.js                            3.51 kB │ gzip:   0.97 kB
dist/assets/sparql-DkYu6x3z.js                            3.55 kB │ gzip:   1.61 kB
dist/assets/cypher-C_CwsFkJ.js                            3.56 kB │ gzip:   1.52 kB
dist/assets/index-Bo3-qioS.js                             3.58 kB │ gzip:   1.77 kB
dist/assets/d-pRatUO7H.js                                 3.72 kB │ gzip:   1.67 kB
dist/assets/coffeescript-S37ZYGWr.js                      3.87 kB │ gzip:   1.67 kB
dist/assets/vb-CmGdzxic.js                                3.90 kB │ gzip:   1.78 kB
dist/assets/swift-BzpIVaGY.js                             3.96 kB │ gzip:   1.78 kB
dist/assets/asn1-EdZsLKOL.js                              3.98 kB │ gzip:   1.92 kB
dist/assets/q-pXgVlZs6.js                                 4.03 kB │ gzip:   1.66 kB
dist/assets/ttcn-cfg-B9xdYoR4.js                          4.05 kB │ gzip:   1.69 kB
dist/assets/dylan-DwRh75JA.js                             4.05 kB │ gzip:   1.64 kB
dist/assets/livescript-BwQOo05w.js                        4.09 kB │ gzip:   1.62 kB
dist/assets/groovy-D9Dt4D0W.js                            4.14 kB │ gzip:   1.76 kB
dist/assets/haskell-Cw1EW3IL.js                           4.17 kB │ gzip:   1.86 kB
dist/assets/asterisk-B-8jnY81.js                          4.48 kB │ gzip:   1.78 kB
dist/assets/diagram-S2PKOQOG-0sZ-p_Pe.js                  4.52 kB │ gzip:   1.97 kB
dist/assets/gas-Bneqetm1.js                               4.57 kB │ gzip:   1.28 kB
dist/assets/fortran-DYz_wnZ1.js                           4.65 kB │ gzip:   2.00 kB
dist/assets/defaultLocale-DX6XiGOO.js                     4.69 kB │ gzip:   2.17 kB
dist/assets/mllike-CXdrOF99.js                            4.79 kB │ gzip:   1.54 kB
dist/assets/ttcn-CfJYG6tj.js                              4.80 kB │ gzip:   2.10 kB
dist/assets/ecl-Cabwm37j.js                               5.13 kB │ gzip:   2.29 kB
dist/assets/crystal-SjHAIU92.js                           5.13 kB │ gzip:   2.05 kB
dist/assets/ruby-B2Rjki9n.js                              5.16 kB │ gzip:   2.13 kB
dist/assets/index-DCZNJao4.js                             5.24 kB │ gzip:   2.44 kB
dist/assets/julia-DuME0IfC.js                             5.39 kB │ gzip:   2.12 kB
dist/assets/pieDiagram-ADFJNKIX-BBS8jkgy.js               5.44 kB │ gzip:   2.42 kB
dist/assets/linear-DIcFXC65.js                            5.66 kB │ gzip:   2.31 kB
dist/assets/vbscript-BuJXcnF6.js                          5.82 kB │ gzip:   2.55 kB
dist/assets/mirc-CjQqDB4T.js                              5.92 kB │ gzip:   2.66 kB
dist/assets/graph-DRv0vjZJ.js                             5.92 kB │ gzip:   1.88 kB
dist/assets/cobol-CWcv1MsR.js                             6.20 kB │ gzip:   2.91 kB
dist/assets/diagram-QEK2KX5R-BkO39SW_.js                  6.23 kB │ gzip:   2.62 kB
dist/assets/scheme-C41bIUwD.js                            6.37 kB │ gzip:   2.39 kB
dist/assets/python-BuPzkPfP.js                            6.48 kB │ gzip:   2.71 kB
dist/assets/xquery-DzFWVndE.js                            6.62 kB │ gzip:   2.56 kB
dist/assets/pug-DeIclll2.js                               6.67 kB │ gzip:   1.95 kB
dist/assets/textile-CnDTJFAw.js                           6.80 kB │ gzip:   2.43 kB
dist/assets/nsis-LdVXkNf5.js                              6.81 kB │ gzip:   2.96 kB
dist/assets/nginx-DdIZxoE0.js                             7.34 kB │ gzip:   2.73 kB
dist/assets/powershell-CFHJl5sT.js                        7.77 kB │ gzip:   3.30 kB
dist/assets/haxe-H-WmDvRZ.js                              7.89 kB │ gzip:   2.92 kB
dist/assets/erlang-BNw1qcRV.js                            8.10 kB │ gzip:   2.86 kB
dist/assets/verilog-C6RDOZhf.js                           8.24 kB │ gzip:   3.47 kB
dist/assets/sas-B4kiWyti.js                               9.33 kB │ gzip:   4.07 kB
dist/assets/perl-CdXCOZ3F.js                              9.75 kB │ gzip:   3.40 kB
dist/assets/gherkin-heZmZLOM.js                          10.16 kB │ gzip:   4.96 kB
dist/assets/stateDiagram-FKZM4ZOC-9jm2R-M6.js            10.56 kB │ gzip:   3.72 kB
dist/assets/clojure-BMjYHr_A.js                          10.82 kB │ gzip:   3.96 kB
dist/assets/dagre-6UL2VRFP-B62_NoZB.js                   11.44 kB │ gzip:   4.29 kB
dist/assets/idl-BEugSyMb.js                              11.63 kB │ gzip:   4.54 kB
dist/assets/_baseUniq-l6ijHE5M.js                        11.90 kB │ gzip:   4.63 kB
dist/assets/index-DuYj08Yd.js                            12.87 kB │ gzip:   5.57 kB
dist/assets/index-Bw8SYEK1.js                            14.97 kB │ gzip:   5.97 kB
dist/assets/diagram-PSM6KHXK-BVQ11bY9.js                 16.16 kB │ gzip:   5.78 kB
dist/assets/index-BWZtROYj.js                            16.49 kB │ gzip:   7.31 kB
dist/assets/javascript-iXu5QeM3.js                       17.08 kB │ gzip:   5.72 kB
dist/assets/index-BYUuSV02.js                            19.86 kB │ gzip:   9.14 kB
dist/assets/kanban-definition-3W4ZIXB7-BUmJM42K.js       20.78 kB │ gzip:   7.27 kB
dist/assets/index-Mm3FB6Om.js                            21.09 kB │ gzip:   9.20 kB
dist/assets/mindmap-definition-VGOIOE7T-BFrd-JQj.js      21.21 kB │ gzip:   7.34 kB
dist/assets/clike-B9uivgTg.js                            22.30 kB │ gzip:   7.79 kB
dist/assets/sankeyDiagram-TZEHDZUN-CJP5JEb8.js           22.41 kB │ gzip:   8.19 kB
dist/assets/index-BBDHne4B.js                            23.24 kB │ gzip:  10.09 kB
dist/assets/journeyDiagram-XKPGCS4Q--qr3dGQN.js          23.72 kB │ gzip:   8.35 kB
dist/assets/timeline-definition-IT6M3QCI-B_WimmAA.js     23.89 kB │ gzip:   8.31 kB
dist/assets/gitGraphDiagram-V2S2FVAM-Cciy98TD.js         24.90 kB │ gzip:   7.66 kB
dist/assets/erDiagram-Q2GNP2WA-CU0PS3Yr.js               25.52 kB │ gzip:   8.85 kB
dist/assets/stylus-B533Al4x.js                           25.80 kB │ gzip:   8.62 kB
dist/assets/index-NN-gvkLd.js                            26.03 kB │ gzip:  11.44 kB
dist/assets/index-CLbV8OTN.js                            26.39 kB │ gzip:   8.82 kB
dist/assets/css-BnMrqG3P.js                              27.13 kB │ gzip:   8.49 kB
dist/assets/layout-pohT9rV9.js                           27.39 kB │ gzip:   9.72 kB
dist/assets/index-_1VLHyad.js                            28.86 kB │ gzip:  11.46 kB
dist/assets/requirementDiagram-UZGBJVZJ-CE4sXj21.js      30.44 kB │ gzip:   9.45 kB
dist/assets/index-CLH2HoGP.js                            30.97 kB │ gzip:  12.42 kB
dist/assets/index-7UUNthv2.js                            32.50 kB │ gzip:  13.05 kB
dist/assets/quadrantDiagram-AYHSOK5B-VrRTYnhg.js         34.50 kB │ gzip:  10.07 kB
dist/assets/chunk-DI55MBZ5-cBkK7mxi.js                   36.80 kB │ gzip:  11.85 kB
dist/assets/sql-D0XecflT.js                              37.05 kB │ gzip:  10.91 kB
dist/assets/xychartDiagram-PRI3JC2R-BuQyuKfz.js          40.39 kB │ gzip:  11.43 kB
dist/assets/vendor-tanstack-C2Y_hnmp.js                  40.82 kB │ gzip:  12.17 kB
dist/assets/index-iBm3Z2PD.js                            40.91 kB │ gzip:  16.24 kB
dist/assets/index-D4eJDQXa.js                            44.33 kB │ gzip:  15.39 kB
dist/assets/index-B_nzk_98.js                            45.28 kB │ gzip:  18.73 kB
dist/assets/chunk-B4BG7PRW-F6PDRrou.js                   45.41 kB │ gzip:  14.55 kB
dist/assets/vendor-dnd-DWWskIVA.js                       50.12 kB │ gzip:  16.60 kB
dist/assets/vendor-i18n-B5Y2hUFy.js                      58.17 kB │ gzip:  18.90 kB
dist/assets/flowDiagram-NV44I4VS-D-dNkLDb.js             61.29 kB │ gzip:  19.39 kB
dist/assets/ganttDiagram-JELNMOA3-hqe90i5H.js            68.48 kB │ gzip:  22.95 kB
dist/assets/c4Diagram-YG6GDRKO-IxZGdVX3.js               70.34 kB │ gzip:  19.62 kB
dist/assets/index-BzB2SdUq.js                            70.98 kB │ gzip:  25.16 kB
dist/assets/blockDiagram-VD42YOAC-CFsKXwSW.js            73.33 kB │ gzip:  20.75 kB
dist/assets/cose-bilkent-S5V4N54A-9v7VrQB-.js            81.89 kB │ gzip:  22.47 kB
dist/assets/index-CQvBNHT4.js                            86.81 kB │ gzip:  33.63 kB
dist/assets/index-BK7-fcol.js                            98.03 kB │ gzip:  28.03 kB
dist/assets/sequenceDiagram-WL72ISMW-CeWDgrTl.js         98.31 kB │ gzip:  26.86 kB
dist/assets/index-Bmlgqkle.js                           100.73 kB │ gzip:  32.62 kB
dist/assets/vendor-radix-CN16OuO_.js                    117.25 kB │ gzip:  35.68 kB
dist/assets/architectureDiagram-VXUJARFQ-leU0Xybm.js    149.14 kB │ gzip:  42.00 kB
dist/assets/katex-O9d3_IXG.js                           258.51 kB │ gzip:  76.54 kB
dist/assets/cytoscape.esm-BQaXIfA_.js                   442.44 kB │ gzip: 141.29 kB
dist/assets/treemap-GDKQZRPO-T2Jygp3m.js                454.87 kB │ gzip: 107.69 kB
dist/assets/vendor-react-bbBl97cl.js                    477.93 kB │ gzip: 152.31 kB
dist/assets/mermaid.core-DacR5d37.js                    498.96 kB │ gzip: 139.36 kB
dist/assets/index-prr83DeF.js                         2,207.47 kB │ gzip: 613.55 kB
✓ built in 7.64s
[tac] Starting server...

> @paperclipai/server@0.3.1 dev:watch /Users/james/Dev/theagent-company/server
> cross-env PAPERCLIP_MIGRATION_PROMPT=never PAPERCLIP_MIGRATION_AUTO_APPLY=true tsx watch --ignore ../ui/node_modules --ignore ../ui/.vite --ignore ../ui/dist src/index.ts

[00:34:35] [33mWARN[39m: [36mEmbedded PostgreSQL already running; reusing existing process (pid=37968, port=54329)[39m
[00:34:35] [32mINFO[39m: [36mEmbedded PostgreSQL ready[39m
[00:34:35] [32mINFO[39m: [36mAuthenticated mode auth origin configuration[39m [90m{"authBaseUrlMode":"auto","authPublicBaseUrl":null,"trustedOrigins":["https://zifeis-mac-mini.tailf9f88d.ts.net","http://zifeis-mac-mini.tailf9f88d.ts.net"],"trustedOriginsSource":{"derived":2,"env":0}}[39m

[36m██████╗  █████╗ ██████╗ ███████╗██████╗  ██████╗██╗     ██╗██████╗ [0m
[36m██╔══██╗██╔══██╗██╔══██╗██╔════╝██╔══██╗██╔════╝██║     ██║██╔══██╗[0m
[36m██████╔╝███████║██████╔╝█████╗  ██████╔╝██║     ██║     ██║██████╔╝[0m
[36m██╔═══╝ ██╔══██║██╔═══╝ ██╔══╝  ██╔══██╗██║     ██║     ██║██╔═══╝ [0m
[36m██║     ██║  ██║██║     ███████╗██║  ██║╚██████╗███████╗██║██║     [0m
[36m╚═╝     ╚═╝  ╚═╝╚═╝     ╚══════╝╚═╝  ╚═╝ ╚═════╝╚══════╝╚═╝╚═╝     [0m
[34m  ───────────────────────────────────────────────────────[0m
[2mMode            [0m [32membedded-postgres[0m  |  [35mstatic-ui[0m
[2mDeploy          [0m authenticated (private)
[2mAuth            [0m [32mready[0m
[2mServer          [0m 3101 [2m(requested 3100)[0m
[2mAPI             [0m http://localhost:3101/api [2m(health: http://localhost:3101/api/health)[0m
[2mUI              [0m http://localhost:3101
[2mDatabase        [0m /Users/james/.paperclip/instances/default/db [2m(pg:54329)[0m
[2mMigrations      [0m already applied
[2mAgent JWT       [0m [32mset[0m
[2mHeartbeat       [0m enabled [2m(30000ms)[0m
[2mDB Backup       [0m enabled [2m(every 60m, keep 30d)[0m
[2mBackup Dir      [0m /Users/james/.paperclip/instances/default/data/backups
[2mConfig          [0m /Users/james/.paperclip/instances/default/config.json
[34m  ───────────────────────────────────────────────────────[0m

[00:34:36] [32mINFO[39m: [36mplugin job coordinator started — listening to lifecycle events[39m [90m{"service":"plugin-job-coordinator"}[39m
[00:34:36] [32mINFO[39m: [36mplugin job scheduler started[39m [90m{"service":"plugin-job-scheduler","tickIntervalMs":30000,"maxConcurrentJobs":10}[39m
[00:34:36] [32mINFO[39m: [36minitializing plugin tool dispatcher[39m [90m{"service":"plugin-tool-dispatcher"}[39m
[00:34:36] [32mINFO[39m: [36mplugin-loader: loading all ready plugins[39m [90m{"service":"plugin-loader"}[39m
[00:34:36] [33mWARN[39m: [36mRequested port is busy; using next free port (requestedPort=3100, selectedPort=3101)[39m
[00:34:36] [32mINFO[39m: [36mAutomatic database backups enabled[39m [90m{"intervalMinutes":60,"retentionDays":30,"backupDir":"/Users/james/.paperclip/instances/default/data/backups"}[39m
[00:34:36] [32mINFO[39m: [36mServer listening on 0.0.0.0:3101[39m
[00:34:36] [32mINFO[39m: [36mloaded tools from ready plugins[39m [90m{"service":"plugin-tool-dispatcher","readyPlugins":0,"registeredTools":0}[39m
[00:34:36] [32mINFO[39m: [36mplugin tool dispatcher initialized[39m [90m{"service":"plugin-tool-dispatcher","totalTools":0}[39m
[00:34:36] [32mINFO[39m: [36mplugin-loader: no ready plugins to load[39m [90m{"service":"plugin-loader"}[39m
[00:41:06] [32mINFO[39m: [36mheartbeat timer tick enqueued runs[39m [90m{"checked":1,"enqueued":1,"skipped":0}[39m
[tac] Building UI...

> @paperclipai/ui@0.0.1 build /Users/james/Dev/theagent-company/ui
> tsc -b && vite build

vite v6.4.1 building for production...
transforming...
✓ 4790 modules transformed.
rendering chunks...
computing gzip size...
dist/index.html                                           3.63 kB │ gzip:   1.16 kB
dist/assets/index-BjWUu2M4.css                          224.24 kB │ gzip:  35.71 kB
dist/assets/clone-DpUnRWoi.js                             0.10 kB │ gzip:   0.11 kB
dist/assets/channel-DZvsCkqh.js                           0.11 kB │ gzip:   0.13 kB
dist/assets/init-Gi6I4Gst.js                              0.15 kB │ gzip:   0.13 kB
dist/assets/chunk-QZHKN3VN-Dnrn_cPI.js                    0.19 kB │ gzip:   0.16 kB
dist/assets/chunk-55IACEB6-DodDjobN.js                    0.24 kB │ gzip:   0.21 kB
dist/assets/chunk-4BX2VUAB-Bh175-LO.js                    0.30 kB │ gzip:   0.21 kB
dist/assets/diff-DbItnlRl.js                              0.31 kB │ gzip:   0.24 kB
dist/assets/chunk-FMBD7UC4-DCGhWKZ-.js                    0.37 kB │ gzip:   0.27 kB
dist/assets/chunk-QN33PNHL-CLvIOFzm.js                    0.53 kB │ gzip:   0.37 kB
dist/assets/stateDiagram-v2-4FDKWEC3-BF8AxRTW.js          0.57 kB │ gzip:   0.35 kB
dist/assets/classDiagram-2ON5EDUG-Dn9rWEdu.js             0.61 kB │ gzip:   0.37 kB
dist/assets/classDiagram-v2-WZHVMYZB-Dn9rWEdu.js          0.61 kB │ gzip:   0.37 kB
dist/assets/brainfuck-C4LP7Hcl.js                         0.61 kB │ gzip:   0.33 kB
dist/assets/properties-C78fOPTZ.js                        0.67 kB │ gzip:   0.34 kB
dist/assets/cmake-BQqOBYOt.js                             0.78 kB │ gzip:   0.46 kB
dist/assets/asciiarmor-Df11BRmG.js                        0.79 kB │ gzip:   0.40 kB
dist/assets/http-DBlCnlav.js                              0.85 kB │ gzip:   0.42 kB
dist/assets/protobuf-ChK-085T.js                          0.86 kB │ gzip:   0.52 kB
dist/assets/solr-DehyRSwq.js                              0.87 kB │ gzip:   0.45 kB
dist/assets/infoDiagram-HS3SLOUP-Bo5DS4wh.js              0.87 kB │ gzip:   0.53 kB
dist/assets/troff-wAsdV37c.js                             0.96 kB │ gzip:   0.44 kB
dist/assets/spreadsheet-BCZA_wO0.js                       1.14 kB │ gzip:   0.54 kB
dist/assets/toml-Bm5Em-hy.js                              1.14 kB │ gzip:   0.54 kB
dist/assets/ordinal-Cboi1Yqb.js                           1.19 kB │ gzip:   0.57 kB
dist/assets/mbox-CNhZ1qSd.js                              1.40 kB │ gzip:   0.65 kB
dist/assets/chunk-TZMSLE5B-CZq0VXzO.js                    1.44 kB │ gzip:   0.64 kB
dist/assets/sieve-C3Gn_uJK.js                             1.62 kB │ gzip:   0.77 kB
dist/assets/rpm-CTu-6PCP.js                               1.62 kB │ gzip:   0.82 kB
dist/assets/factor-kuTfRLto.js                            1.67 kB │ gzip:   0.61 kB
dist/assets/z80-Hz9HOZM7.js                               1.75 kB │ gzip:   0.81 kB
dist/assets/eiffel-CnydiIhH.js                            1.81 kB │ gzip:   0.91 kB
dist/assets/elm-vLlmbW-K.js                               1.89 kB │ gzip:   0.81 kB
dist/assets/mathematica-DTrFuWx2.js                       1.92 kB │ gzip:   0.81 kB
dist/assets/dockerfile-BKs6k2Af.js                        1.95 kB │ gzip:   0.67 kB
dist/assets/turtle-B1tBg_DP.js                            1.98 kB │ gzip:   0.90 kB
dist/assets/ebnf-CDyGwa7X.js                              1.99 kB │ gzip:   0.80 kB
dist/assets/smalltalk-CnHTOXQT.js                         2.01 kB │ gzip:   0.85 kB
dist/assets/dtd-DF_7sFjM.js                               2.06 kB │ gzip:   0.87 kB
dist/assets/mumps-BT43cFF4.js                             2.07 kB │ gzip:   0.98 kB
dist/assets/fcl-Kvtd6kyn.js                               2.08 kB │ gzip:   0.95 kB
dist/assets/ntriples-BfvgReVJ.js                          2.10 kB │ gzip:   0.74 kB
dist/assets/yacas-BJ4BC0dw.js                             2.15 kB │ gzip:   1.09 kB
dist/assets/simple-mode-GW_nhZxv.js                       2.28 kB │ gzip:   1.09 kB
dist/assets/apl-B4CMkyY2.js                               2.30 kB │ gzip:   1.20 kB
dist/assets/pascal--L3eBynH.js                            2.30 kB │ gzip:   1.19 kB
dist/assets/octave-Ck1zUtKM.js                            2.31 kB │ gzip:   1.09 kB
dist/assets/commonlisp-DBKNyK5s.js                        2.32 kB │ gzip:   1.09 kB
dist/assets/tcl-DVfN8rqt.js                               2.36 kB │ gzip:   1.22 kB
dist/assets/webidl-ZXfAyPTL.js                            2.52 kB │ gzip:   1.24 kB
dist/assets/pig-CevX1Tat.js                               2.53 kB │ gzip:   1.35 kB
dist/assets/puppet-DMA9R1ak.js                            2.54 kB │ gzip:   1.19 kB
dist/assets/forth-Ffai-XNe.js                             2.54 kB │ gzip:   1.31 kB
dist/assets/shell-CjFT_Tl9.js                             2.57 kB │ gzip:   1.20 kB
dist/assets/_basePickBy-Dd2-QIJW.js                       2.59 kB │ gzip:   1.29 kB
dist/assets/index-DUqpg-Qv.js                             2.59 kB │ gzip:   1.55 kB
dist/assets/velocity-D8B20fx6.js                          2.67 kB │ gzip:   1.11 kB
dist/assets/tiddlywiki-DO-Gjzrf.js                        2.78 kB │ gzip:   1.06 kB
dist/assets/modelica-Dc1JOy9r.js                          2.79 kB │ gzip:   1.28 kB
dist/assets/index-Vpn90QCw.js                             2.81 kB │ gzip:   1.54 kB
dist/assets/oz-BzwKVEFT.js                                2.90 kB │ gzip:   1.28 kB
dist/assets/r-B6wPVr8A.js                                 2.94 kB │ gzip:   1.36 kB
dist/assets/stex-C3f8Ysf7.js                              3.12 kB │ gzip:   1.20 kB
dist/assets/tiki-DGYXhP31.js                              3.25 kB │ gzip:   1.26 kB
dist/assets/vhdl-lSbBsy5d.js                              3.35 kB │ gzip:   1.51 kB
dist/assets/lua-BgMRiT3U.js                               3.40 kB │ gzip:   1.42 kB
dist/assets/arc-CLkHEG8P.js                               3.42 kB │ gzip:   1.45 kB
dist/assets/mscgen-BA5vi2Kp.js                            3.51 kB │ gzip:   0.97 kB
dist/assets/sparql-DkYu6x3z.js                            3.55 kB │ gzip:   1.61 kB
dist/assets/cypher-C_CwsFkJ.js                            3.56 kB │ gzip:   1.52 kB
dist/assets/index-Bo3-qioS.js                             3.58 kB │ gzip:   1.77 kB
dist/assets/d-pRatUO7H.js                                 3.72 kB │ gzip:   1.67 kB
dist/assets/coffeescript-S37ZYGWr.js                      3.87 kB │ gzip:   1.67 kB
dist/assets/vb-CmGdzxic.js                                3.90 kB │ gzip:   1.78 kB
dist/assets/swift-BzpIVaGY.js                             3.96 kB │ gzip:   1.78 kB
dist/assets/asn1-EdZsLKOL.js                              3.98 kB │ gzip:   1.92 kB
dist/assets/q-pXgVlZs6.js                                 4.03 kB │ gzip:   1.66 kB
dist/assets/ttcn-cfg-B9xdYoR4.js                          4.05 kB │ gzip:   1.69 kB
dist/assets/dylan-DwRh75JA.js                             4.05 kB │ gzip:   1.64 kB
dist/assets/livescript-BwQOo05w.js                        4.09 kB │ gzip:   1.62 kB
dist/assets/groovy-D9Dt4D0W.js                            4.14 kB │ gzip:   1.76 kB
dist/assets/haskell-Cw1EW3IL.js                           4.17 kB │ gzip:   1.86 kB
dist/assets/asterisk-B-8jnY81.js                          4.48 kB │ gzip:   1.78 kB
dist/assets/diagram-S2PKOQOG-0sZ-p_Pe.js                  4.52 kB │ gzip:   1.97 kB
dist/assets/gas-Bneqetm1.js                               4.57 kB │ gzip:   1.28 kB
dist/assets/fortran-DYz_wnZ1.js                           4.65 kB │ gzip:   2.00 kB
dist/assets/defaultLocale-DX6XiGOO.js                     4.69 kB │ gzip:   2.17 kB
dist/assets/mllike-CXdrOF99.js                            4.79 kB │ gzip:   1.54 kB
dist/assets/ttcn-CfJYG6tj.js                              4.80 kB │ gzip:   2.10 kB
dist/assets/ecl-Cabwm37j.js                               5.13 kB │ gzip:   2.29 kB
dist/assets/crystal-SjHAIU92.js                           5.13 kB │ gzip:   2.05 kB
dist/assets/ruby-B2Rjki9n.js                              5.16 kB │ gzip:   2.13 kB
dist/assets/index-DCZNJao4.js                             5.24 kB │ gzip:   2.44 kB
dist/assets/julia-DuME0IfC.js                             5.39 kB │ gzip:   2.12 kB
dist/assets/pieDiagram-ADFJNKIX-BBS8jkgy.js               5.44 kB │ gzip:   2.42 kB
dist/assets/linear-DIcFXC65.js                            5.66 kB │ gzip:   2.31 kB
dist/assets/vbscript-BuJXcnF6.js                          5.82 kB │ gzip:   2.55 kB
dist/assets/mirc-CjQqDB4T.js                              5.92 kB │ gzip:   2.66 kB
dist/assets/graph-DRv0vjZJ.js                             5.92 kB │ gzip:   1.88 kB
dist/assets/cobol-CWcv1MsR.js                             6.20 kB │ gzip:   2.91 kB
dist/assets/diagram-QEK2KX5R-BkO39SW_.js                  6.23 kB │ gzip:   2.62 kB
dist/assets/scheme-C41bIUwD.js                            6.37 kB │ gzip:   2.39 kB
dist/assets/python-BuPzkPfP.js                            6.48 kB │ gzip:   2.71 kB
dist/assets/xquery-DzFWVndE.js                            6.62 kB │ gzip:   2.56 kB
dist/assets/pug-DeIclll2.js                               6.67 kB │ gzip:   1.95 kB
dist/assets/textile-CnDTJFAw.js                           6.80 kB │ gzip:   2.43 kB
dist/assets/nsis-LdVXkNf5.js                              6.81 kB │ gzip:   2.96 kB
dist/assets/nginx-DdIZxoE0.js                             7.34 kB │ gzip:   2.73 kB
dist/assets/powershell-CFHJl5sT.js                        7.77 kB │ gzip:   3.30 kB
dist/assets/haxe-H-WmDvRZ.js                              7.89 kB │ gzip:   2.92 kB
dist/assets/erlang-BNw1qcRV.js                            8.10 kB │ gzip:   2.86 kB
dist/assets/verilog-C6RDOZhf.js                           8.24 kB │ gzip:   3.47 kB
dist/assets/sas-B4kiWyti.js                               9.33 kB │ gzip:   4.07 kB
dist/assets/perl-CdXCOZ3F.js                              9.75 kB │ gzip:   3.40 kB
dist/assets/gherkin-heZmZLOM.js                          10.16 kB │ gzip:   4.96 kB
dist/assets/stateDiagram-FKZM4ZOC-9jm2R-M6.js            10.56 kB │ gzip:   3.72 kB
dist/assets/clojure-BMjYHr_A.js                          10.82 kB │ gzip:   3.96 kB
dist/assets/dagre-6UL2VRFP-B62_NoZB.js                   11.44 kB │ gzip:   4.29 kB
dist/assets/idl-BEugSyMb.js                              11.63 kB │ gzip:   4.54 kB
dist/assets/_baseUniq-l6ijHE5M.js                        11.90 kB │ gzip:   4.63 kB
dist/assets/index-DuYj08Yd.js                            12.87 kB │ gzip:   5.57 kB
dist/assets/index-Bw8SYEK1.js                            14.97 kB │ gzip:   5.97 kB
dist/assets/diagram-PSM6KHXK-BVQ11bY9.js                 16.16 kB │ gzip:   5.78 kB
dist/assets/index-BWZtROYj.js                            16.49 kB │ gzip:   7.31 kB
dist/assets/javascript-iXu5QeM3.js                       17.08 kB │ gzip:   5.72 kB
dist/assets/index-BYUuSV02.js                            19.86 kB │ gzip:   9.14 kB
dist/assets/kanban-definition-3W4ZIXB7-BUmJM42K.js       20.78 kB │ gzip:   7.27 kB
dist/assets/index-Mm3FB6Om.js                            21.09 kB │ gzip:   9.20 kB
dist/assets/mindmap-definition-VGOIOE7T-BFrd-JQj.js      21.21 kB │ gzip:   7.34 kB
dist/assets/clike-B9uivgTg.js                            22.30 kB │ gzip:   7.79 kB
dist/assets/sankeyDiagram-TZEHDZUN-CJP5JEb8.js           22.41 kB │ gzip:   8.19 kB
dist/assets/index-BBDHne4B.js                            23.24 kB │ gzip:  10.09 kB
dist/assets/journeyDiagram-XKPGCS4Q--qr3dGQN.js          23.72 kB │ gzip:   8.35 kB
dist/assets/timeline-definition-IT6M3QCI-B_WimmAA.js     23.89 kB │ gzip:   8.31 kB
dist/assets/gitGraphDiagram-V2S2FVAM-Cciy98TD.js         24.90 kB │ gzip:   7.66 kB
dist/assets/erDiagram-Q2GNP2WA-CU0PS3Yr.js               25.52 kB │ gzip:   8.85 kB
dist/assets/stylus-B533Al4x.js                           25.80 kB │ gzip:   8.62 kB
dist/assets/index-NN-gvkLd.js                            26.03 kB │ gzip:  11.44 kB
dist/assets/index-CLbV8OTN.js                            26.39 kB │ gzip:   8.82 kB
dist/assets/css-BnMrqG3P.js                              27.13 kB │ gzip:   8.49 kB
dist/assets/layout-pohT9rV9.js                           27.39 kB │ gzip:   9.72 kB
dist/assets/index-_1VLHyad.js                            28.86 kB │ gzip:  11.46 kB
dist/assets/requirementDiagram-UZGBJVZJ-CE4sXj21.js      30.44 kB │ gzip:   9.45 kB
dist/assets/index-CLH2HoGP.js                            30.97 kB │ gzip:  12.42 kB
dist/assets/index-7UUNthv2.js                            32.50 kB │ gzip:  13.05 kB
dist/assets/quadrantDiagram-AYHSOK5B-VrRTYnhg.js         34.50 kB │ gzip:  10.07 kB
dist/assets/chunk-DI55MBZ5-cBkK7mxi.js                   36.80 kB │ gzip:  11.85 kB
dist/assets/sql-D0XecflT.js                              37.05 kB │ gzip:  10.91 kB
dist/assets/xychartDiagram-PRI3JC2R-BuQyuKfz.js          40.39 kB │ gzip:  11.43 kB
dist/assets/vendor-tanstack-C2Y_hnmp.js                  40.82 kB │ gzip:  12.17 kB
dist/assets/index-iBm3Z2PD.js                            40.91 kB │ gzip:  16.24 kB
dist/assets/index-D4eJDQXa.js                            44.33 kB │ gzip:  15.39 kB
dist/assets/index-B_nzk_98.js                            45.28 kB │ gzip:  18.73 kB
dist/assets/chunk-B4BG7PRW-F6PDRrou.js                   45.41 kB │ gzip:  14.55 kB
dist/assets/vendor-dnd-DWWskIVA.js                       50.12 kB │ gzip:  16.60 kB
dist/assets/vendor-i18n-B5Y2hUFy.js                      58.17 kB │ gzip:  18.90 kB
dist/assets/flowDiagram-NV44I4VS-D-dNkLDb.js             61.29 kB │ gzip:  19.39 kB
dist/assets/ganttDiagram-JELNMOA3-hqe90i5H.js            68.48 kB │ gzip:  22.95 kB
dist/assets/c4Diagram-YG6GDRKO-IxZGdVX3.js               70.34 kB │ gzip:  19.62 kB
dist/assets/index-BzB2SdUq.js                            70.98 kB │ gzip:  25.16 kB
dist/assets/blockDiagram-VD42YOAC-CFsKXwSW.js            73.33 kB │ gzip:  20.75 kB
dist/assets/cose-bilkent-S5V4N54A-9v7VrQB-.js            81.89 kB │ gzip:  22.47 kB
dist/assets/index-CQvBNHT4.js                            86.81 kB │ gzip:  33.63 kB
dist/assets/index-BK7-fcol.js                            98.03 kB │ gzip:  28.03 kB
dist/assets/sequenceDiagram-WL72ISMW-CeWDgrTl.js         98.31 kB │ gzip:  26.86 kB
dist/assets/index-Bmlgqkle.js                           100.73 kB │ gzip:  32.62 kB
dist/assets/vendor-radix-CN16OuO_.js                    117.25 kB │ gzip:  35.68 kB
dist/assets/architectureDiagram-VXUJARFQ-leU0Xybm.js    149.14 kB │ gzip:  42.00 kB
dist/assets/katex-O9d3_IXG.js                           258.51 kB │ gzip:  76.54 kB
dist/assets/cytoscape.esm-BQaXIfA_.js                   442.44 kB │ gzip: 141.29 kB
dist/assets/treemap-GDKQZRPO-T2Jygp3m.js                454.87 kB │ gzip: 107.69 kB
dist/assets/vendor-react-bbBl97cl.js                    477.93 kB │ gzip: 152.31 kB
dist/assets/mermaid.core-DacR5d37.js                    498.96 kB │ gzip: 139.36 kB
dist/assets/index-prr83DeF.js                         2,207.47 kB │ gzip: 613.55 kB
✓ built in 7.49s
[tac] Starting server...

> @paperclipai/server@0.3.1 dev:watch /Users/james/Dev/theagent-company/server
> cross-env PAPERCLIP_MIGRATION_PROMPT=never PAPERCLIP_MIGRATION_AUTO_APPLY=true tsx watch --ignore ../ui/node_modules --ignore ../ui/.vite --ignore ../ui/dist src/index.ts

[01:02:51] [33mWARN[39m: [36mEmbedded PostgreSQL already running; reusing existing process (pid=37968, port=54329)[39m

[36m██████╗  █████╗ ██████╗ ███████╗██████╗  ██████╗██╗     ██╗██████╗ [0m
[36m██╔══██╗██╔══██╗██╔══██╗██╔════╝██╔══██╗██╔════╝██║     ██║██╔══██╗[0m
[36m██████╔╝███████║██████╔╝█████╗  ██████╔╝██║     ██║     ██║██████╔╝[0m
[36m██╔═══╝ ██╔══██║██╔═══╝ ██╔══╝  ██╔══██╗██║     ██║     ██║██╔═══╝ [0m
[36m██║     ██║  ██║██║     ███████╗██║  ██║╚██████╗███████╗██║██║     [0m
[36m╚═╝     ╚═╝  ╚═╝╚═╝     ╚══════╝╚═╝  ╚═╝ ╚═════╝╚══════╝╚═╝╚═╝     [0m
[34m  ───────────────────────────────────────────────────────[0m
[2mMode            [0m [32membedded-postgres[0m  |  [35mstatic-ui[0m
[2mDeploy          [0m authenticated (private)
[2mAuth            [0m [32mready[0m
[2mServer          [0m 3102 [2m(requested 3100)[0m
[2mAPI             [0m http://localhost:3102/api [2m(health: http://localhost:3102/api/health)[0m
[2mUI              [0m http://localhost:3102
[2mDatabase        [0m /Users/james/.paperclip/instances/default/db [2m(pg:54329)[0m
[2mMigrations      [0m already applied
[2mAgent JWT       [0m [32mset[0m
[2mHeartbeat       [0m enabled [2m(30000ms)[0m
[2mDB Backup       [0m enabled [2m(every 60m, keep 30d)[0m
[2mBackup Dir      [0m /Users/james/.paperclip/instances/default/data/backups
[2mConfig          [0m /Users/james/.paperclip/instances/default/config.json
[34m  ───────────────────────────────────────────────────────[0m

[01:02:51] [32mINFO[39m: [36mEmbedded PostgreSQL ready[39m
[01:02:51] [32mINFO[39m: [36mAuthenticated mode auth origin configuration[39m [90m{"authBaseUrlMode":"auto","authPublicBaseUrl":null,"trustedOrigins":["https://zifeis-mac-mini.tailf9f88d.ts.net","http://zifeis-mac-mini.tailf9f88d.ts.net"],"trustedOriginsSource":{"derived":2,"env":0}}[39m
[01:02:51] [32mINFO[39m: [36mplugin job coordinator started — listening to lifecycle events[39m [90m{"service":"plugin-job-coordinator"}[39m
[01:02:51] [32mINFO[39m: [36mplugin job scheduler started[39m [90m{"service":"plugin-job-scheduler","tickIntervalMs":30000,"maxConcurrentJobs":10}[39m
[01:02:51] [32mINFO[39m: [36minitializing plugin tool dispatcher[39m [90m{"service":"plugin-tool-dispatcher"}[39m
[01:02:51] [32mINFO[39m: [36mplugin-loader: loading all ready plugins[39m [90m{"service":"plugin-loader"}[39m
[01:02:51] [33mWARN[39m: [36mRequested port is busy; using next free port (requestedPort=3100, selectedPort=3102)[39m
[01:02:51] [32mINFO[39m: [36mAutomatic database backups enabled[39m [90m{"intervalMinutes":60,"retentionDays":30,"backupDir":"/Users/james/.paperclip/instances/default/data/backups"}[39m
[01:02:51] [32mINFO[39m: [36mServer listening on 0.0.0.0:3102[39m
[01:02:51] [32mINFO[39m: [36mloaded tools from ready plugins[39m [90m{"service":"plugin-tool-dispatcher","readyPlugins":0,"registeredTools":0}[39m
[01:02:51] [32mINFO[39m: [36mplugin tool dispatcher initialized[39m [90m{"service":"plugin-tool-dispatcher","totalTools":0}[39m
[01:02:51] [32mINFO[39m: [36mplugin-loader: no ready plugins to load[39m [90m{"service":"plugin-loader"}[39m
[01:41:52] [32mINFO[39m: [36mheartbeat timer tick enqueued runs[39m [90m{"checked":1,"enqueued":1,"skipped":0}[39m
[02:02:52] [32mINFO[39m: [36mAutomatic database backup complete: /Users/james/.paperclip/instances/default/data/backups/paperclip-20260323-130252.sql (4.6M)[39m [90m{"backupFile":"/Users/james/.paperclip/instances/default/data/backups/paperclip-20260323-130252.sql","sizeBytes":4867524,"prunedCount":0,"backupDir":"/Users/james/.paperclip/instances/default/data/backups","retentionDays":30}[39m
[02:42:22] [32mINFO[39m: [36mheartbeat timer tick enqueued runs[39m [90m{"checked":1,"enqueued":1,"skipped":0}[39m
[03:02:52] [32mINFO[39m: [36mAutomatic database backup complete: /Users/james/.paperclip/instances/default/data/backups/paperclip-20260323-140252.sql (4.7M)[39m [90m{"backupFile":"/Users/james/.paperclip/instances/default/data/backups/paperclip-20260323-140252.sql","sizeBytes":4901668,"prunedCount":0,"backupDir":"/Users/james/.paperclip/instances/default/data/backups","retentionDays":30}[39m
[03:42:52] [32mINFO[39m: [36mheartbeat timer tick enqueued runs[39m [90m{"checked":1,"enqueued":1,"skipped":0}[39m
[04:02:52] [32mINFO[39m: [36mAutomatic database backup complete: /Users/james/.paperclip/instances/default/data/backups/paperclip-20260323-150252.sql (4.7M)[39m [90m{"backupFile":"/Users/james/.paperclip/instances/default/data/backups/paperclip-20260323-150252.sql","sizeBytes":4934052,"prunedCount":0,"backupDir":"/Users/james/.paperclip/instances/default/data/backups","retentionDays":30}[39m
[04:43:22] [32mINFO[39m: [36mheartbeat timer tick enqueued runs[39m [90m{"checked":1,"enqueued":1,"skipped":0}[39m
[05:02:52] [32mINFO[39m: [36mAutomatic database backup complete: /Users/james/.paperclip/instances/default/data/backups/paperclip-20260323-160252.sql (4.7M)[39m [90m{"backupFile":"/Users/james/.paperclip/instances/default/data/backups/paperclip-20260323-160252.sql","sizeBytes":4966436,"prunedCount":0,"backupDir":"/Users/james/.paperclip/instances/default/data/backups","retentionDays":30}[39m
[05:43:53] [32mINFO[39m: [36mheartbeat timer tick enqueued runs[39m [90m{"checked":1,"enqueued":1,"skipped":0}[39m
[06:02:52] [32mINFO[39m: [36mAutomatic database backup complete: /Users/james/.paperclip/instances/default/data/backups/paperclip-20260323-170252.sql (4.8M)[39m [90m{"backupFile":"/Users/james/.paperclip/instances/default/data/backups/paperclip-20260323-170252.sql","sizeBytes":5000247,"prunedCount":0,"backupDir":"/Users/james/.paperclip/instances/default/data/backups","retentionDays":30}[39m
[06:44:23] [32mINFO[39m: [36mheartbeat timer tick enqueued runs[39m [90m{"checked":1,"enqueued":1,"skipped":0}[39m
[07:02:52] [32mINFO[39m: [36mAutomatic database backup complete: /Users/james/.paperclip/instances/default/data/backups/paperclip-20260323-180252.sql (4.8M)[39m [90m{"backupFile":"/Users/james/.paperclip/instances/default/data/backups/paperclip-20260323-180252.sql","sizeBytes":5032631,"prunedCount":0,"backupDir":"/Users/james/.paperclip/instances/default/data/backups","retentionDays":30}[39m
[07:44:53] [32mINFO[39m: [36mheartbeat timer tick enqueued runs[39m [90m{"checked":1,"enqueued":1,"skipped":0}[39m
6:49:20 PM [tsx] change in ./src/services/openclaw.ts Restarting...
c[07:49:22] [33mWARN[39m: [36mEmbedded PostgreSQL already running; reusing existing process (pid=37968, port=54329)[39m
[07:49:22] [32mINFO[39m: [36mEmbedded PostgreSQL ready[39m
[07:49:23] [32mINFO[39m: [36mAuthenticated mode auth origin configuration[39m [90m{"authBaseUrlMode":"auto","authPublicBaseUrl":null,"trustedOrigins":["https://zifeis-mac-mini.tailf9f88d.ts.net","http://zifeis-mac-mini.tailf9f88d.ts.net"],"trustedOriginsSource":{"derived":2,"env":0}}[39m

[36m██████╗  █████╗ ██████╗ ███████╗██████╗  ██████╗██╗     ██╗██████╗ [0m
[36m██╔══██╗██╔══██╗██╔══██╗██╔════╝██╔══██╗██╔════╝██║     ██║██╔══██╗[0m
[36m██████╔╝███████║██████╔╝█████╗  ██████╔╝██║     ██║     ██║██████╔╝[0m
[36m██╔═══╝ ██╔══██║██╔═══╝ ██╔══╝  ██╔══██╗██║     ██║     ██║██╔═══╝ [0m
[36m██║     ██║  ██║██║     ███████╗██║  ██║╚██████╗███████╗██║██║     [0m
[36m╚═╝     ╚═╝  ╚═╝╚═╝     ╚══════╝╚═╝  ╚═╝ ╚═════╝╚══════╝╚═╝╚═╝     [0m
[34m  ───────────────────────────────────────────────────────[0m
[2mMode            [0m [32membedded-postgres[0m  |  [35mstatic-ui[0m
[2mDeploy          [0m authenticated (private)
[2mAuth            [0m [32mready[0m
[2mServer          [0m 3101 [2m(requested 3100)[0m
[2mAPI             [0m http://localhost:3101/api [2m(health: http://localhost:3101/api/health)[0m
[2mUI              [0m http://localhost:3101
[2mDatabase        [0m /Users/james/.paperclip/instances/default/db [2m(pg:54329)[0m
[2mMigrations      [0m already applied
[2mAgent JWT       [0m [32mset[0m
[2mHeartbeat       [0m enabled [2m(30000ms)[0m
[2mDB Backup       [0m enabled [2m(every 60m, keep 30d)[0m
[2mBackup Dir      [0m /Users/james/.paperclip/instances/default/data/backups
[2mConfig          [0m /Users/james/.paperclip/instances/default/config.json
[34m  ───────────────────────────────────────────────────────[0m

[07:49:23] [32mINFO[39m: [36mplugin job coordinator started — listening to lifecycle events[39m [90m{"service":"plugin-job-coordinator"}[39m
[07:49:23] [32mINFO[39m: [36mplugin job scheduler started[39m [90m{"service":"plugin-job-scheduler","tickIntervalMs":30000,"maxConcurrentJobs":10}[39m
[07:49:23] [32mINFO[39m: [36minitializing plugin tool dispatcher[39m [90m{"service":"plugin-tool-dispatcher"}[39m
[07:49:23] [32mINFO[39m: [36mplugin-loader: loading all ready plugins[39m [90m{"service":"plugin-loader"}[39m
[07:49:23] [33mWARN[39m: [36mRequested port is busy; using next free port (requestedPort=3100, selectedPort=3101)[39m
[07:49:23] [32mINFO[39m: [36mAutomatic database backups enabled[39m [90m{"intervalMinutes":60,"retentionDays":30,"backupDir":"/Users/james/.paperclip/instances/default/data/backups"}[39m
[07:49:23] [32mINFO[39m: [36mServer listening on 0.0.0.0:3101[39m
[07:49:23] [32mINFO[39m: [36mloaded tools from ready plugins[39m [90m{"service":"plugin-tool-dispatcher","readyPlugins":0,"registeredTools":0}[39m
[07:49:23] [32mINFO[39m: [36mplugin tool dispatcher initialized[39m [90m{"service":"plugin-tool-dispatcher","totalTools":0}[39m
[07:49:23] [32mINFO[39m: [36mplugin-loader: no ready plugins to load[39m [90m{"service":"plugin-loader"}[39m
6:49:27 PM [tsx] change in ./src/routes/openclaw.ts Restarting...
c[07:49:29] [33mWARN[39m: [36mEmbedded PostgreSQL already running; reusing existing process (pid=37968, port=54329)[39m
[07:49:29] [32mINFO[39m: [36mEmbedded PostgreSQL ready[39m
[07:49:29] [32mINFO[39m: [36mAuthenticated mode auth origin configuration[39m [90m{"authBaseUrlMode":"auto","authPublicBaseUrl":null,"trustedOrigins":["https://zifeis-mac-mini.tailf9f88d.ts.net","http://zifeis-mac-mini.tailf9f88d.ts.net"],"trustedOriginsSource":{"derived":2,"env":0}}[39m

[36m██████╗  █████╗ ██████╗ ███████╗██████╗  ██████╗██╗     ██╗██████╗ [0m
[36m██╔══██╗██╔══██╗██╔══██╗██╔════╝██╔══██╗██╔════╝██║     ██║██╔══██╗[0m
[36m██████╔╝███████║██████╔╝█████╗  ██████╔╝██║     ██║     ██║██████╔╝[0m
[36m██╔═══╝ ██╔══██║██╔═══╝ ██╔══╝  ██╔══██╗██║     ██║     ██║██╔═══╝ [0m
[36m██║     ██║  ██║██║     ███████╗██║  ██║╚██████╗███████╗██║██║     [0m
[36m╚═╝     ╚═╝  ╚═╝╚═╝     ╚══════╝╚═╝  ╚═╝ ╚═════╝╚══════╝╚═╝╚═╝     [0m
[34m  ───────────────────────────────────────────────────────[0m
[2mMode            [0m [32membedded-postgres[0m  |  [35mstatic-ui[0m
[2mDeploy          [0m authenticated (private)
[2mAuth            [0m [32mready[0m
[2mServer          [0m 3102 [2m(requested 3100)[0m
[2mAPI             [0m http://localhost:3102/api [2m(health: http://localhost:3102/api/health)[0m
[2mUI              [0m http://localhost:3102
[2mDatabase        [0m /Users/james/.paperclip/instances/default/db [2m(pg:54329)[0m
[2mMigrations      [0m already applied
[2mAgent JWT       [0m [32mset[0m
[2mHeartbeat       [0m enabled [2m(30000ms)[0m
[2mDB Backup       [0m enabled [2m(every 60m, keep 30d)[0m
[2mBackup Dir      [0m /Users/james/.paperclip/instances/default/data/backups
[2mConfig          [0m /Users/james/.paperclip/instances/default/config.json
[34m  ───────────────────────────────────────────────────────[0m

[07:49:29] [32mINFO[39m: [36mplugin job coordinator started — listening to lifecycle events[39m [90m{"service":"plugin-job-coordinator"}[39m
[07:49:29] [32mINFO[39m: [36mplugin job scheduler started[39m [90m{"service":"plugin-job-scheduler","tickIntervalMs":30000,"maxConcurrentJobs":10}[39m
[07:49:29] [32mINFO[39m: [36minitializing plugin tool dispatcher[39m [90m{"service":"plugin-tool-dispatcher"}[39m
[07:49:29] [32mINFO[39m: [36mplugin-loader: loading all ready plugins[39m [90m{"service":"plugin-loader"}[39m
[07:49:29] [33mWARN[39m: [36mRequested port is busy; using next free port (requestedPort=3100, selectedPort=3102)[39m
[07:49:29] [32mINFO[39m: [36mAutomatic database backups enabled[39m [90m{"intervalMinutes":60,"retentionDays":30,"backupDir":"/Users/james/.paperclip/instances/default/data/backups"}[39m
[07:49:29] [32mINFO[39m: [36mServer listening on 0.0.0.0:3102[39m
[07:49:29] [32mINFO[39m: [36mloaded tools from ready plugins[39m [90m{"service":"plugin-tool-dispatcher","readyPlugins":0,"registeredTools":0}[39m
[07:49:29] [32mINFO[39m: [36mplugin tool dispatcher initialized[39m [90m{"service":"plugin-tool-dispatcher","totalTools":0}[39m
[07:49:30] [32mINFO[39m: [36mplugin-loader: no ready plugins to load[39m [90m{"service":"plugin-loader"}[39m
6:49:39 PM [tsx] change in ./src/routes/openclaw.ts Restarting...
c[07:49:41] [33mWARN[39m: [36mEmbedded PostgreSQL already running; reusing existing process (pid=37968, port=54329)[39m

[36m██████╗  █████╗ ██████╗ ███████╗██████╗  ██████╗██╗     ██╗██████╗ [0m
[36m██╔══██╗██╔══██╗██╔══██╗██╔════╝██╔══██╗██╔════╝██║     ██║██╔══██╗[0m
[36m██████╔╝███████║██████╔╝█████╗  ██████╔╝██║     ██║     ██║██████╔╝[0m
[36m██╔═══╝ ██╔══██║██╔═══╝ ██╔══╝  ██╔══██╗██║     ██║     ██║██╔═══╝ [0m
[36m██║     ██║  ██║██║     ███████╗██║  ██║╚██████╗███████╗██║██║     [0m
[36m╚═╝     ╚═╝  ╚═╝╚═╝     ╚══════╝╚═╝  ╚═╝ ╚═════╝╚══════╝╚═╝╚═╝     [0m
[34m  ───────────────────────────────────────────────────────[0m
[2mMode            [0m [32membedded-postgres[0m  |  [35mstatic-ui[0m
[2mDeploy          [0m authenticated (private)
[2mAuth            [0m [32mready[0m
[2mServer          [0m 3101 [2m(requested 3100)[0m
[2mAPI             [0m http://localhost:3101/api [2m(health: http://localhost:3101/api/health)[0m
[2mUI              [0m http://localhost:3101
[2mDatabase        [0m /Users/james/.paperclip/instances/default/db [2m(pg:54329)[0m
[2mMigrations      [0m already applied
[2mAgent JWT       [0m [32mset[0m
[2mHeartbeat       [0m enabled [2m(30000ms)[0m
[2mDB Backup       [0m enabled [2m(every 60m, keep 30d)[0m
[2mBackup Dir      [0m /Users/james/.paperclip/instances/default/data/backups
[2mConfig          [0m /Users/james/.paperclip/instances/default/config.json
[34m  ───────────────────────────────────────────────────────[0m

[07:49:41] [32mINFO[39m: [36mEmbedded PostgreSQL ready[39m
[07:49:41] [32mINFO[39m: [36mAuthenticated mode auth origin configuration[39m [90m{"authBaseUrlMode":"auto","authPublicBaseUrl":null,"trustedOrigins":["https://zifeis-mac-mini.tailf9f88d.ts.net","http://zifeis-mac-mini.tailf9f88d.ts.net"],"trustedOriginsSource":{"derived":2,"env":0}}[39m
[07:49:41] [32mINFO[39m: [36mplugin job coordinator started — listening to lifecycle events[39m [90m{"service":"plugin-job-coordinator"}[39m
[07:49:41] [32mINFO[39m: [36mplugin job scheduler started[39m [90m{"service":"plugin-job-scheduler","tickIntervalMs":30000,"maxConcurrentJobs":10}[39m
[07:49:41] [32mINFO[39m: [36minitializing plugin tool dispatcher[39m [90m{"service":"plugin-tool-dispatcher"}[39m
[07:49:41] [32mINFO[39m: [36mplugin-loader: loading all ready plugins[39m [90m{"service":"plugin-loader"}[39m
[07:49:41] [33mWARN[39m: [36mRequested port is busy; using next free port (requestedPort=3100, selectedPort=3101)[39m
[07:49:41] [32mINFO[39m: [36mAutomatic database backups enabled[39m [90m{"intervalMinutes":60,"retentionDays":30,"backupDir":"/Users/james/.paperclip/instances/default/data/backups"}[39m
[07:49:41] [32mINFO[39m: [36mServer listening on 0.0.0.0:3101[39m
[07:49:41] [32mINFO[39m: [36mloaded tools from ready plugins[39m [90m{"service":"plugin-tool-dispatcher","readyPlugins":0,"registeredTools":0}[39m
[07:49:41] [32mINFO[39m: [36mplugin tool dispatcher initialized[39m [90m{"service":"plugin-tool-dispatcher","totalTools":0}[39m
[07:49:41] [32mINFO[39m: [36mplugin-loader: no ready plugins to load[39m [90m{"service":"plugin-loader"}[39m
6:52:05 PM [tsx] change in ./src/services/openclaw.ts Restarting...
c[07:52:07] [33mWARN[39m: [36mEmbedded PostgreSQL already running; reusing existing process (pid=37968, port=54329)[39m
[07:52:07] [32mINFO[39m: [36mEmbedded PostgreSQL ready[39m
[07:52:07] [32mINFO[39m: [36mAuthenticated mode auth origin configuration[39m [90m{"authBaseUrlMode":"auto","authPublicBaseUrl":null,"trustedOrigins":["https://zifeis-mac-mini.tailf9f88d.ts.net","http://zifeis-mac-mini.tailf9f88d.ts.net"],"trustedOriginsSource":{"derived":2,"env":0}}[39m

[36m██████╗  █████╗ ██████╗ ███████╗██████╗  ██████╗██╗     ██╗██████╗ [0m
[36m██╔══██╗██╔══██╗██╔══██╗██╔════╝██╔══██╗██╔════╝██║     ██║██╔══██╗[0m
[36m██████╔╝███████║██████╔╝█████╗  ██████╔╝██║     ██║     ██║██████╔╝[0m
[36m██╔═══╝ ██╔══██║██╔═══╝ ██╔══╝  ██╔══██╗██║     ██║     ██║██╔═══╝ [0m
[36m██║     ██║  ██║██║     ███████╗██║  ██║╚██████╗███████╗██║██║     [0m
[36m╚═╝     ╚═╝  ╚═╝╚═╝     ╚══════╝╚═╝  ╚═╝ ╚═════╝╚══════╝╚═╝╚═╝     [0m
[34m  ───────────────────────────────────────────────────────[0m
[2mMode            [0m [32membedded-postgres[0m  |  [35mstatic-ui[0m
[2mDeploy          [0m authenticated (private)
[2mAuth            [0m [32mready[0m
[2mServer          [0m 3102 [2m(requested 3100)[0m
[2mAPI             [0m http://localhost:3102/api [2m(health: http://localhost:3102/api/health)[0m
[2mUI              [0m http://localhost:3102
[2mDatabase        [0m /Users/james/.paperclip/instances/default/db [2m(pg:54329)[0m
[2mMigrations      [0m already applied
[2mAgent JWT       [0m [32mset[0m
[2mHeartbeat       [0m enabled [2m(30000ms)[0m
[2mDB Backup       [0m enabled [2m(every 60m, keep 30d)[0m
[2mBackup Dir      [0m /Users/james/.paperclip/instances/default/data/backups
[2mConfig          [0m /Users/james/.paperclip/instances/default/config.json
[34m  ───────────────────────────────────────────────────────[0m

[07:52:08] [32mINFO[39m: [36mplugin job coordinator started — listening to lifecycle events[39m [90m{"service":"plugin-job-coordinator"}[39m
[07:52:08] [32mINFO[39m: [36mplugin job scheduler started[39m [90m{"service":"plugin-job-scheduler","tickIntervalMs":30000,"maxConcurrentJobs":10}[39m
[07:52:08] [32mINFO[39m: [36minitializing plugin tool dispatcher[39m [90m{"service":"plugin-tool-dispatcher"}[39m
[07:52:08] [32mINFO[39m: [36mplugin-loader: loading all ready plugins[39m [90m{"service":"plugin-loader"}[39m
[07:52:08] [33mWARN[39m: [36mRequested port is busy; using next free port (requestedPort=3100, selectedPort=3102)[39m
[07:52:08] [32mINFO[39m: [36mAutomatic database backups enabled[39m [90m{"intervalMinutes":60,"retentionDays":30,"backupDir":"/Users/james/.paperclip/instances/default/data/backups"}[39m
[07:52:08] [32mINFO[39m: [36mServer listening on 0.0.0.0:3102[39m
[07:52:08] [32mINFO[39m: [36mloaded tools from ready plugins[39m [90m{"service":"plugin-tool-dispatcher","readyPlugins":0,"registeredTools":0}[39m
[07:52:08] [32mINFO[39m: [36mplugin tool dispatcher initialized[39m [90m{"service":"plugin-tool-dispatcher","totalTools":0}[39m
[07:52:08] [32mINFO[39m: [36mplugin-loader: no ready plugins to load[39m [90m{"service":"plugin-loader"}[39m
7:00:58 PM [tsx] change in ./../packages/plugins/sdk/dist/index.js Restarting...
c[08:01:00] [33mWARN[39m: [36mEmbedded PostgreSQL already running; reusing existing process (pid=37968, port=54329)[39m

[36m██████╗  █████╗ ██████╗ ███████╗██████╗  ██████╗██╗     ██╗██████╗ [0m
[36m██╔══██╗██╔══██╗██╔══██╗██╔════╝██╔══██╗██╔════╝██║     ██║██╔══██╗[0m
[36m██████╔╝███████║██████╔╝█████╗  ██████╔╝██║     ██║     ██║██████╔╝[0m
[36m██╔═══╝ ██╔══██║██╔═══╝ ██╔══╝  ██╔══██╗██║     ██║     ██║██╔═══╝ [0m
[36m██║     ██║  ██║██║     ███████╗██║  ██║╚██████╗███████╗██║██║     [0m
[36m╚═╝     ╚═╝  ╚═╝╚═╝     ╚══════╝╚═╝  ╚═╝ ╚═════╝╚══════╝╚═╝╚═╝     [0m
[34m  ───────────────────────────────────────────────────────[0m
[2mMode            [0m [32membedded-postgres[0m  |  [35mstatic-ui[0m
[2mDeploy          [0m authenticated (private)
[2mAuth            [0m [32mready[0m
[2mServer          [0m 3101 [2m(requested 3100)[0m
[2mAPI             [0m http://localhost:3101/api [2m(health: http://localhost:3101/api/health)[0m
[2mUI              [0m http://localhost:3101
[2mDatabase        [0m /Users/james/.paperclip/instances/default/db [2m(pg:54329)[0m
[2mMigrations      [0m already applied
[2mAgent JWT       [0m [32mset[0m
[2mHeartbeat       [0m enabled [2m(30000ms)[0m
[2mDB Backup       [0m enabled [2m(every 60m, keep 30d)[0m
[2mBackup Dir      [0m /Users/james/.paperclip/instances/default/data/backups
[2mConfig          [0m /Users/james/.paperclip/instances/default/config.json
[34m  ───────────────────────────────────────────────────────[0m

[08:01:00] [32mINFO[39m: [36mEmbedded PostgreSQL ready[39m
[08:01:00] [32mINFO[39m: [36mAuthenticated mode auth origin configuration[39m [90m{"authBaseUrlMode":"auto","authPublicBaseUrl":null,"trustedOrigins":["https://zifeis-mac-mini.tailf9f88d.ts.net","http://zifeis-mac-mini.tailf9f88d.ts.net"],"trustedOriginsSource":{"derived":2,"env":0}}[39m
[08:01:00] [32mINFO[39m: [36mplugin job coordinator started — listening to lifecycle events[39m [90m{"service":"plugin-job-coordinator"}[39m
[08:01:00] [32mINFO[39m: [36mplugin job scheduler started[39m [90m{"service":"plugin-job-scheduler","tickIntervalMs":30000,"maxConcurrentJobs":10}[39m
[08:01:00] [32mINFO[39m: [36minitializing plugin tool dispatcher[39m [90m{"service":"plugin-tool-dispatcher"}[39m
[08:01:00] [32mINFO[39m: [36mplugin-loader: loading all ready plugins[39m [90m{"service":"plugin-loader"}[39m
[08:01:00] [33mWARN[39m: [36mRequested port is busy; using next free port (requestedPort=3100, selectedPort=3101)[39m
[08:01:00] [32mINFO[39m: [36mAutomatic database backups enabled[39m [90m{"intervalMinutes":60,"retentionDays":30,"backupDir":"/Users/james/.paperclip/instances/default/data/backups"}[39m
[08:01:00] [32mINFO[39m: [36mServer listening on 0.0.0.0:3101[39m
[08:01:00] [32mINFO[39m: [36mloaded tools from ready plugins[39m [90m{"service":"plugin-tool-dispatcher","readyPlugins":0,"registeredTools":0}[39m
[08:01:00] [32mINFO[39m: [36mplugin tool dispatcher initialized[39m [90m{"service":"plugin-tool-dispatcher","totalTools":0}[39m
[08:01:00] [32mINFO[39m: [36mplugin-loader: no ready plugins to load[39m [90m{"service":"plugin-loader"}[39m
[tac] Building UI...

> @paperclipai/ui@0.0.1 build /Users/james/Dev/theagent-company/ui
> tsc -b && vite build

vite v6.4.1 building for production...
transforming...
✓ 4791 modules transformed.
rendering chunks...
computing gzip size...
dist/index.html                                           3.63 kB │ gzip:   1.17 kB
dist/assets/index-9Jq_YU8X.css                          231.34 kB │ gzip:  36.61 kB
dist/assets/clone-BYbj42G_.js                             0.10 kB │ gzip:   0.11 kB
dist/assets/channel-JqHiViWk.js                           0.11 kB │ gzip:   0.13 kB
dist/assets/init-Gi6I4Gst.js                              0.15 kB │ gzip:   0.13 kB
dist/assets/chunk-QZHKN3VN-DlzPrEJ6.js                    0.19 kB │ gzip:   0.16 kB
dist/assets/chunk-55IACEB6-D4r2xjfv.js                    0.24 kB │ gzip:   0.21 kB
dist/assets/chunk-4BX2VUAB-BTtzacaD.js                    0.30 kB │ gzip:   0.21 kB
dist/assets/diff-DbItnlRl.js                              0.31 kB │ gzip:   0.24 kB
dist/assets/chunk-FMBD7UC4-CF5kV0U3.js                    0.37 kB │ gzip:   0.27 kB
dist/assets/chunk-QN33PNHL-CCQk0Zh6.js                    0.53 kB │ gzip:   0.37 kB
dist/assets/stateDiagram-v2-4FDKWEC3-C8yyILV9.js          0.57 kB │ gzip:   0.36 kB
dist/assets/classDiagram-2ON5EDUG-BNx3ztvl.js             0.61 kB │ gzip:   0.37 kB
dist/assets/classDiagram-v2-WZHVMYZB-BNx3ztvl.js          0.61 kB │ gzip:   0.37 kB
dist/assets/brainfuck-C4LP7Hcl.js                         0.61 kB │ gzip:   0.33 kB
dist/assets/properties-C78fOPTZ.js                        0.67 kB │ gzip:   0.34 kB
dist/assets/cmake-BQqOBYOt.js                             0.78 kB │ gzip:   0.46 kB
dist/assets/asciiarmor-Df11BRmG.js                        0.79 kB │ gzip:   0.40 kB
dist/assets/http-DBlCnlav.js                              0.85 kB │ gzip:   0.42 kB
dist/assets/protobuf-ChK-085T.js                          0.86 kB │ gzip:   0.52 kB
dist/assets/solr-DehyRSwq.js                              0.87 kB │ gzip:   0.45 kB
dist/assets/infoDiagram-HS3SLOUP-CWMD4t2d.js              0.87 kB │ gzip:   0.53 kB
dist/assets/troff-wAsdV37c.js                             0.96 kB │ gzip:   0.44 kB
dist/assets/spreadsheet-BCZA_wO0.js                       1.14 kB │ gzip:   0.54 kB
dist/assets/toml-Bm5Em-hy.js                              1.14 kB │ gzip:   0.54 kB
dist/assets/ordinal-Cboi1Yqb.js                           1.19 kB │ gzip:   0.57 kB
dist/assets/mbox-CNhZ1qSd.js                              1.40 kB │ gzip:   0.65 kB
dist/assets/chunk-TZMSLE5B-CpBBAbr0.js                    1.44 kB │ gzip:   0.64 kB
dist/assets/sieve-C3Gn_uJK.js                             1.62 kB │ gzip:   0.77 kB
dist/assets/rpm-CTu-6PCP.js                               1.62 kB │ gzip:   0.82 kB
dist/assets/factor-kuTfRLto.js                            1.67 kB │ gzip:   0.61 kB
dist/assets/z80-Hz9HOZM7.js                               1.75 kB │ gzip:   0.81 kB
dist/assets/eiffel-CnydiIhH.js                            1.81 kB │ gzip:   0.91 kB
dist/assets/elm-vLlmbW-K.js                               1.89 kB │ gzip:   0.81 kB
dist/assets/mathematica-DTrFuWx2.js                       1.92 kB │ gzip:   0.81 kB
dist/assets/dockerfile-BKs6k2Af.js                        1.95 kB │ gzip:   0.67 kB
dist/assets/turtle-B1tBg_DP.js                            1.98 kB │ gzip:   0.90 kB
dist/assets/ebnf-CDyGwa7X.js                              1.99 kB │ gzip:   0.80 kB
dist/assets/smalltalk-CnHTOXQT.js                         2.01 kB │ gzip:   0.85 kB
dist/assets/dtd-DF_7sFjM.js                               2.06 kB │ gzip:   0.87 kB
dist/assets/mumps-BT43cFF4.js                             2.07 kB │ gzip:   0.98 kB
dist/assets/fcl-Kvtd6kyn.js                               2.08 kB │ gzip:   0.95 kB
dist/assets/ntriples-BfvgReVJ.js                          2.10 kB │ gzip:   0.74 kB
dist/assets/yacas-BJ4BC0dw.js                             2.15 kB │ gzip:   1.09 kB
dist/assets/simple-mode-GW_nhZxv.js                       2.28 kB │ gzip:   1.09 kB
dist/assets/apl-B4CMkyY2.js                               2.30 kB │ gzip:   1.20 kB
dist/assets/pascal--L3eBynH.js                            2.30 kB │ gzip:   1.19 kB
dist/assets/octave-Ck1zUtKM.js                            2.31 kB │ gzip:   1.09 kB
dist/assets/commonlisp-DBKNyK5s.js                        2.32 kB │ gzip:   1.09 kB
dist/assets/tcl-DVfN8rqt.js                               2.36 kB │ gzip:   1.22 kB
dist/assets/webidl-ZXfAyPTL.js                            2.52 kB │ gzip:   1.24 kB
dist/assets/pig-CevX1Tat.js                               2.53 kB │ gzip:   1.35 kB
dist/assets/puppet-DMA9R1ak.js                            2.54 kB │ gzip:   1.19 kB
dist/assets/forth-Ffai-XNe.js                             2.54 kB │ gzip:   1.31 kB
dist/assets/shell-CjFT_Tl9.js                             2.57 kB │ gzip:   1.20 kB
dist/assets/_basePickBy-8_P4By6P.js                       2.59 kB │ gzip:   1.29 kB
dist/assets/index-BYuc0IOD.js                             2.59 kB │ gzip:   1.55 kB
dist/assets/velocity-D8B20fx6.js                          2.67 kB │ gzip:   1.11 kB
dist/assets/tiddlywiki-DO-Gjzrf.js                        2.78 kB │ gzip:   1.06 kB
dist/assets/modelica-Dc1JOy9r.js                          2.79 kB │ gzip:   1.28 kB
dist/assets/index-D6CYSVLk.js                             2.81 kB │ gzip:   1.54 kB
dist/assets/oz-BzwKVEFT.js                                2.90 kB │ gzip:   1.28 kB
dist/assets/r-B6wPVr8A.js                                 2.94 kB │ gzip:   1.36 kB
dist/assets/stex-C3f8Ysf7.js                              3.12 kB │ gzip:   1.20 kB
dist/assets/tiki-DGYXhP31.js                              3.25 kB │ gzip:   1.26 kB
dist/assets/vhdl-lSbBsy5d.js                              3.35 kB │ gzip:   1.51 kB
dist/assets/lua-BgMRiT3U.js                               3.40 kB │ gzip:   1.42 kB
dist/assets/arc-BptPQvG5.js                               3.42 kB │ gzip:   1.45 kB
dist/assets/mscgen-BA5vi2Kp.js                            3.51 kB │ gzip:   0.97 kB
dist/assets/sparql-DkYu6x3z.js                            3.55 kB │ gzip:   1.61 kB
dist/assets/cypher-C_CwsFkJ.js                            3.56 kB │ gzip:   1.52 kB
dist/assets/index-D9C9xSqG.js                             3.58 kB │ gzip:   1.77 kB
dist/assets/d-pRatUO7H.js                                 3.72 kB │ gzip:   1.67 kB
dist/assets/coffeescript-S37ZYGWr.js                      3.87 kB │ gzip:   1.67 kB
dist/assets/vb-CmGdzxic.js                                3.90 kB │ gzip:   1.78 kB
dist/assets/swift-BzpIVaGY.js                             3.96 kB │ gzip:   1.78 kB
dist/assets/asn1-EdZsLKOL.js                              3.98 kB │ gzip:   1.92 kB
dist/assets/q-pXgVlZs6.js                                 4.03 kB │ gzip:   1.66 kB
dist/assets/ttcn-cfg-B9xdYoR4.js                          4.05 kB │ gzip:   1.69 kB
dist/assets/dylan-DwRh75JA.js                             4.05 kB │ gzip:   1.64 kB
dist/assets/livescript-BwQOo05w.js                        4.09 kB │ gzip:   1.62 kB
dist/assets/groovy-D9Dt4D0W.js                            4.14 kB │ gzip:   1.76 kB
dist/assets/haskell-Cw1EW3IL.js                           4.17 kB │ gzip:   1.86 kB
dist/assets/asterisk-B-8jnY81.js                          4.48 kB │ gzip:   1.78 kB
dist/assets/diagram-S2PKOQOG-Q7gQbySp.js                  4.52 kB │ gzip:   1.97 kB
dist/assets/gas-Bneqetm1.js                               4.57 kB │ gzip:   1.28 kB
dist/assets/fortran-DYz_wnZ1.js                           4.65 kB │ gzip:   2.00 kB
dist/assets/defaultLocale-DX6XiGOO.js                     4.69 kB │ gzip:   2.17 kB
dist/assets/mllike-CXdrOF99.js                            4.79 kB │ gzip:   1.54 kB
dist/assets/ttcn-CfJYG6tj.js                              4.80 kB │ gzip:   2.10 kB
dist/assets/ecl-Cabwm37j.js                               5.13 kB │ gzip:   2.29 kB
dist/assets/crystal-SjHAIU92.js                           5.13 kB │ gzip:   2.05 kB
dist/assets/ruby-B2Rjki9n.js                              5.16 kB │ gzip:   2.13 kB
dist/assets/index-CqAYdd3J.js                             5.24 kB │ gzip:   2.44 kB
dist/assets/julia-DuME0IfC.js                             5.39 kB │ gzip:   2.12 kB
dist/assets/pieDiagram-ADFJNKIX-i-yevOU8.js               5.44 kB │ gzip:   2.41 kB
dist/assets/linear-RJ7TEq3S.js                            5.66 kB │ gzip:   2.31 kB
dist/assets/vbscript-BuJXcnF6.js                          5.82 kB │ gzip:   2.55 kB
dist/assets/mirc-CjQqDB4T.js                              5.92 kB │ gzip:   2.66 kB
dist/assets/graph-CierUiP9.js                             5.92 kB │ gzip:   1.87 kB
dist/assets/cobol-CWcv1MsR.js                             6.20 kB │ gzip:   2.91 kB
dist/assets/diagram-QEK2KX5R-YLMFuFbH.js                  6.23 kB │ gzip:   2.62 kB
dist/assets/scheme-C41bIUwD.js                            6.37 kB │ gzip:   2.39 kB
dist/assets/python-BuPzkPfP.js                            6.48 kB │ gzip:   2.71 kB
dist/assets/xquery-DzFWVndE.js                            6.62 kB │ gzip:   2.56 kB
dist/assets/pug-DeIclll2.js                               6.67 kB │ gzip:   1.95 kB
dist/assets/textile-CnDTJFAw.js                           6.80 kB │ gzip:   2.43 kB
dist/assets/nsis-LdVXkNf5.js                              6.81 kB │ gzip:   2.96 kB
dist/assets/nginx-DdIZxoE0.js                             7.34 kB │ gzip:   2.73 kB
dist/assets/powershell-CFHJl5sT.js                        7.77 kB │ gzip:   3.30 kB
dist/assets/haxe-H-WmDvRZ.js                              7.89 kB │ gzip:   2.92 kB
dist/assets/erlang-BNw1qcRV.js                            8.10 kB │ gzip:   2.86 kB
dist/assets/verilog-C6RDOZhf.js                           8.24 kB │ gzip:   3.47 kB
dist/assets/sas-B4kiWyti.js                               9.33 kB │ gzip:   4.07 kB
dist/assets/perl-CdXCOZ3F.js                              9.75 kB │ gzip:   3.40 kB
dist/assets/gherkin-heZmZLOM.js                          10.16 kB │ gzip:   4.96 kB
dist/assets/stateDiagram-FKZM4ZOC-CHLAssLe.js            10.56 kB │ gzip:   3.71 kB
dist/assets/clojure-BMjYHr_A.js                          10.82 kB │ gzip:   3.96 kB
dist/assets/dagre-6UL2VRFP-DRB_uyZY.js                   11.44 kB │ gzip:   4.29 kB
dist/assets/idl-BEugSyMb.js                              11.63 kB │ gzip:   4.54 kB
dist/assets/_baseUniq-CNoe11xF.js                        11.90 kB │ gzip:   4.63 kB
dist/assets/index-DnAN85vk.js                            12.87 kB │ gzip:   5.57 kB
dist/assets/index-BTnAxDVo.js                            14.97 kB │ gzip:   5.97 kB
dist/assets/diagram-PSM6KHXK-DYXd8ipT.js                 16.16 kB │ gzip:   5.78 kB
dist/assets/index-FP3HWbam.js                            16.49 kB │ gzip:   7.30 kB
dist/assets/javascript-iXu5QeM3.js                       17.08 kB │ gzip:   5.72 kB
dist/assets/index-TOfxflQ-.js                            19.86 kB │ gzip:   9.14 kB
dist/assets/kanban-definition-3W4ZIXB7-DHZbNL6r.js       20.78 kB │ gzip:   7.27 kB
dist/assets/index-CyUgfwFQ.js                            21.09 kB │ gzip:   9.20 kB
dist/assets/mindmap-definition-VGOIOE7T-CqTxhAeM.js      21.21 kB │ gzip:   7.35 kB
dist/assets/clike-B9uivgTg.js                            22.30 kB │ gzip:   7.79 kB
dist/assets/sankeyDiagram-TZEHDZUN-CJ2vFcgp.js           22.41 kB │ gzip:   8.20 kB
dist/assets/index-BRYERkM4.js                            23.24 kB │ gzip:  10.08 kB
dist/assets/journeyDiagram-XKPGCS4Q-X1O7MSUc.js          23.72 kB │ gzip:   8.34 kB
dist/assets/timeline-definition-IT6M3QCI-p5wzLTP-.js     23.89 kB │ gzip:   8.31 kB
dist/assets/gitGraphDiagram-V2S2FVAM-Cw90Ekcu.js         24.90 kB │ gzip:   7.67 kB
dist/assets/erDiagram-Q2GNP2WA-lp7OYVWL.js               25.52 kB │ gzip:   8.85 kB
dist/assets/stylus-B533Al4x.js                           25.80 kB │ gzip:   8.62 kB
dist/assets/index-CE8JQrE9.js                            26.03 kB │ gzip:  11.45 kB
dist/assets/index-DOqdcSNK.js                            26.39 kB │ gzip:   8.82 kB
dist/assets/css-BnMrqG3P.js                              27.13 kB │ gzip:   8.49 kB
dist/assets/layout-idfzdv7H.js                           27.39 kB │ gzip:   9.72 kB
dist/assets/index-DmIs5XG8.js                            28.86 kB │ gzip:  11.46 kB
dist/assets/requirementDiagram-UZGBJVZJ-nH7qGvpQ.js      30.44 kB │ gzip:   9.46 kB
dist/assets/index-CjImCqfQ.js                            30.97 kB │ gzip:  12.42 kB
dist/assets/index-3Pk5ETYM.js                            32.50 kB │ gzip:  13.05 kB
dist/assets/quadrantDiagram-AYHSOK5B-Bl7hApGH.js         34.50 kB │ gzip:  10.07 kB
dist/assets/chunk-DI55MBZ5-CwxCuZu9.js                   36.80 kB │ gzip:  11.85 kB
dist/assets/sql-D0XecflT.js                              37.05 kB │ gzip:  10.91 kB
dist/assets/xychartDiagram-PRI3JC2R-ChomJH1O.js          40.39 kB │ gzip:  11.44 kB
dist/assets/vendor-tanstack-C2Y_hnmp.js                  40.82 kB │ gzip:  12.17 kB
dist/assets/index-SCTE47e_.js                            40.91 kB │ gzip:  16.24 kB
dist/assets/index-C0yRFj_N.js                            44.33 kB │ gzip:  15.39 kB
dist/assets/index-Ck8c_C82.js                            45.28 kB │ gzip:  18.73 kB
dist/assets/chunk-B4BG7PRW-C0fg6DRC.js                   45.41 kB │ gzip:  14.55 kB
dist/assets/vendor-dnd-DWWskIVA.js                       50.12 kB │ gzip:  16.60 kB
dist/assets/vendor-i18n-B5Y2hUFy.js                      58.17 kB │ gzip:  18.90 kB
dist/assets/flowDiagram-NV44I4VS-BXBnuoN0.js             61.29 kB │ gzip:  19.40 kB
dist/assets/ganttDiagram-JELNMOA3-M6Nlfl3J.js            68.48 kB │ gzip:  22.95 kB
dist/assets/c4Diagram-YG6GDRKO-BpKaqLba.js               70.34 kB │ gzip:  19.62 kB
dist/assets/index-BVxt2AMS.js                            70.98 kB │ gzip:  25.16 kB
dist/assets/blockDiagram-VD42YOAC-DdsdJ1v9.js            73.33 kB │ gzip:  20.75 kB
dist/assets/cose-bilkent-S5V4N54A-D1MHDCmP.js            81.89 kB │ gzip:  22.47 kB
dist/assets/index-BH6yq8lg.js                            86.81 kB │ gzip:  33.63 kB
dist/assets/index-iAb1WORo.js                            98.03 kB │ gzip:  28.03 kB
dist/assets/sequenceDiagram-WL72ISMW-Dyr5uyUM.js         98.31 kB │ gzip:  26.86 kB
dist/assets/index-BYxDn2bX.js                           100.73 kB │ gzip:  32.62 kB
dist/assets/vendor-radix-Cxi8QeZV.js                    117.25 kB │ gzip:  35.68 kB
dist/assets/architectureDiagram-VXUJARFQ-CE0FvZIj.js    149.14 kB │ gzip:  42.00 kB
dist/assets/katex-O9d3_IXG.js                           258.51 kB │ gzip:  76.54 kB
dist/assets/cytoscape.esm-BQaXIfA_.js                   442.44 kB │ gzip: 141.29 kB
dist/assets/treemap-GDKQZRPO-D2uqiNpY.js                454.87 kB │ gzip: 107.70 kB
dist/assets/vendor-react-bbBl97cl.js                    477.93 kB │ gzip: 152.31 kB
dist/assets/mermaid.core-COJd3qPt.js                    498.96 kB │ gzip: 139.36 kB
dist/assets/index-Bqim21A9.js                         2,227.63 kB │ gzip: 619.03 kB
✓ built in 7.89s
[tac] Starting server...

> @paperclipai/server@0.3.1 dev:watch /Users/james/Dev/theagent-company/server
> cross-env PAPERCLIP_MIGRATION_PROMPT=never PAPERCLIP_MIGRATION_AUTO_APPLY=true tsx watch --ignore ../ui/node_modules --ignore ../ui/.vite --ignore ../ui/dist src/index.ts

[08:02:11] [33mWARN[39m: [36mEmbedded PostgreSQL already running; reusing existing process (pid=37968, port=54329)[39m
[08:02:12] [32mINFO[39m: [36mEmbedded PostgreSQL ready[39m
[08:02:12] [32mINFO[39m: [36mAuthenticated mode auth origin configuration[39m [90m{"authBaseUrlMode":"auto","authPublicBaseUrl":null,"trustedOrigins":["https://zifeis-mac-mini.tailf9f88d.ts.net","http://zifeis-mac-mini.tailf9f88d.ts.net"],"trustedOriginsSource":{"derived":2,"env":0}}[39m

[36m██████╗  █████╗ ██████╗ ███████╗██████╗  ██████╗██╗     ██╗██████╗ [0m
[36m██╔══██╗██╔══██╗██╔══██╗██╔════╝██╔══██╗██╔════╝██║     ██║██╔══██╗[0m
[36m██████╔╝███████║██████╔╝█████╗  ██████╔╝██║     ██║     ██║██████╔╝[0m
[36m██╔═══╝ ██╔══██║██╔═══╝ ██╔══╝  ██╔══██╗██║     ██║     ██║██╔═══╝ [0m
[36m██║     ██║  ██║██║     ███████╗██║  ██║╚██████╗███████╗██║██║     [0m
[36m╚═╝     ╚═╝  ╚═╝╚═╝     ╚══════╝╚═╝  ╚═╝ ╚═════╝╚══════╝╚═╝╚═╝     [0m
[34m  ───────────────────────────────────────────────────────[0m
[2mMode            [0m [32membedded-postgres[0m  |  [35mstatic-ui[0m
[2mDeploy          [0m authenticated (private)
[2mAuth            [0m [32mready[0m
[2mServer          [0m 3101 [2m(requested 3100)[0m
[2mAPI             [0m http://localhost:3101/api [2m(health: http://localhost:3101/api/health)[0m
[2mUI              [0m http://localhost:3101
[2mDatabase        [0m /Users/james/.paperclip/instances/default/db [2m(pg:54329)[0m
[2mMigrations      [0m already applied
[2mAgent JWT       [0m [32mset[0m
[2mHeartbeat       [0m enabled [2m(30000ms)[0m
[2mDB Backup       [0m enabled [2m(every 60m, keep 30d)[0m
[2mBackup Dir      [0m /Users/james/.paperclip/instances/default/data/backups
[2mConfig          [0m /Users/james/.paperclip/instances/default/config.json
[34m  ───────────────────────────────────────────────────────[0m

[08:02:12] [32mINFO[39m: [36mplugin job coordinator started — listening to lifecycle events[39m [90m{"service":"plugin-job-coordinator"}[39m
[08:02:12] [32mINFO[39m: [36mplugin job scheduler started[39m [90m{"service":"plugin-job-scheduler","tickIntervalMs":30000,"maxConcurrentJobs":10}[39m
[08:02:12] [32mINFO[39m: [36minitializing plugin tool dispatcher[39m [90m{"service":"plugin-tool-dispatcher"}[39m
[08:02:12] [32mINFO[39m: [36mplugin-loader: loading all ready plugins[39m [90m{"service":"plugin-loader"}[39m
[08:02:12] [33mWARN[39m: [36mRequested port is busy; using next free port (requestedPort=3100, selectedPort=3101)[39m
[08:02:12] [32mINFO[39m: [36mAutomatic database backups enabled[39m [90m{"intervalMinutes":60,"retentionDays":30,"backupDir":"/Users/james/.paperclip/instances/default/data/backups"}[39m
[08:02:12] [32mINFO[39m: [36mServer listening on 0.0.0.0:3101[39m
[08:02:12] [32mINFO[39m: [36mloaded tools from ready plugins[39m [90m{"service":"plugin-tool-dispatcher","readyPlugins":0,"registeredTools":0}[39m
[08:02:12] [32mINFO[39m: [36mplugin tool dispatcher initialized[39m [90m{"service":"plugin-tool-dispatcher","totalTools":0}[39m
[08:02:12] [32mINFO[39m: [36mplugin-loader: no ready plugins to load[39m [90m{"service":"plugin-loader"}[39m
7:33:00 PM [tsx] change in ./src/services/openclaw.ts Restarting...
c[08:33:02] [33mWARN[39m: [36mEmbedded PostgreSQL already running; reusing existing process (pid=37968, port=54329)[39m
[08:33:02] [32mINFO[39m: [36mEmbedded PostgreSQL ready[39m
[08:33:02] [32mINFO[39m: [36mAuthenticated mode auth origin configuration[39m [90m{"authBaseUrlMode":"auto","authPublicBaseUrl":null,"trustedOrigins":["https://zifeis-mac-mini.tailf9f88d.ts.net","http://zifeis-mac-mini.tailf9f88d.ts.net"],"trustedOriginsSource":{"derived":2,"env":0}}[39m
[08:33:02] [32mINFO[39m: [36mplugin job coordinator started — listening to lifecycle events[39m [90m{"service":"plugin-job-coordinator"}[39m
[08:33:02] [32mINFO[39m: [36mplugin job scheduler started[39m [90m{"service":"plugin-job-scheduler","tickIntervalMs":30000,"maxConcurrentJobs":10}[39m
[08:33:02] [32mINFO[39m: [36minitializing plugin tool dispatcher[39m [90m{"service":"plugin-tool-dispatcher"}[39m
[08:33:02] [32mINFO[39m: [36mplugin-loader: loading all ready plugins[39m [90m{"service":"plugin-loader"}[39m
[08:33:02] [32mINFO[39m: [36mAutomatic database backups enabled[39m [90m{"intervalMinutes":60,"retentionDays":30,"backupDir":"/Users/james/.paperclip/instances/default/data/backups"}[39m
[08:33:02] [31mERROR[39m: [36mPaperclip server failed to start[39m 
    err: {
      "type": "Error",
      "message": "listen EADDRINUSE: address already in use 0.0.0.0:3100",
      "stack":
          Error: listen EADDRINUSE: address already in use 0.0.0.0:3100
              at Server.setupListenHandle [as _listen2] (node:net:2008:16)
              at listenInCluster (node:net:2065:12)
              at node:net:2274:7
              at process.processTicksAndRejections (node:internal/process/task_queues:90:21)
      "code": "EADDRINUSE",
      "errno": -48,
      "syscall": "listen",
      "address": "0.0.0.0",
      "port": 3100
    }
[tac] Building UI...

> @paperclipai/ui@0.0.1 build /Users/james/Dev/theagent-company/ui
> tsc -b && vite build

vite v6.4.1 building for production...
transforming...
✓ 4791 modules transformed.
rendering chunks...
computing gzip size...
dist/index.html                                           3.63 kB │ gzip:   1.17 kB
dist/assets/index-9Jq_YU8X.css                          231.34 kB │ gzip:  36.61 kB
dist/assets/clone-BYbj42G_.js                             0.10 kB │ gzip:   0.11 kB
dist/assets/channel-JqHiViWk.js                           0.11 kB │ gzip:   0.13 kB
dist/assets/init-Gi6I4Gst.js                              0.15 kB │ gzip:   0.13 kB
dist/assets/chunk-QZHKN3VN-DlzPrEJ6.js                    0.19 kB │ gzip:   0.16 kB
dist/assets/chunk-55IACEB6-D4r2xjfv.js                    0.24 kB │ gzip:   0.21 kB
dist/assets/chunk-4BX2VUAB-BTtzacaD.js                    0.30 kB │ gzip:   0.21 kB
dist/assets/diff-DbItnlRl.js                              0.31 kB │ gzip:   0.24 kB
dist/assets/chunk-FMBD7UC4-CF5kV0U3.js                    0.37 kB │ gzip:   0.27 kB
dist/assets/chunk-QN33PNHL-CCQk0Zh6.js                    0.53 kB │ gzip:   0.37 kB
dist/assets/stateDiagram-v2-4FDKWEC3-C8yyILV9.js          0.57 kB │ gzip:   0.36 kB
dist/assets/classDiagram-2ON5EDUG-BNx3ztvl.js             0.61 kB │ gzip:   0.37 kB
dist/assets/classDiagram-v2-WZHVMYZB-BNx3ztvl.js          0.61 kB │ gzip:   0.37 kB
dist/assets/brainfuck-C4LP7Hcl.js                         0.61 kB │ gzip:   0.33 kB
dist/assets/properties-C78fOPTZ.js                        0.67 kB │ gzip:   0.34 kB
dist/assets/cmake-BQqOBYOt.js                             0.78 kB │ gzip:   0.46 kB
dist/assets/asciiarmor-Df11BRmG.js                        0.79 kB │ gzip:   0.40 kB
dist/assets/http-DBlCnlav.js                              0.85 kB │ gzip:   0.42 kB
dist/assets/protobuf-ChK-085T.js                          0.86 kB │ gzip:   0.52 kB
dist/assets/solr-DehyRSwq.js                              0.87 kB │ gzip:   0.45 kB
dist/assets/infoDiagram-HS3SLOUP-CWMD4t2d.js              0.87 kB │ gzip:   0.53 kB
dist/assets/troff-wAsdV37c.js                             0.96 kB │ gzip:   0.44 kB
dist/assets/spreadsheet-BCZA_wO0.js                       1.14 kB │ gzip:   0.54 kB
dist/assets/toml-Bm5Em-hy.js                              1.14 kB │ gzip:   0.54 kB
dist/assets/ordinal-Cboi1Yqb.js                           1.19 kB │ gzip:   0.57 kB
dist/assets/mbox-CNhZ1qSd.js                              1.40 kB │ gzip:   0.65 kB
dist/assets/chunk-TZMSLE5B-CpBBAbr0.js                    1.44 kB │ gzip:   0.64 kB
dist/assets/sieve-C3Gn_uJK.js                             1.62 kB │ gzip:   0.77 kB
dist/assets/rpm-CTu-6PCP.js                               1.62 kB │ gzip:   0.82 kB
dist/assets/factor-kuTfRLto.js                            1.67 kB │ gzip:   0.61 kB
dist/assets/z80-Hz9HOZM7.js                               1.75 kB │ gzip:   0.81 kB
dist/assets/eiffel-CnydiIhH.js                            1.81 kB │ gzip:   0.91 kB
dist/assets/elm-vLlmbW-K.js                               1.89 kB │ gzip:   0.81 kB
dist/assets/mathematica-DTrFuWx2.js                       1.92 kB │ gzip:   0.81 kB
dist/assets/dockerfile-BKs6k2Af.js                        1.95 kB │ gzip:   0.67 kB
dist/assets/turtle-B1tBg_DP.js                            1.98 kB │ gzip:   0.90 kB
dist/assets/ebnf-CDyGwa7X.js                              1.99 kB │ gzip:   0.80 kB
dist/assets/smalltalk-CnHTOXQT.js                         2.01 kB │ gzip:   0.85 kB
dist/assets/dtd-DF_7sFjM.js                               2.06 kB │ gzip:   0.87 kB
dist/assets/mumps-BT43cFF4.js                             2.07 kB │ gzip:   0.98 kB
dist/assets/fcl-Kvtd6kyn.js                               2.08 kB │ gzip:   0.95 kB
dist/assets/ntriples-BfvgReVJ.js                          2.10 kB │ gzip:   0.74 kB
dist/assets/yacas-BJ4BC0dw.js                             2.15 kB │ gzip:   1.09 kB
dist/assets/simple-mode-GW_nhZxv.js                       2.28 kB │ gzip:   1.09 kB
dist/assets/apl-B4CMkyY2.js                               2.30 kB │ gzip:   1.20 kB
dist/assets/pascal--L3eBynH.js                            2.30 kB │ gzip:   1.19 kB
dist/assets/octave-Ck1zUtKM.js                            2.31 kB │ gzip:   1.09 kB
dist/assets/commonlisp-DBKNyK5s.js                        2.32 kB │ gzip:   1.09 kB
dist/assets/tcl-DVfN8rqt.js                               2.36 kB │ gzip:   1.22 kB
dist/assets/webidl-ZXfAyPTL.js                            2.52 kB │ gzip:   1.24 kB
dist/assets/pig-CevX1Tat.js                               2.53 kB │ gzip:   1.35 kB
dist/assets/puppet-DMA9R1ak.js                            2.54 kB │ gzip:   1.19 kB
dist/assets/forth-Ffai-XNe.js                             2.54 kB │ gzip:   1.31 kB
dist/assets/shell-CjFT_Tl9.js                             2.57 kB │ gzip:   1.20 kB
dist/assets/_basePickBy-8_P4By6P.js                       2.59 kB │ gzip:   1.29 kB
dist/assets/index-BYuc0IOD.js                             2.59 kB │ gzip:   1.55 kB
dist/assets/velocity-D8B20fx6.js                          2.67 kB │ gzip:   1.11 kB
dist/assets/tiddlywiki-DO-Gjzrf.js                        2.78 kB │ gzip:   1.06 kB
dist/assets/modelica-Dc1JOy9r.js                          2.79 kB │ gzip:   1.28 kB
dist/assets/index-D6CYSVLk.js                             2.81 kB │ gzip:   1.54 kB
dist/assets/oz-BzwKVEFT.js                                2.90 kB │ gzip:   1.28 kB
dist/assets/r-B6wPVr8A.js                                 2.94 kB │ gzip:   1.36 kB
dist/assets/stex-C3f8Ysf7.js                              3.12 kB │ gzip:   1.20 kB
dist/assets/tiki-DGYXhP31.js                              3.25 kB │ gzip:   1.26 kB
dist/assets/vhdl-lSbBsy5d.js                              3.35 kB │ gzip:   1.51 kB
dist/assets/lua-BgMRiT3U.js                               3.40 kB │ gzip:   1.42 kB
dist/assets/arc-BptPQvG5.js                               3.42 kB │ gzip:   1.45 kB
dist/assets/mscgen-BA5vi2Kp.js                            3.51 kB │ gzip:   0.97 kB
dist/assets/sparql-DkYu6x3z.js                            3.55 kB │ gzip:   1.61 kB
dist/assets/cypher-C_CwsFkJ.js                            3.56 kB │ gzip:   1.52 kB
dist/assets/index-D9C9xSqG.js                             3.58 kB │ gzip:   1.77 kB
dist/assets/d-pRatUO7H.js                                 3.72 kB │ gzip:   1.67 kB
dist/assets/coffeescript-S37ZYGWr.js                      3.87 kB │ gzip:   1.67 kB
dist/assets/vb-CmGdzxic.js                                3.90 kB │ gzip:   1.78 kB
dist/assets/swift-BzpIVaGY.js                             3.96 kB │ gzip:   1.78 kB
dist/assets/asn1-EdZsLKOL.js                              3.98 kB │ gzip:   1.92 kB
dist/assets/q-pXgVlZs6.js                                 4.03 kB │ gzip:   1.66 kB
dist/assets/ttcn-cfg-B9xdYoR4.js                          4.05 kB │ gzip:   1.69 kB
dist/assets/dylan-DwRh75JA.js                             4.05 kB │ gzip:   1.64 kB
dist/assets/livescript-BwQOo05w.js                        4.09 kB │ gzip:   1.62 kB
dist/assets/groovy-D9Dt4D0W.js                            4.14 kB │ gzip:   1.76 kB
dist/assets/haskell-Cw1EW3IL.js                           4.17 kB │ gzip:   1.86 kB
dist/assets/asterisk-B-8jnY81.js                          4.48 kB │ gzip:   1.78 kB
dist/assets/diagram-S2PKOQOG-Q7gQbySp.js                  4.52 kB │ gzip:   1.97 kB
dist/assets/gas-Bneqetm1.js                               4.57 kB │ gzip:   1.28 kB
dist/assets/fortran-DYz_wnZ1.js                           4.65 kB │ gzip:   2.00 kB
dist/assets/defaultLocale-DX6XiGOO.js                     4.69 kB │ gzip:   2.17 kB
dist/assets/mllike-CXdrOF99.js                            4.79 kB │ gzip:   1.54 kB
dist/assets/ttcn-CfJYG6tj.js                              4.80 kB │ gzip:   2.10 kB
dist/assets/ecl-Cabwm37j.js                               5.13 kB │ gzip:   2.29 kB
dist/assets/crystal-SjHAIU92.js                           5.13 kB │ gzip:   2.05 kB
dist/assets/ruby-B2Rjki9n.js                              5.16 kB │ gzip:   2.13 kB
dist/assets/index-CqAYdd3J.js                             5.24 kB │ gzip:   2.44 kB
dist/assets/julia-DuME0IfC.js                             5.39 kB │ gzip:   2.12 kB
dist/assets/pieDiagram-ADFJNKIX-i-yevOU8.js               5.44 kB │ gzip:   2.41 kB
dist/assets/linear-RJ7TEq3S.js                            5.66 kB │ gzip:   2.31 kB
dist/assets/vbscript-BuJXcnF6.js                          5.82 kB │ gzip:   2.55 kB
dist/assets/mirc-CjQqDB4T.js                              5.92 kB │ gzip:   2.66 kB
dist/assets/graph-CierUiP9.js                             5.92 kB │ gzip:   1.87 kB
dist/assets/cobol-CWcv1MsR.js                             6.20 kB │ gzip:   2.91 kB
dist/assets/diagram-QEK2KX5R-YLMFuFbH.js                  6.23 kB │ gzip:   2.62 kB
dist/assets/scheme-C41bIUwD.js                            6.37 kB │ gzip:   2.39 kB
dist/assets/python-BuPzkPfP.js                            6.48 kB │ gzip:   2.71 kB
dist/assets/xquery-DzFWVndE.js                            6.62 kB │ gzip:   2.56 kB
dist/assets/pug-DeIclll2.js                               6.67 kB │ gzip:   1.95 kB
dist/assets/textile-CnDTJFAw.js                           6.80 kB │ gzip:   2.43 kB
dist/assets/nsis-LdVXkNf5.js                              6.81 kB │ gzip:   2.96 kB
dist/assets/nginx-DdIZxoE0.js                             7.34 kB │ gzip:   2.73 kB
dist/assets/powershell-CFHJl5sT.js                        7.77 kB │ gzip:   3.30 kB
dist/assets/haxe-H-WmDvRZ.js                              7.89 kB │ gzip:   2.92 kB
dist/assets/erlang-BNw1qcRV.js                            8.10 kB │ gzip:   2.86 kB
dist/assets/verilog-C6RDOZhf.js                           8.24 kB │ gzip:   3.47 kB
dist/assets/sas-B4kiWyti.js                               9.33 kB │ gzip:   4.07 kB
dist/assets/perl-CdXCOZ3F.js                              9.75 kB │ gzip:   3.40 kB
dist/assets/gherkin-heZmZLOM.js                          10.16 kB │ gzip:   4.96 kB
dist/assets/stateDiagram-FKZM4ZOC-CHLAssLe.js            10.56 kB │ gzip:   3.71 kB
dist/assets/clojure-BMjYHr_A.js                          10.82 kB │ gzip:   3.96 kB
dist/assets/dagre-6UL2VRFP-DRB_uyZY.js                   11.44 kB │ gzip:   4.29 kB
dist/assets/idl-BEugSyMb.js                              11.63 kB │ gzip:   4.54 kB
dist/assets/_baseUniq-CNoe11xF.js                        11.90 kB │ gzip:   4.63 kB
dist/assets/index-DnAN85vk.js                            12.87 kB │ gzip:   5.57 kB
dist/assets/index-BTnAxDVo.js                            14.97 kB │ gzip:   5.97 kB
dist/assets/diagram-PSM6KHXK-DYXd8ipT.js                 16.16 kB │ gzip:   5.78 kB
dist/assets/index-FP3HWbam.js                            16.49 kB │ gzip:   7.30 kB
dist/assets/javascript-iXu5QeM3.js                       17.08 kB │ gzip:   5.72 kB
dist/assets/index-TOfxflQ-.js                            19.86 kB │ gzip:   9.14 kB
dist/assets/kanban-definition-3W4ZIXB7-DHZbNL6r.js       20.78 kB │ gzip:   7.27 kB
dist/assets/index-CyUgfwFQ.js                            21.09 kB │ gzip:   9.20 kB
dist/assets/mindmap-definition-VGOIOE7T-CqTxhAeM.js      21.21 kB │ gzip:   7.35 kB
dist/assets/clike-B9uivgTg.js                            22.30 kB │ gzip:   7.79 kB
dist/assets/sankeyDiagram-TZEHDZUN-CJ2vFcgp.js           22.41 kB │ gzip:   8.20 kB
dist/assets/index-BRYERkM4.js                            23.24 kB │ gzip:  10.08 kB
dist/assets/journeyDiagram-XKPGCS4Q-X1O7MSUc.js          23.72 kB │ gzip:   8.34 kB
dist/assets/timeline-definition-IT6M3QCI-p5wzLTP-.js     23.89 kB │ gzip:   8.31 kB
dist/assets/gitGraphDiagram-V2S2FVAM-Cw90Ekcu.js         24.90 kB │ gzip:   7.67 kB
dist/assets/erDiagram-Q2GNP2WA-lp7OYVWL.js               25.52 kB │ gzip:   8.85 kB
dist/assets/stylus-B533Al4x.js                           25.80 kB │ gzip:   8.62 kB
dist/assets/index-CE8JQrE9.js                            26.03 kB │ gzip:  11.45 kB
dist/assets/index-DOqdcSNK.js                            26.39 kB │ gzip:   8.82 kB
dist/assets/css-BnMrqG3P.js                              27.13 kB │ gzip:   8.49 kB
dist/assets/layout-idfzdv7H.js                           27.39 kB │ gzip:   9.72 kB
dist/assets/index-DmIs5XG8.js                            28.86 kB │ gzip:  11.46 kB
dist/assets/requirementDiagram-UZGBJVZJ-nH7qGvpQ.js      30.44 kB │ gzip:   9.46 kB
dist/assets/index-CjImCqfQ.js                            30.97 kB │ gzip:  12.42 kB
dist/assets/index-3Pk5ETYM.js                            32.50 kB │ gzip:  13.05 kB
dist/assets/quadrantDiagram-AYHSOK5B-Bl7hApGH.js         34.50 kB │ gzip:  10.07 kB
dist/assets/chunk-DI55MBZ5-CwxCuZu9.js                   36.80 kB │ gzip:  11.85 kB
dist/assets/sql-D0XecflT.js                              37.05 kB │ gzip:  10.91 kB
dist/assets/xychartDiagram-PRI3JC2R-ChomJH1O.js          40.39 kB │ gzip:  11.44 kB
dist/assets/vendor-tanstack-C2Y_hnmp.js                  40.82 kB │ gzip:  12.17 kB
dist/assets/index-SCTE47e_.js                            40.91 kB │ gzip:  16.24 kB
dist/assets/index-C0yRFj_N.js                            44.33 kB │ gzip:  15.39 kB
dist/assets/index-Ck8c_C82.js                            45.28 kB │ gzip:  18.73 kB
dist/assets/chunk-B4BG7PRW-C0fg6DRC.js                   45.41 kB │ gzip:  14.55 kB
dist/assets/vendor-dnd-DWWskIVA.js                       50.12 kB │ gzip:  16.60 kB
dist/assets/vendor-i18n-B5Y2hUFy.js                      58.17 kB │ gzip:  18.90 kB
dist/assets/flowDiagram-NV44I4VS-BXBnuoN0.js             61.29 kB │ gzip:  19.40 kB
dist/assets/ganttDiagram-JELNMOA3-M6Nlfl3J.js            68.48 kB │ gzip:  22.95 kB
dist/assets/c4Diagram-YG6GDRKO-BpKaqLba.js               70.34 kB │ gzip:  19.62 kB
dist/assets/index-BVxt2AMS.js                            70.98 kB │ gzip:  25.16 kB
dist/assets/blockDiagram-VD42YOAC-DdsdJ1v9.js            73.33 kB │ gzip:  20.75 kB
dist/assets/cose-bilkent-S5V4N54A-D1MHDCmP.js            81.89 kB │ gzip:  22.47 kB
dist/assets/index-BH6yq8lg.js                            86.81 kB │ gzip:  33.63 kB
dist/assets/index-iAb1WORo.js                            98.03 kB │ gzip:  28.03 kB
dist/assets/sequenceDiagram-WL72ISMW-Dyr5uyUM.js         98.31 kB │ gzip:  26.86 kB
dist/assets/index-BYxDn2bX.js                           100.73 kB │ gzip:  32.62 kB
dist/assets/vendor-radix-Cxi8QeZV.js                    117.25 kB │ gzip:  35.68 kB
dist/assets/architectureDiagram-VXUJARFQ-CE0FvZIj.js    149.14 kB │ gzip:  42.00 kB
dist/assets/katex-O9d3_IXG.js                           258.51 kB │ gzip:  76.54 kB
dist/assets/cytoscape.esm-BQaXIfA_.js                   442.44 kB │ gzip: 141.29 kB
dist/assets/treemap-GDKQZRPO-D2uqiNpY.js                454.87 kB │ gzip: 107.70 kB
dist/assets/vendor-react-bbBl97cl.js                    477.93 kB │ gzip: 152.31 kB
dist/assets/mermaid.core-COJd3qPt.js                    498.96 kB │ gzip: 139.36 kB
dist/assets/index-Bqim21A9.js                         2,227.63 kB │ gzip: 619.03 kB
✓ built in 7.49s
[tac] Starting server...

> @paperclipai/server@0.3.1 dev:watch /Users/james/Dev/theagent-company/server
> cross-env PAPERCLIP_MIGRATION_PROMPT=never PAPERCLIP_MIGRATION_AUTO_APPLY=true tsx watch --ignore ../ui/node_modules --ignore ../ui/.vite --ignore ../ui/dist src/index.ts

[08:33:33] [33mWARN[39m: [36mEmbedded PostgreSQL already running; reusing existing process (pid=37968, port=54329)[39m
[08:33:33] [32mINFO[39m: [36mEmbedded PostgreSQL ready[39m
[08:33:33] [32mINFO[39m: [36mAuthenticated mode auth origin configuration[39m [90m{"authBaseUrlMode":"auto","authPublicBaseUrl":null,"trustedOrigins":["https://zifeis-mac-mini.tailf9f88d.ts.net","http://zifeis-mac-mini.tailf9f88d.ts.net"],"trustedOriginsSource":{"derived":2,"env":0}}[39m

[36m██████╗  █████╗ ██████╗ ███████╗██████╗  ██████╗██╗     ██╗██████╗ [0m
[36m██╔══██╗██╔══██╗██╔══██╗██╔════╝██╔══██╗██╔════╝██║     ██║██╔══██╗[0m
[36m██████╔╝███████║██████╔╝█████╗  ██████╔╝██║     ██║     ██║██████╔╝[0m
[36m██╔═══╝ ██╔══██║██╔═══╝ ██╔══╝  ██╔══██╗██║     ██║     ██║██╔═══╝ [0m
[36m██║     ██║  ██║██║     ███████╗██║  ██║╚██████╗███████╗██║██║     [0m
[36m╚═╝     ╚═╝  ╚═╝╚═╝     ╚══════╝╚═╝  ╚═╝ ╚═════╝╚══════╝╚═╝╚═╝     [0m
[34m  ───────────────────────────────────────────────────────[0m
[2mMode            [0m [32membedded-postgres[0m  |  [35mstatic-ui[0m
[2mDeploy          [0m authenticated (private)
[2mAuth            [0m [32mready[0m
[2mServer          [0m 3101 [2m(requested 3100)[0m
[2mAPI             [0m http://localhost:3101/api [2m(health: http://localhost:3101/api/health)[0m
[2mUI              [0m http://localhost:3101
[2mDatabase        [0m /Users/james/.paperclip/instances/default/db [2m(pg:54329)[0m
[2mMigrations      [0m already applied
[2mAgent JWT       [0m [32mset[0m
[2mHeartbeat       [0m enabled [2m(30000ms)[0m
[2mDB Backup       [0m enabled [2m(every 60m, keep 30d)[0m
[2mBackup Dir      [0m /Users/james/.paperclip/instances/default/data/backups
[2mConfig          [0m /Users/james/.paperclip/instances/default/config.json
[34m  ───────────────────────────────────────────────────────[0m

[08:33:33] [32mINFO[39m: [36mplugin job coordinator started — listening to lifecycle events[39m [90m{"service":"plugin-job-coordinator"}[39m
[08:33:33] [32mINFO[39m: [36mplugin job scheduler started[39m [90m{"service":"plugin-job-scheduler","tickIntervalMs":30000,"maxConcurrentJobs":10}[39m
[08:33:33] [32mINFO[39m: [36minitializing plugin tool dispatcher[39m [90m{"service":"plugin-tool-dispatcher"}[39m
[08:33:33] [32mINFO[39m: [36mplugin-loader: loading all ready plugins[39m [90m{"service":"plugin-loader"}[39m
[08:33:33] [33mWARN[39m: [36mRequested port is busy; using next free port (requestedPort=3100, selectedPort=3101)[39m
[08:33:33] [32mINFO[39m: [36mAutomatic database backups enabled[39m [90m{"intervalMinutes":60,"retentionDays":30,"backupDir":"/Users/james/.paperclip/instances/default/data/backups"}[39m
[08:33:33] [32mINFO[39m: [36mServer listening on 0.0.0.0:3101[39m
[08:33:33] [32mINFO[39m: [36mloaded tools from ready plugins[39m [90m{"service":"plugin-tool-dispatcher","readyPlugins":0,"registeredTools":0}[39m
[08:33:33] [32mINFO[39m: [36mplugin tool dispatcher initialized[39m [90m{"service":"plugin-tool-dispatcher","totalTools":0}[39m
[08:33:33] [32mINFO[39m: [36mplugin-loader: no ready plugins to load[39m [90m{"service":"plugin-loader"}[39m
[08:45:33] [32mINFO[39m: [36mheartbeat timer tick enqueued runs[39m [90m{"checked":1,"enqueued":1,"skipped":0}[39m
[09:33:33] [32mINFO[39m: [36mAutomatic database backup complete: /Users/james/.paperclip/instances/default/data/backups/paperclip-20260323-203333.sql (4.9M)[39m [90m{"backupFile":"/Users/james/.paperclip/instances/default/data/backups/paperclip-20260323-203333.sql","sizeBytes":5097252,"prunedCount":0,"backupDir":"/Users/james/.paperclip/instances/default/data/backups","retentionDays":30}[39m
8:45:54 PM [tsx] change in ./src/services/workflows.ts Restarting...
c[09:45:56] [33mWARN[39m: [36mEmbedded PostgreSQL already running; reusing existing process (pid=37968, port=54329)[39m
[09:45:57] [32mINFO[39m: [36mEmbedded PostgreSQL ready[39m
[09:45:57] [32mINFO[39m: [36mAuthenticated mode auth origin configuration[39m [90m{"authBaseUrlMode":"auto","authPublicBaseUrl":null,"trustedOrigins":["https://zifeis-mac-mini.tailf9f88d.ts.net","http://zifeis-mac-mini.tailf9f88d.ts.net"],"trustedOriginsSource":{"derived":2,"env":0}}[39m

[36m██████╗  █████╗ ██████╗ ███████╗██████╗  ██████╗██╗     ██╗██████╗ [0m
[36m██╔══██╗██╔══██╗██╔══██╗██╔════╝██╔══██╗██╔════╝██║     ██║██╔══██╗[0m
[36m██████╔╝███████║██████╔╝█████╗  ██████╔╝██║     ██║     ██║██████╔╝[0m
[36m██╔═══╝ ██╔══██║██╔═══╝ ██╔══╝  ██╔══██╗██║     ██║     ██║██╔═══╝ [0m
[36m██║     ██║  ██║██║     ███████╗██║  ██║╚██████╗███████╗██║██║     [0m
[36m╚═╝     ╚═╝  ╚═╝╚═╝     ╚══════╝╚═╝  ╚═╝ ╚═════╝╚══════╝╚═╝╚═╝     [0m
[34m  ───────────────────────────────────────────────────────[0m
[2mMode            [0m [32membedded-postgres[0m  |  [35mstatic-ui[0m
[2mDeploy          [0m authenticated (private)
[2mAuth            [0m [32mready[0m
[2mServer          [0m 3101 [2m(requested 3100)[0m
[2mAPI             [0m http://localhost:3101/api [2m(health: http://localhost:3101/api/health)[0m
[2mUI              [0m http://localhost:3101
[2mDatabase        [0m /Users/james/.paperclip/instances/default/db [2m(pg:54329)[0m
[2mMigrations      [0m already applied
[2mAgent JWT       [0m [32mset[0m
[2mHeartbeat       [0m enabled [2m(30000ms)[0m
[2mDB Backup       [0m enabled [2m(every 60m, keep 30d)[0m
[2mBackup Dir      [0m /Users/james/.paperclip/instances/default/data/backups
[2mConfig          [0m /Users/james/.paperclip/instances/default/config.json
[34m  ───────────────────────────────────────────────────────[0m

[09:45:57] [32mINFO[39m: [36mplugin job coordinator started — listening to lifecycle events[39m [90m{"service":"plugin-job-coordinator"}[39m
[09:45:57] [32mINFO[39m: [36mplugin job scheduler started[39m [90m{"service":"plugin-job-scheduler","tickIntervalMs":30000,"maxConcurrentJobs":10}[39m
[09:45:57] [32mINFO[39m: [36minitializing plugin tool dispatcher[39m [90m{"service":"plugin-tool-dispatcher"}[39m
[09:45:57] [32mINFO[39m: [36mplugin-loader: loading all ready plugins[39m [90m{"service":"plugin-loader"}[39m
[09:45:57] [33mWARN[39m: [36mRequested port is busy; using next free port (requestedPort=3100, selectedPort=3101)[39m
[09:45:57] [32mINFO[39m: [36mAutomatic database backups enabled[39m [90m{"intervalMinutes":60,"retentionDays":30,"backupDir":"/Users/james/.paperclip/instances/default/data/backups"}[39m
[09:45:57] [32mINFO[39m: [36mServer listening on 0.0.0.0:3101[39m
[09:45:57] [32mINFO[39m: [36mloaded tools from ready plugins[39m [90m{"service":"plugin-tool-dispatcher","readyPlugins":0,"registeredTools":0}[39m
[09:45:57] [32mINFO[39m: [36mplugin tool dispatcher initialized[39m [90m{"service":"plugin-tool-dispatcher","totalTools":0}[39m
[09:45:57] [32mINFO[39m: [36mplugin-loader: no ready plugins to load[39m [90m{"service":"plugin-loader"}[39m
[09:46:27] [32mINFO[39m: [36mheartbeat timer tick enqueued runs[39m [90m{"checked":1,"enqueued":1,"skipped":0}[39m
[09:46:45] [32mINFO[39m: [36mGET /issues/8fc6b4d4-6e3e-43bb-9cac-d82fa67de990/comments 200[39m
8:46:58 PM [tsx] change in ./src/services/workflows.ts Restarting...
c[09:47:01] [33mWARN[39m: [36mEmbedded PostgreSQL already running; reusing existing process (pid=37968, port=54329)[39m

[36m██████╗  █████╗ ██████╗ ███████╗██████╗  ██████╗██╗     ██╗██████╗ [0m
[36m██╔══██╗██╔══██╗██╔══██╗██╔════╝██╔══██╗██╔════╝██║     ██║██╔══██╗[0m
[36m██████╔╝███████║██████╔╝█████╗  ██████╔╝██║     ██║     ██║██████╔╝[0m
[36m██╔═══╝ ██╔══██║██╔═══╝ ██╔══╝  ██╔══██╗██║     ██║     ██║██╔═══╝ [0m
[36m██║     ██║  ██║██║     ███████╗██║  ██║╚██████╗███████╗██║██║     [0m
[36m╚═╝     ╚═╝  ╚═╝╚═╝     ╚══════╝╚═╝  ╚═╝ ╚═════╝╚══════╝╚═╝╚═╝     [0m
[34m  ───────────────────────────────────────────────────────[0m
[2mMode            [0m [32membedded-postgres[0m  |  [35mstatic-ui[0m
[2mDeploy          [0m authenticated (private)
[2mAuth            [0m [32mready[0m
[2mServer          [0m 3101 [2m(requested 3100)[0m
[2mAPI             [0m http://localhost:3101/api [2m(health: http://localhost:3101/api/health)[0m
[2mUI              [0m http://localhost:3101
[2mDatabase        [0m /Users/james/.paperclip/instances/default/db [2m(pg:54329)[0m
[2mMigrations      [0m already applied
[2mAgent JWT       [0m [32mset[0m
[2mHeartbeat       [0m enabled [2m(30000ms)[0m
[2mDB Backup       [0m enabled [2m(every 60m, keep 30d)[0m
[2mBackup Dir      [0m /Users/james/.paperclip/instances/default/data/backups
[2mConfig          [0m /Users/james/.paperclip/instances/default/config.json
[34m  ───────────────────────────────────────────────────────[0m

[09:47:01] [32mINFO[39m: [36mEmbedded PostgreSQL ready[39m
[09:47:01] [32mINFO[39m: [36mAuthenticated mode auth origin configuration[39m [90m{"authBaseUrlMode":"auto","authPublicBaseUrl":null,"trustedOrigins":["https://zifeis-mac-mini.tailf9f88d.ts.net","http://zifeis-mac-mini.tailf9f88d.ts.net"],"trustedOriginsSource":{"derived":2,"env":0}}[39m
[09:47:01] [32mINFO[39m: [36mplugin job coordinator started — listening to lifecycle events[39m [90m{"service":"plugin-job-coordinator"}[39m
[09:47:01] [32mINFO[39m: [36mplugin job scheduler started[39m [90m{"service":"plugin-job-scheduler","tickIntervalMs":30000,"maxConcurrentJobs":10}[39m
[09:47:01] [32mINFO[39m: [36minitializing plugin tool dispatcher[39m [90m{"service":"plugin-tool-dispatcher"}[39m
[09:47:01] [32mINFO[39m: [36mplugin-loader: loading all ready plugins[39m [90m{"service":"plugin-loader"}[39m
[09:47:01] [33mWARN[39m: [36mRequested port is busy; using next free port (requestedPort=3100, selectedPort=3101)[39m
[09:47:01] [32mINFO[39m: [36mAutomatic database backups enabled[39m [90m{"intervalMinutes":60,"retentionDays":30,"backupDir":"/Users/james/.paperclip/instances/default/data/backups"}[39m
[09:47:01] [32mINFO[39m: [36mServer listening on 0.0.0.0:3101[39m
[09:47:01] [32mINFO[39m: [36mloaded tools from ready plugins[39m [90m{"service":"plugin-tool-dispatcher","readyPlugins":0,"registeredTools":0}[39m
[09:47:01] [32mINFO[39m: [36mplugin tool dispatcher initialized[39m [90m{"service":"plugin-tool-dispatcher","totalTools":0}[39m
[09:47:01] [32mINFO[39m: [36mplugin-loader: no ready plugins to load[39m [90m{"service":"plugin-loader"}[39m
8:47:22 PM [tsx] change in ./src/services/workflows.ts Restarting...
c[09:47:24] [33mWARN[39m: [36mEmbedded PostgreSQL already running; reusing existing process (pid=37968, port=54329)[39m
[09:47:24] [32mINFO[39m: [36mEmbedded PostgreSQL ready[39m
[09:47:24] [32mINFO[39m: [36mAuthenticated mode auth origin configuration[39m [90m{"authBaseUrlMode":"auto","authPublicBaseUrl":null,"trustedOrigins":["https://zifeis-mac-mini.tailf9f88d.ts.net","http://zifeis-mac-mini.tailf9f88d.ts.net"],"trustedOriginsSource":{"derived":2,"env":0}}[39m

[36m██████╗  █████╗ ██████╗ ███████╗██████╗  ██████╗██╗     ██╗██████╗ [0m
[36m██╔══██╗██╔══██╗██╔══██╗██╔════╝██╔══██╗██╔════╝██║     ██║██╔══██╗[0m
[36m██████╔╝███████║██████╔╝█████╗  ██████╔╝██║     ██║     ██║██████╔╝[0m
[36m██╔═══╝ ██╔══██║██╔═══╝ ██╔══╝  ██╔══██╗██║     ██║     ██║██╔═══╝ [0m
[36m██║     ██║  ██║██║     ███████╗██║  ██║╚██████╗███████╗██║██║     [0m
[36m╚═╝     ╚═╝  ╚═╝╚═╝     ╚══════╝╚═╝  ╚═╝ ╚═════╝╚══════╝╚═╝╚═╝     [0m
[34m  ───────────────────────────────────────────────────────[0m
[2mMode            [0m [32membedded-postgres[0m  |  [35mstatic-ui[0m
[2mDeploy          [0m authenticated (private)
[2mAuth            [0m [32mready[0m
[2mServer          [0m 3100
[2mAPI             [0m http://localhost:3100/api [2m(health: http://localhost:3100/api/health)[0m
[2mUI              [0m http://localhost:3100
[2mDatabase        [0m /Users/james/.paperclip/instances/default/db [2m(pg:54329)[0m
[2mMigrations      [0m already applied
[2mAgent JWT       [0m [32mset[0m
[2mHeartbeat       [0m enabled [2m(30000ms)[0m
[2mDB Backup       [0m enabled [2m(every 60m, keep 30d)[0m
[2mBackup Dir      [0m /Users/james/.paperclip/instances/default/data/backups
[2mConfig          [0m /Users/james/.paperclip/instances/default/config.json
[34m  ───────────────────────────────────────────────────────[0m

[09:47:24] [32mINFO[39m: [36mplugin job coordinator started — listening to lifecycle events[39m [90m{"service":"plugin-job-coordinator"}[39m
[09:47:24] [32mINFO[39m: [36mplugin job scheduler started[39m [90m{"service":"plugin-job-scheduler","tickIntervalMs":30000,"maxConcurrentJobs":10}[39m
[09:47:24] [32mINFO[39m: [36minitializing plugin tool dispatcher[39m [90m{"service":"plugin-tool-dispatcher"}[39m
[09:47:24] [32mINFO[39m: [36mplugin-loader: loading all ready plugins[39m [90m{"service":"plugin-loader"}[39m
[09:47:24] [32mINFO[39m: [36mAutomatic database backups enabled[39m [90m{"intervalMinutes":60,"retentionDays":30,"backupDir":"/Users/james/.paperclip/instances/default/data/backups"}[39m
[09:47:24] [32mINFO[39m: [36mServer listening on 0.0.0.0:3100[39m
[09:47:24] [32mINFO[39m: [36mloaded tools from ready plugins[39m [90m{"service":"plugin-tool-dispatcher","readyPlugins":0,"registeredTools":0}[39m
[09:47:24] [32mINFO[39m: [36mplugin tool dispatcher initialized[39m [90m{"service":"plugin-tool-dispatcher","totalTools":0}[39m
[09:47:24] [32mINFO[39m: [36mplugin-loader: no ready plugins to load[39m [90m{"service":"plugin-loader"}[39m
